HPI,Treatment,Name,Target,Baseline,n_replicates,Samples,mean_log_MNE_fc,MNE_fc_global,se_log_MNE_fc,se_MNE_fc_global
0,Mock,0hpi-Mock,FRK1,Mock,3,"16,61,113",0,1,0,0
0,Mock,0hpi-Mock,FRK1,Time0,3,"16,61,113",0,1,0,0
0,Mock,0hpi-Mock,NHL10,Mock,3,"16,113,61",0,1,0,0
0,Mock,0hpi-Mock,NHL10,Time0,3,"16,113,61",0,1,0,0
0,Mock,0hpi-Mock,PAD3,Mock,3,"16,113,61",0,1,0,0
0,Mock,0hpi-Mock,PAD3,Time0,3,"16,113,61",0,1,0,0
0,Mock,0hpi-Mock,PDF1.2,Mock,3,"16,61,113",0,1,0,0
0,Mock,0hpi-Mock,PDF1.2,Time0,3,"16,61,113",0,1,0,0
0,Mock,0hpi-Mock,PR1,Mock,1,16,0,1,NA,NA
0,Mock,0hpi-Mock,PR1,Time0,1,16,0,1,NA,NA
0,Mock,0hpi-Mock,WRKY29,Mock,3,"16,61,113",0,1,0,0
0,Mock,0hpi-Mock,WRKY29,Time0,3,"16,61,113",0,1,0,0
0,OBC,0hpi-OBC,FRK1,Mock,3,"31,64,119",-0.6611530830527758,0.5162557054479661,0.7315514844301304,0.5566798496704014
0,OBC,0hpi-OBC,FRK1,Time0,3,"31,64,119",0,1,0,0
0,OBC,0hpi-OBC,NHL10,Mock,3,"31,119,64",-0.42452395074130206,0.6540810858427752,0.06638599127479283,0.044895552067629636
0,OBC,0hpi-OBC,NHL10,Time0,3,"31,119,64",0,1,0,0
0,OBC,0hpi-OBC,PAD3,Mock,3,"31,119,64",-0.49728821122768235,0.6081776749150575,0.4440058630952735,0.3399346020409941
0,OBC,0hpi-OBC,PAD3,Time0,3,"31,119,64",0,1,0,0
0,OBC,0hpi-OBC,PDF1.2,Mock,3,"31,64,119",1.4094323319127957,4.0936309207316,0.21127117792240419,0.9630155453145219
0,OBC,0hpi-OBC,PDF1.2,Time0,3,"31,64,119",0,1,0,0
0,OBC,0hpi-OBC,PR1,Mock,1,31,-6.931023905921491,9.77e-4,NA,NA
0,OBC,0hpi-OBC,PR1,Time0,1,31,0,1,NA,NA
0,OBC,0hpi-OBC,WRKY29,Mock,3,"31,64,119",0.18165597049861643,1.1992015621897023,0.49052537228463355,0.7593032726858985
0,OBC,0hpi-OBC,WRKY29,Time0,3,"31,64,119",0,1,0,0
0,WT,0hpi-WT,FRK1,Mock,3,"1,49,94",-0.7007378979089167,0.4962190096945875,0.9459306166503845,0.7816485488091321
0,WT,0hpi-WT,FRK1,Time0,3,"1,49,94",0,1,0,0
0,WT,0hpi-WT,NHL10,Mock,3,"1,94,49",-0.19795620185487586,0.8204057846025742,0.44239412529632977,0.45649760939314127
0,WT,0hpi-WT,NHL10,Time0,3,"1,94,49",0,1,0,0
0,WT,0hpi-WT,PAD3,Mock,3,"1,94,49",-0.6642236706113912,0.5146729283731523,1.4614076778585496,1.7046097087806462
0,WT,0hpi-WT,PAD3,Time0,3,"1,94,49",0,1,0,0
0,WT,0hpi-WT,PDF1.2,Mock,3,"1,49,94",0.0024370482802858655,1.002440020296271,0.7036113165435097,1.023529506861438
0,WT,0hpi-WT,PDF1.2,Time0,3,"1,49,94",0,1,0,0
0,WT,0hpi-WT,PR1,Mock,3,1,-4.958889929407883,0.007020717000000002,NA,NA
0,WT,0hpi-WT,PR1,Time0,3,"1,49,94",0,1,0,0
0,WT,0hpi-WT,WRKY29,Mock,3,"1,49,94",0.0039129608691492,1.0039206264957021,0.6971342546539101,1.011942018656563
0,WT,0hpi-WT,WRKY29,Time0,3,"1,49,94",0,1,0,0
0,rmlC,0hpi-rmlC,FRK1,Mock,3,"17,80,109",-0.5218122637701572,0.5934440956229046,1.2978860601477673,1.579480057360328
0,rmlC,0hpi-rmlC,FRK1,Time0,3,"17,80,109",0,1,0,0
0,rmlC,0hpi-rmlC,NHL10,Mock,3,"17,109,80",-0.8496353341456773,0.42757082400256297,0.7154204244431056,0.4468313029056555
0,rmlC,0hpi-rmlC,NHL10,Time0,3,"17,109,80",0,1,0,0
0,rmlC,0hpi-rmlC,PAD3,Mock,3,"17,109,80",0.543987425795847,1.7228629722439446,0.5547212758815087,1.2774262807274437
0,rmlC,0hpi-rmlC,PAD3,Time0,3,"17,109,80",0,1,0,0
0,rmlC,0hpi-rmlC,PDF1.2,Mock,3,"17,80,109",1.3696755124023108,3.934073930135696,0.6519342575150647,3.6163957447287425
0,rmlC,0hpi-rmlC,PDF1.2,Time0,3,"17,80,109",0,1,0,0
0,rmlC,0hpi-rmlC,PR1,Mock,3,17,-1.0730457897349774,0.341965375,NA,NA
0,rmlC,0hpi-rmlC,PR1,Time0,3,"17,80,109",0,1,0,0
0,rmlC,0hpi-rmlC,WRKY29,Mock,3,"17,80,109",0.11218766627403731,1.118722787483543,1.1178230036402503,2.3025432532267907
0,rmlC,0hpi-rmlC,WRKY29,Time0,3,"17,80,109",0,1,0,0
0,tagG,0hpi-tagG,FRK1,Mock,3,"32,51,97",-0.6926258720230788,0.5002607222208885,1.0410422039492453,0.9165612729759811
0,tagG,0hpi-tagG,FRK1,Time0,3,"32,51,97",0,1,0,0
0,tagG,0hpi-tagG,NHL10,Mock,3,"32,97,51",-0.13848094935863034,0.8706798381204646,0.41486347795417394,0.44767223683080526
0,tagG,0hpi-tagG,NHL10,Time0,3,"32,97,51",0,1,0,0
0,tagG,0hpi-tagG,PAD3,Mock,3,"32,97,51",1.5886670576699755,4.89721686820111,1.312806656029089,13.303731733535983
0,tagG,0hpi-tagG,PAD3,Time0,3,"32,97,51",0,1,0,0
0,tagG,0hpi-tagG,PDF1.2,Mock,3,"32,51,97",1.5457429772291125,4.691455977427836,2.3443947090453707,44.22616536768677
0,tagG,0hpi-tagG,PDF1.2,Time0,3,"32,51,97",0,1,0,0
0,tagG,0hpi-tagG,PR1,Mock,3,32,-7.091678117143066,8.319999999999997e-4,NA,NA
0,tagG,0hpi-tagG,PR1,Time0,3,"32,51,97",0,1,0,0
0,tagG,0hpi-tagG,WRKY29,Mock,3,"32,51,97",0.3417966879350864,1.407474111954586,0.35530106956515217,0.6004426695567708
0,tagG,0hpi-tagG,WRKY29,Time0,3,"32,51,97",0,1,0,0
0,wfgD,0hpi-wfgD,FRK1,Mock,3,"18,60,128",0.5624623338304239,1.7549885520189419,0.8669018534845191,2.4210546144078693
0,wfgD,0hpi-wfgD,FRK1,Time0,3,"18,60,128",0,1,0,0
0,wfgD,0hpi-wfgD,NHL10,Mock,3,"18,128,60",0.01702163729778524,1.0171673308395723,0.7264944259436367,1.086150596383165
0,wfgD,0hpi-wfgD,NHL10,Time0,3,"18,128,60",0,1,0,0
0,wfgD,0hpi-wfgD,PAD3,Mock,3,"18,128,60",1.0082155951650669,2.7407061198270646,1.0392675682001917,5.007669030528149
0,wfgD,0hpi-wfgD,PAD3,Time0,3,"18,128,60",0,1,0,0
0,wfgD,0hpi-wfgD,PDF1.2,Mock,3,"18,60,128",-0.5988246967343968,0.5494570353977906,1.1299213261897973,1.1513393943713885
0,wfgD,0hpi-wfgD,PDF1.2,Time0,3,"18,60,128",0,1,0,0
0,wfgD,0hpi-wfgD,PR1,Mock,3,18,1.1648434998347557,3.205421195,NA,NA
0,wfgD,0hpi-wfgD,PR1,Time0,3,"18,60,128",0,1,0,0
0,wfgD,0hpi-wfgD,WRKY29,Mock,3,"18,60,128",0.4919277290409508,1.635465918243639,0.815100291953551,2.0597094749850613
0,wfgD,0hpi-wfgD,WRKY29,Time0,3,"18,60,128",0,1,0,0
2,Mock,2hpi-Mock,FRK1,Mock,3,"19,57,120",0,1,0,0
2,Mock,2hpi-Mock,FRK1,Time0,3,"19,57,120",1.3694263538348015,3.933093844014285,0.47441654464840005,2.387687927183917
2,Mock,2hpi-Mock,NHL10,Mock,3,"19,120,57",0,1,0,0
2,Mock,2hpi-Mock,NHL10,Time0,3,"19,120,57",-1.368812600819465,0.2544088651541015,0.9101225126940952,0.37770224813295045
2,Mock,2hpi-Mock,PAD3,Mock,3,"19,120,57",0,1,0,0
2,Mock,2hpi-Mock,PAD3,Time0,3,"19,120,57",-0.35043586240099867,0.7043810096031732,0.3184624854636609,0.26415135743068363
2,Mock,2hpi-Mock,PDF1.2,Mock,3,"19,57,120",0,1,0,0
2,Mock,2hpi-Mock,PDF1.2,Time0,3,"19,57,120",-0.35648966541059735,0.7001297069852831,0.34107050776410086,0.28456940194225133
2,Mock,2hpi-Mock,PR1,Mock,3,"19,57,120",0,1,0,0
2,Mock,2hpi-Mock,PR1,Time0,3,19,-2.5368847554473786,0.079112471,NA,NA
2,Mock,2hpi-Mock,WRKY29,Mock,3,"19,57,120",0,1,0,0
2,Mock,2hpi-Mock,WRKY29,Time0,3,"19,57,120",0.6648071299170418,1.9441155234527683,0.660262647872421,1.8183323576839034
2,OBC,2hpi-OBC,FRK1,Mock,3,"33,69,95",0.24575925334944915,1.2785917198118812,0.36496160959090573,0.5631668560583211
2,OBC,2hpi-OBC,FRK1,Time0,3,"33,69,95",2.276338690969029,9.740950410450656,0.17995844343212689,1.9205999301715702
2,OBC,2hpi-OBC,NHL10,Mock,3,"33,95,69",1.0065923840377369,2.7362609838297356,0.9623080927354541,4.426535512077242
2,OBC,2hpi-OBC,NHL10,Time0,3,"33,95,69",0.06230373242647986,1.0642855536747151,0.07247369652782537,0.07999651827452443
2,OBC,2hpi-OBC,PAD3,Mock,3,"33,95,69",1.7390775454653828,5.692090305649785,0.46281636679515514,3.350031973652452
2,OBC,2hpi-OBC,PAD3,Time0,3,"33,95,69",1.885929893278975,6.592481897241826,0.23219804577401781,1.723073782908387
2,OBC,2hpi-OBC,PDF1.2,Mock,3,"33,69,95",1.1989126758622861,3.316508841398867,0.5758953454447332,2.5826396753822687
2,OBC,2hpi-OBC,PDF1.2,Time0,3,"33,69,95",-0.5670093196519168,0.567219276116037,0.8941771540203193,0.8198149735473522
2,OBC,2hpi-OBC,PR1,Mock,3,"33,69,95",0.05667304095144943,1.058309729879152,0.40846330911547357,0.5339215450486583
2,OBC,2hpi-OBC,PR1,Time0,3,33,5.120902303204696,167.48642499999994,NA,NA
2,OBC,2hpi-OBC,WRKY29,Mock,3,"33,69,95",0.39016905487027187,1.4772305057860584,0.08898178738453616,0.1374721767969971
2,OBC,2hpi-OBC,WRKY29,Time0,3,"33,69,95",0.8733202140906098,2.394849079585725,0.33028431873296804,0.9372569080851684
2,WT,2hpi-WT,FRK1,Mock,3,"2,75,101",0.9986319467413068,2.714565616712966,0.4662941680471624,1.6126578939518803
2,WT,2hpi-WT,FRK1,Time0,3,"2,75,101",3.068796197682946,21.51598608500377,0.6973444157757684,21.696980967336827
2,WT,2hpi-WT,NHL10,Mock,3,"2,101,75",0.9005950355008222,2.461067097844851,0.6652208969325605,2.325511770104746
2,WT,2hpi-WT,NHL10,Time0,3,"2,101,75",-0.2702613652948259,0.7631799995019006,0.8949944421952646,1.104567346477039
2,WT,2hpi-WT,PAD3,Mock,3,"2,101,75",1.119328662996929,3.062797343757523,1.5113712748904922,10.82068673483173
2,WT,2hpi-WT,PAD3,Time0,3,"2,101,75",1.4331164675451826,4.191742285968986,0.8538014093642011,5.652806477008472
2,WT,2hpi-WT,PDF1.2,Mock,3,"2,75,101",-0.16563169279992737,0.8473582648742927,0.689138345964279,0.8405780261281091
2,WT,2hpi-WT,PDF1.2,Time0,3,"2,75,101",-0.5245584061519134,0.5918166492631776,0.17973586695564037,0.11652939671018127
2,WT,2hpi-WT,PR1,Mock,3,"2,75,101",1.6997108089635555,5.472364604082574,1.0966488721953447,10.91252723902248
2,WT,2hpi-WT,PR1,Time0,3,"2,75,101",2.3447366672888457,10.430525667266647,1.9033364273431814,59.539930249937996
2,WT,2hpi-WT,WRKY29,Mock,3,"2,75,101",0.031795427010913264,1.032306301716785,0.0521615838434403,0.055275836860106814
2,WT,2hpi-WT,WRKY29,Time0,3,"2,75,101",0.6926895952825719,1.9990850387976058,0.2910737290232326,0.6754173075867685
2,rmlC,2hpi-rmlC,FRK1,Mock,3,"34,82,122",1.2732218580553076,3.5723436252139043,0.5768168031951063,2.7877217807161254
2,rmlC,2hpi-rmlC,FRK1,Time0,3,"34,82,122",3.164460477207526,23.675966862597516,1.2857950469730965,61.972859689949736
2,rmlC,2hpi-rmlC,NHL10,Mock,3,"34,122,82",1.6861796475492696,5.398815877334182,0.10954828383517408,0.625042204239953
2,rmlC,2hpi-rmlC,NHL10,Time0,3,"34,122,82",1.1670023787365007,3.2123487864139113,0.34531900951744454,1.3249025139601844
2,rmlC,2hpi-rmlC,PAD3,Mock,3,"34,122,82",2.2045768963259227,9.066414722842094,0.9439816265316414,14.236035687262696
2,rmlC,2hpi-rmlC,PAD3,Time0,3,"34,122,82",1.310153607607896,3.706743052414952,0.887028479695958,5.292874545417956
2,rmlC,2hpi-rmlC,PDF1.2,Mock,3,"34,82,122",-0.08795993108630866,0.915797571002002,0.8755904326864066,1.2823840915745357
2,rmlC,2hpi-rmlC,PDF1.2,Time0,3,"34,82,122",-1.814125106735868,0.16298043651875135,0.9527307890361238,0.25959203456597335
2,rmlC,2hpi-rmlC,PR1,Mock,2,"82,122",1.7157099005641978,5.560621599941887,0.23134438985454664,1.4473919730581135
2,rmlC,2hpi-rmlC,PR1,Time0,2,"82,122",0.6841048083635308,1.981996774209891,0.8830021174274953,2.810765525790109
2,rmlC,2hpi-rmlC,WRKY29,Mock,3,"34,82,122",0.4771975621112748,1.6115517941811308,0.729891270943927,1.7321845011298724
2,rmlC,2hpi-rmlC,WRKY29,Time0,3,"34,82,122",1.0298170253684398,2.8005533575965833,1.1694286277701198,6.217654718377409
2,tagG,2hpi-tagG,FRK1,Mock,3,"20,87,118",0.11434897895666582,1.1211433120454497,0.446208472494366,0.6305053752393703
2,tagG,2hpi-tagG,FRK1,Time0,3,"20,87,118",2.1764012071858376,8.814527452293314,0.6276931978015303,7.697588391156864
2,tagG,2hpi-tagG,NHL10,Mock,3,"20,118,87",1.5983427413462745,4.944830766558973,0.8081063910231504,6.149665265439345
2,tagG,2hpi-tagG,NHL10,Time0,3,"20,118,87",0.36801108749918343,1.4448580587476159,0.7958890139997963,1.7575405731962124
2,tagG,2hpi-tagG,PAD3,Mock,3,"20,118,87",0.15835159968958257,1.1715780487778171,0.6523259557365939,1.0778535362554515
2,tagG,2hpi-tagG,PAD3,Time0,3,"20,118,87",-1.7807513184307067,0.1685114939048934,0.5506986717761689,0.12376569595466712
2,tagG,2hpi-tagG,PDF1.2,Mock,3,"20,87,118",-0.07384158072665789,0.928818824990096,0.8520341358000286,1.2487141106625554
2,tagG,2hpi-tagG,PDF1.2,Time0,3,"20,87,118",-1.9760742182291837,0.13861233234462592,2.040177218858371,0.9275898802600737
2,tagG,2hpi-tagG,PR1,Mock,3,"20,87,118",-0.8521107477630807,0.42651371828916135,1.4701985601606031,1.4288631007858184
2,tagG,2hpi-tagG,PR1,Time0,3,"20,87,118",0.19425890871861534,1.214410663765339,0.8731312062064124,1.6933699511884082
2,tagG,2hpi-tagG,WRKY29,Mock,3,"20,87,118",-0.6355945285592545,0.5296205201732572,0.451594287078267,0.3023150827567592
2,tagG,2hpi-tagG,WRKY29,Time0,3,"20,87,118",-0.3125840857401855,0.7315541130912899,0.7765559133835481,0.8588240520167606
2,wfgD,2hpi-wfgD,FRK1,Mock,3,"21,56,110",-0.016552078619061106,0.9835841543523303,0.3189292500641385,0.36948731604821194
2,wfgD,2hpi-wfgD,FRK1,Time0,3,"21,56,110",0.7904119418258435,2.204304284382354,0.38098804197859604,1.0222022506118296
2,wfgD,2hpi-wfgD,NHL10,Mock,3,"21,110,56",0.6555753659086567,1.9262504974665862,0.781605291122903,2.2825624892145213
2,wfgD,2hpi-wfgD,NHL10,Time0,3,"21,110,56",-0.7302588758473703,0.48178425163862026,0.6633918929486761,0.4535353549268212
2,wfgD,2hpi-wfgD,PAD3,Mock,3,"21,110,56",0.333104869778563,1.3952936149300101,1.4429494608113873,4.511211648847753
2,wfgD,2hpi-wfgD,PAD3,Time0,3,"21,110,56",-1.0255465904880878,0.3586004042582617,1.3520790068908,1.027552778876259
2,wfgD,2hpi-wfgD,PDF1.2,Mock,3,"21,56,110",-0.4617680695588833,0.6301684782474342,1.4595033442374497,2.081964154272041
2,wfgD,2hpi-wfgD,PDF1.2,Time0,3,"21,56,110",-0.21943303865467179,0.8029739241070966,0.5524047964778229,0.5921339729223674
2,wfgD,2hpi-wfgD,PR1,Mock,3,"21,56,110",-0.46110842167903404,0.6305843046824926,1.3630538668769898,1.8338084870558298
2,wfgD,2hpi-wfgD,PR1,Time0,3,"21,56,110",-2.628852079347387,0.07216125010203663,0.8116099565947069,0.09031196470542932
2,wfgD,2hpi-wfgD,WRKY29,Mock,3,"21,56,110",-0.6905470611857948,0.5013017513080863,0.47367320808029045,0.3037297638175397
2,wfgD,2hpi-wfgD,WRKY29,Time0,3,"21,56,110",-0.5176676592787057,0.595908790752142,0.754398350949799,0.6711910405314359
6,Mock,6hpi-Mock,FRK1,Mock,3,"3,63,100",0,1,0,0
6,Mock,6hpi-Mock,FRK1,Time0,3,"3,63,100",0.7879458429299702,2.198874949410566,0.955151997884969,3.5161453021173785
6,Mock,6hpi-Mock,NHL10,Mock,3,"3,100,63",0,1,0,0
6,Mock,6hpi-Mock,NHL10,Time0,3,"3,100,63",-0.08023850805887056,0.9228962019529018,0.7852441211576862,1.1009618430527586
6,Mock,6hpi-Mock,PAD3,Mock,3,"3,100,63",0,1,0,0
6,Mock,6hpi-Mock,PAD3,Time0,3,"3,100,63",1.5225062892232097,4.5836988860628,0.6147200201107851,3.892196596414847
6,Mock,6hpi-Mock,PDF1.2,Mock,3,"3,63,100",0,1,0,0
6,Mock,6hpi-Mock,PDF1.2,Time0,3,"3,63,100",1.2467801095003108,3.479122509333798,0.17192848589600085,0.6526586828418468
6,Mock,6hpi-Mock,PR1,Mock,3,"3,63,100",0,1,0,0
6,Mock,6hpi-Mock,PR1,Time0,3,3,-3.2011603742105748,0.04071493200000001,NA,NA
6,Mock,6hpi-Mock,WRKY29,Mock,3,"3,63,100",0,1,0,0
6,Mock,6hpi-Mock,WRKY29,Time0,3,"3,63,100",0.8792489158226926,2.4090895976517657,0.690047820249567,2.3941794421931966
6,OBC,6hpi-OBC,FRK1,Mock,3,"5,66,124",0.2418931725844709,1.2736581239427327,0.6015590011728831,1.0507191726807281
6,OBC,6hpi-OBC,FRK1,Time0,3,"5,66,124",1.6909920998919208,5.424860039330249,0.05353472072561542,0.29833269847680344
6,OBC,6hpi-OBC,NHL10,Mock,3,"5,124,66",-0.415723601403999,0.6598626303858098,0.7363531960443018,0.7181324392063064
6,OBC,6hpi-OBC,NHL10,Time0,3,"5,124,66",-0.07143815817362109,0.9310538538853134,0.5336145194796326,0.6564714026806626
6,OBC,6hpi-OBC,PAD3,Mock,3,"5,124,66",-0.09796853292975677,0.9066774337875372,0.5120036853826231,0.6062328746704295
6,OBC,6hpi-OBC,PAD3,Time0,3,"5,124,66",1.9218259669998596,6.833424692355359,0.9118416029722186,10.174298902209912
6,OBC,6hpi-OBC,PDF1.2,Mock,3,"5,66,124",0.04721253590464629,1.0483447963133397,0.36832497688566684,0.4668401568263054
6,OBC,6hpi-OBC,PDF1.2,Time0,3,"5,66,124",-0.11543968586781768,0.8909743089587616,0.7507196285763833,0.9965761645372797
6,OBC,6hpi-OBC,PR1,Mock,3,"5,66,124",-0.38304606074966235,0.6817814951959735,0.625496152655826,0.5925861511202347
6,OBC,6hpi-OBC,PR1,Time0,3,5,4.335556359885226,76.36743485000002,NA,NA
6,OBC,6hpi-OBC,WRKY29,Mock,3,"5,66,124",-0.5635233313218623,0.5692000463582554,0.05730451321733591,0.03357041362428065
6,OBC,6hpi-OBC,WRKY29,Time0,3,"5,66,124",0.1340696139052347,1.1434724184545995,0.33610632694017967,0.45680330385928086
6,WT,6hpi-WT,FRK1,Mock,3,"4,83,116",0.9569134930267251,2.603647881453032,0.5887984560624352,2.087662531080473
6,WT,6hpi-WT,FRK1,Time0,3,"4,83,116",2.4455972333626077,11.537438084560472,0.5132362904058452,7.7380361695237285
6,WT,6hpi-WT,NHL10,Mock,3,"4,116,83",-0.2721048190410902,0.7617744084418517,0.9911367517971591,1.290670935055747
6,WT,6hpi-WT,NHL10,Time0,3,"4,116,83",-0.15438712431774249,0.8569402143945526,0.0466802604757061,0.040950547710585004
6,WT,6hpi-WT,PAD3,Mock,3,"4,116,83",0.24518321650969024,1.2778554159676885,0.07306137102159294,0.0968570416697093
6,WT,6hpi-WT,PAD3,Time0,3,"4,116,83",2.43191317335744,11.380634391904142,1.1072780572539866,23.058420279297383
6,WT,6hpi-WT,PDF1.2,Mock,3,"4,83,116",0.20976808641438408,1.233391986427814,0.3139876150083235,0.4549647345195773
6,WT,6hpi-WT,PDF1.2,Time0,3,"4,83,116",1.454111147433861,4.280676883474901,0.7400857368719546,4.692115088813894
6,WT,6hpi-WT,PR1,Mock,3,"4,83,116",1.0640851679384804,2.8981864170633753,1.0499900453462654,5.383736793925081
6,WT,6hpi-WT,PR1,Time0,3,"4,83,116",0.7352983672473048,2.086104324863615,2.717589434636548,29.505386349843235
6,WT,6hpi-WT,WRKY29,Mock,3,"4,83,116",0.005362794049560563,1.0053771995693357,0.30073625170080315,0.3527396160162536
6,WT,6hpi-WT,WRKY29,Time0,3,"4,83,116",0.88069874838543,2.412584907391666,0.3186063002233334,0.9052254970222453
6,rmlC,6hpi-rmlC,FRK1,Mock,3,"37,86,115",1.184264273818663,3.268281376523361,0.6005253576104029,2.690044994603453
6,rmlC,6hpi-rmlC,FRK1,Time0,3,"37,86,115",2.494022382398048,12.109888889237933,0.8916200109183021,17.427072080033707
6,rmlC,6hpi-rmlC,NHL10,Mock,3,"37,115,86",0.03449928869893733,1.0351012921072034,0.8093235972041735,1.2901378391478497
6,rmlC,6hpi-rmlC,NHL10,Time0,3,"37,115,86",0.8038961155653841,2.2342288066440568,1.1241756845386408,4.642009881222265
6,rmlC,6hpi-rmlC,PAD3,Mock,3,"37,115,86",0.7564174484264372,2.130629441327398,0.47773389695268176,1.3048323213929205
6,rmlC,6hpi-rmlC,PAD3,Time0,3,"37,115,86",1.7349363115777696,5.668566770234369,0.5426010256661384,4.08406659460564
6,rmlC,6hpi-rmlC,PDF1.2,Mock,3,"37,86,115",-0.23952179188691294,0.7870041228502441,1.0644253758487963,1.4946566431821124
6,rmlC,6hpi-rmlC,PDF1.2,Time0,3,"37,86,115",-0.3624171951178811,0.6959919428234029,0.5405131338152668,0.498948013895222
6,rmlC,6hpi-rmlC,PR1,Mock,1,115,2.2118277119750283,9.132392532,NA,NA
6,rmlC,6hpi-rmlC,PR1,Time0,1,115,-2.8523563304233193,0.057708181,NA,NA
6,rmlC,6hpi-rmlC,WRKY29,Mock,3,"37,86,115",0.3286969012508708,1.389156740100777,0.5774600008222852,1.0856366210058348
6,rmlC,6hpi-rmlC,WRKY29,Time0,3,"37,86,115",1.0957581505324356,2.9914497931329604,0.8859597806047942,4.2637464195521195
6,tagG,6hpi-tagG,FRK1,Mock,3,"35,107",1.0904409925072622,2.975585994396198,0.1897512044340192,0.6217450607608168
6,tagG,6hpi-tagG,FRK1,Time0,3,"35,48,107",2.310037596518435,10.07480342542603,0.6177920632462023,8.612225816472636
6,tagG,6hpi-tagG,NHL10,Mock,3,"35,107",-1.5995273692684764,0.20199196304700304,0.1787773064238714,0.03954082112340265
6,tagG,6hpi-tagG,NHL10,Time0,3,"35,107,48",-0.6482869458922454,0.5229408358467709,0.6231691843796444,0.45225422897348966
6,tagG,6hpi-tagG,PAD3,Mock,3,"35,107",0.9076585071740668,2.478512314942578,0.6196153782535159,2.1270919730946396
6,tagG,6hpi-tagG,PAD3,Time0,3,"35,107,48",0.36575652493546396,1.4416042052449147,1.1176064997790214,2.966139930405201
6,tagG,6hpi-tagG,PDF1.2,Mock,3,"35,107",1.9612683488641933,7.108337201366385,0.06949812840695592,0.5115874187096305
6,tagG,6hpi-tagG,PDF1.2,Time0,3,"35,48,107",1.0242968153788488,2.7851363068044264,2.1678512162904693,21.555519521666756
6,tagG,6hpi-tagG,PR1,Mock,3,"35,107",3.7177868184201897,41.17316949721852,1.1047211619395305,83.10321348977489
6,tagG,6hpi-tagG,PR1,Time0,3,"35,48,107",2.6170768547426584,13.69563069704054,1.8391747137631578,72.468292744553
6,tagG,6hpi-tagG,WRKY29,Mock,3,"35,107",0.44659055996122604,1.562974224032251,0.9450227081268012,2.458358085833824
6,tagG,6hpi-tagG,WRKY29,Time0,3,"35,48,107",0.7285672038472788,2.072109569117439,0.15470881927875849,0.346701251914377
6,wfgD,6hpi-wfgD,FRK1,Mock,3,"36,58,91",1.5378627895265795,4.65463170537274,1.095877610510057,9.271128818454075
6,wfgD,6hpi-wfgD,FRK1,Time0,3,"36,58,91",1.7633462992087976,5.831920128405176,0.6406370498496301,5.2352529804812376
6,wfgD,6hpi-wfgD,NHL10,Mock,3,"36,91,58",0.5419979113769835,1.7194387189490719,1.2995273393676114,4.586710669575003
6,wfgD,6hpi-wfgD,NHL10,Time0,3,"36,91,58",0.444737766409362,1.5600810365354587,0.3476491693866637,0.6485810374045475
6,wfgD,6hpi-wfgD,PAD3,Mock,3,"36,91,58",1.67573661192795,5.342729218024038,0.31861930816713563,2.004739928302287
6,wfgD,6hpi-wfgD,PAD3,Time0,3,"36,91,58",2.1900273062353266,8.935457105061966,1.2233351425351466,21.431723769968364
6,wfgD,6hpi-wfgD,PDF1.2,Mock,3,"36,58,91",0.8821450684616093,2.4160768019686216,0.15181602899673216,0.3961063313043578
6,wfgD,6hpi-wfgD,PDF1.2,Time0,3,"36,58,91",2.7277498745436795,15.298424887106295,1.101579329945559,30.733225164231804
6,wfgD,6hpi-wfgD,PR1,Mock,3,"36,58,91",3.055906502902639,21.240431315053094,1.555572359347142,79.39243047222467
6,wfgD,6hpi-wfgD,PR1,Time0,3,"36,58,91",-0.08564981111195591,0.9179156187935518,1.3717031487426652,2.7005618101835074
6,wfgD,6hpi-wfgD,WRKY29,Mock,3,"36,58,91",0.02861060932910816,1.0290238241748275,0.7284506620692324,1.1029778070077874
6,wfgD,6hpi-wfgD,WRKY29,Time0,3,"36,58,91",0.4159317956019408,1.5157824823131052,0.7936455572035382,1.836285128831031
10,Mock,10hpi-Mock,FRK1,Mock,3,"6,59,106",0,1,0,0
10,Mock,10hpi-Mock,FRK1,Time0,3,"6,59,106",1.6568455854630284,5.242746936315717,0.305852865818303,1.875763187691003
10,Mock,10hpi-Mock,NHL10,Mock,3,"6,106,59",0,1,0,0
10,Mock,10hpi-Mock,NHL10,Time0,3,"6,106,59",-0.4818984588540203,0.6176097713847775,0.41025807380916085,0.31325581742948
10,Mock,10hpi-Mock,PAD3,Mock,3,"6,106,59",0,1,0,0
10,Mock,10hpi-Mock,PAD3,Time0,3,"6,106,59",2.9147993136422614,18.445110349269452,1.1051370317836986,37.2524499602066
10,Mock,10hpi-Mock,PDF1.2,Mock,3,"6,59,106",0,1,0,0
10,Mock,10hpi-Mock,PDF1.2,Time0,3,"6,59,106",1.7634503966461732,5.832527247944768,0.9480693154726507,9.21960580310593
10,Mock,10hpi-Mock,PR1,Mock,3,"6,59,106",0,1,0,0
10,Mock,10hpi-Mock,PR1,Time0,3,6,-3.195451601709566,0.040948029000000004,NA,NA
10,Mock,10hpi-Mock,WRKY29,Mock,3,"6,59,106",0,1,0,0
10,Mock,10hpi-Mock,WRKY29,Time0,3,"6,59,106",0.3330802082638363,1.3952592053002761,0.2825920086372476,0.45564118268644055
10,OBC,10hpi-OBC,FRK1,Mock,3,"22,47,90",0.2148331837147923,1.239655085060516,0.6208414547443587,1.0667144040457663
10,OBC,10hpi-OBC,FRK1,Time0,3,"22,47,90",2.5328318530726763,12.589106204884594,0.4311479449689572,6.7858206120466855
10,OBC,10hpi-OBC,NHL10,Mock,3,"22,90,47",0.35352460220027027,1.424078021973094,0.1586453190427004,0.24483064711000155
10,OBC,10hpi-OBC,NHL10,Time0,3,"22,90,47",0.29615009447427865,1.3446719695185314,0.48764914941731974,0.8451040050789399
10,OBC,10hpi-OBC,PAD3,Mock,3,"22,90,47",-0.8702707733318327,0.4188381236977728,0.409566261576653,0.21200093168791306
10,OBC,10hpi-OBC,PAD3,Time0,3,"22,90,47",2.541816751441689,12.702727719198968,0.4374639723208299,6.970933038489873
10,OBC,10hpi-OBC,PDF1.2,Mock,3,"22,47,90",0.27571580745839613,1.3174733947065926,0.6790715235562902,1.2806445903391925
10,OBC,10hpi-OBC,PDF1.2,Time0,3,"22,47,90",0.6297338724605276,1.8771109618647195,0.60126604527439,1.5475412334170526
10,OBC,10hpi-OBC,PR1,Mock,3,"22,47,90",1.7743250127528718,5.896299865602169,0.7210742380248019,6.230274230759243
10,OBC,10hpi-OBC,PR1,Time0,3,22,6.738325938795349,844.1463996000002,NA,NA
10,OBC,10hpi-OBC,WRKY29,Mock,3,"22,47,90",-0.03877778128009254,0.961964451905765,0.20445475593419393,0.21822735637000779
10,OBC,10hpi-OBC,WRKY29,Time0,3,"22,47,90",0.11264645590474869,1.119236163654908,0.22603504091045365,0.2838602197155299
10,WT,10hpi-WT,FRK1,Mock,3,"7,46,117",0.10844476473052148,1.1145433447361184,0.16950588383360363,0.20587768619112978
10,WT,10hpi-WT,FRK1,Time0,3,"7,46,117",2.46602824725389,11.77558414105156,0.70130291845829,11.968446695947337
10,WT,10hpi-WT,NHL10,Mock,3,"7,117,46",-0.24829323978726991,0.7801311442424033,1.0043471119239264,1.3497237915422768
10,WT,10hpi-WT,NHL10,Time0,3,"7,117,46",-0.5322354969227951,0.5872906147454694,0.9806536189051189,0.9785426533629997
10,WT,10hpi-WT,PAD3,Mock,3,"7,117,46",-0.6076380985042266,0.5446357270615907,0.35400192918631396,0.23133834680877488
10,WT,10hpi-WT,PAD3,Time0,3,"7,117,46",2.971384882852894,19.518932321662607,0.8560205744233674,26.42424959362918
10,WT,10hpi-WT,PDF1.2,Mock,3,"7,46,117",0.17865816630991738,1.1956119738532023,0.9901212700770693,2.0224504167460515
10,WT,10hpi-WT,PDF1.2,Time0,3,"7,46,117",1.9396715141256338,6.956465494634028,0.7032281813193011,7.097431105899793
10,WT,10hpi-WT,PR1,Mock,2,"7,46",-1.6295513116110887,0.1960175051772099,2.3966279454626407,1.9574441808227905
10,WT,10hpi-WT,PR1,Time0,2,"7,46",-0.07542430856624427,0.927349920322645,2.6059392936485155,11.632622749677356
10,WT,10hpi-WT,WRKY29,Mock,3,"7,46,117",-0.18640879075020284,0.8299342561801737,0.28098921513356356,0.2692633056841666
10,WT,10hpi-WT,WRKY29,Time0,3,"7,46,117",0.142758455665862,1.153451158422995,0.4644232287366016,0.681800626163429
10,rmlC,10hpi-rmlC,FRK1,Mock,3,"8,81,125",-0.34092215446232477,0.7111142631239765,0.27529642400060567,0.22536703200769498
10,rmlC,10hpi-rmlC,FRK1,Time0,3,"8,81,125",1.8377356962347287,6.282297114958984,0.9011816346364565,9.187929774152495
10,rmlC,10hpi-rmlC,NHL10,Mock,3,"8,125,81",-0.03866631182041318,0.96207168754008765,0.25091813530356566,0.27438752780301845
10,rmlC,10hpi-rmlC,NHL10,Time0,3,"8,125,81",0.3290705635231429,1.3896759125563642,0.40394909045914335,0.6916801906823807
10,rmlC,10hpi-rmlC,PAD3,Mock,3,"8,125,81",-0.6664386564719638,0.513534196716812,0.3340671235508895,0.20368660549040055
10,rmlC,10hpi-rmlC,PAD3,Time0,3,"8,125,81",1.7043732313463174,5.4979386514770185,0.5584897561368501,4.11262609197054
10,rmlC,10hpi-rmlC,PDF1.2,Mock,3,"8,81,125",-0.4072283160727129,0.6654922303822736,0.8327803710499135,0.8649428404108374
10,rmlC,10hpi-rmlC,PDF1.2,Time0,3,"8,81,125",-0.013453432819556207,0.9866366601353723,0.4790955550764179,0.60640012477635
10,rmlC,10hpi-rmlC,PR1,Mock,2,"8,81",0.9949659570986946,2.7046322661829043,0.3595783353830962,1.1703624238170958
10,rmlC,10hpi-rmlC,PR1,Time0,2,"8,81",0.44521763587742935,1.5608298514449397,1.2130791665549054,3.689530971555061
10,rmlC,10hpi-rmlC,WRKY29,Mock,3,"8,81,125",0.018550351043783737,1.0187234776686764,0.27434216248934584,0.3215752410464382
10,rmlC,10hpi-rmlC,WRKY29,Time0,3,"8,81,125",0.23944289251592946,1.2705411251470164,1.1096714652118091,2.5834696188008226
10,tagG,10hpi-tagG,FRK1,Mock,3,"38,70,131",-0.8376680565521097,0.4327184226808606,0.03169475956701746,0.013934566243583836
10,tagG,10hpi-tagG,FRK1,Time0,3,"38,70,131",1.5118034034847472,4.534901681892307,0.713832281731559,4.724465294274886
10,tagG,10hpi-tagG,NHL10,Mock,3,"38,131,70",-0.026324151544454555,0.9740193085678575,0.6781306431265552,0.9449850563111026
10,tagG,10hpi-tagG,NHL10,Time0,3,"38,131,70",-0.36974166091391075,0.690912797364535,0.13677184877631854,0.1012646899438136
10,tagG,10hpi-tagG,PAD3,Mock,3,"38,131,70",-0.05142357649117917,0.9498762400635803,1.135970338493024,2.0082225520218797
10,tagG,10hpi-tagG,PAD3,Time0,3,"38,131,70",1.2747086797974307,3.5776590139247584,1.6994818158033178,15.99611276625374
10,tagG,10hpi-tagG,PDF1.2,Mock,3,"38,70,131",0.048904523151038895,1.0501200837968867,0.4117144389452793,0.5349346864552071
10,tagG,10hpi-tagG,PDF1.2,Time0,3,"38,70,131",0.26661194391193915,1.305533727708184,1.789257765178826,6.5080967761740895
10,tagG,10hpi-tagG,PR1,Mock,3,"38,70,131",-0.35307650309177285,0.7025234461056815,0.8680678630750488,0.9711005954896706
10,tagG,10hpi-tagG,PR1,Time0,3,"38,70,131",0.6431610929406126,1.9024853169172546,1.6240032852044743,7.749507254735579
10,tagG,10hpi-tagG,WRKY29,Mock,3,"38,70,131",0.1049746576106162,1.1106824626515914,0.49958105311429674,0.7197563212291775
10,tagG,10hpi-tagG,WRKY29,Time0,3,"38,70,131",0.09625817789379928,1.1010432923398603,0.2711507666816226,0.3429450172347748
10,wfgD,10hpi-wfgD,FRK1,Mock,3,"9,68,105",-0.7545621646088527,0.4702164470689349,0.9092050517130928,0.6970246027670689
10,wfgD,10hpi-wfgD,FRK1,Time0,3,"9,68,105",0.33982108766772456,1.4046962505980214,0.34789482292346446,0.5844706548252526
10,wfgD,10hpi-wfgD,NHL10,Mock,3,"9,105,68",-0.009515990099705274,0.9905291436565009,0.8464895041402508,1.3188379788158089
10,wfgD,10hpi-wfgD,NHL10,Time0,3,"9,105,68",-0.5084360861643973,0.601435436893156,0.7943617979536163,0.7295581375551355
10,wfgD,10hpi-wfgD,PAD3,Mock,3,"9,105,68",-0.15391760596940995,0.8573426580185746,0.42308658475994393,0.451533636675464
10,wfgD,10hpi-wfgD,PAD3,Time0,3,"9,105,68",1.7526661125754432,5.769965565062614,0.7658333993853728,6.639996122153292
10,wfgD,10hpi-wfgD,PDF1.2,Mock,3,"9,68,105",0.908112220048644,2.4796371030357895,1.3041295718761954,6.656537752643673
10,wfgD,10hpi-wfgD,PDF1.2,Time0,3,"9,68,105",3.27038731365285,26.32153205797967,0.889340792990053,37.73257228864392
10,wfgD,10hpi-wfgD,PR1,Mock,3,"9,68,105",-2.7785444987330807,0.06212887024912832,2.0652617243046087,0.42790401644443554
10,wfgD,10hpi-wfgD,PR1,Time0,3,"9,68,105",-4.996420106231002,0.006762111360680276,0.6252354043477835,0.0058741501334195435
10,wfgD,10hpi-wfgD,WRKY29,Mock,3,"9,68,105",-0.24773153775870377,0.7805694685809823,0.6294776614158176,0.6842706810810576
10,wfgD,10hpi-wfgD,WRKY29,Time0,3,"9,68,105",-0.4065790586941978,0.6659244464177358,0.435317877288072,0.3632313166027262
24,Mock,24hpi-Mock,FRK1,Mock,3,"10,85,108",0,1,0,0
24,Mock,24hpi-Mock,FRK1,Time0,3,"10,85,108",0.2227424324949984,1.2494987020227335,0.9058296878269719,1.841740727368533
24,Mock,24hpi-Mock,NHL10,Mock,3,"10,108,85",0,1,0,0
24,Mock,24hpi-Mock,NHL10,Time0,3,"10,108,85",-0.7811499201365628,0.4578791839648385,0.4592695259395902,0.2669056896578803
24,Mock,24hpi-Mock,PAD3,Mock,3,"10,108,85",0,1,0,0
24,Mock,24hpi-Mock,PAD3,Time0,3,"10,108,85",0.785386423183365,2.1932543013118275,0.4806677198965243,1.3535753307517933
24,Mock,24hpi-Mock,PDF1.2,Mock,3,"10,85,108",0,1,0,0
24,Mock,24hpi-Mock,PDF1.2,Time0,3,"10,85,108",1.8861203539715874,6.593737625489649,0.3862741030437131,3.108867867983187
24,Mock,24hpi-Mock,PR1,Mock,3,"10,85,108",0,1,0,0
24,Mock,24hpi-Mock,PR1,Time0,3,10,-0.6969324215539976,0.498110957,NA,NA
24,Mock,24hpi-Mock,WRKY29,Mock,3,"10,85,108",0,1,0,0
24,Mock,24hpi-Mock,WRKY29,Time0,3,"10,85,108",-1.0616946159160525,0.3458691979813569,0.5462994597990547,0.25139533726523133
24,OBC,24hpi-OBC,FRK1,Mock,3,"23,52,132",0.6781644614300586,1.97025792668326,0.18377098667162944,0.39748097091001616
24,OBC,24hpi-OBC,FRK1,Time0,3,"23,52,132",1.5620599774715616,4.768634413676897,0.2201217690762496,1.1741735720655122
24,OBC,24hpi-OBC,NHL10,Mock,3,"23,132,52",-0.419629505418416,0.6572902972023865,0.30448425714224026,0.23394638671074897
24,OBC,24hpi-OBC,NHL10,Time0,3,"23,132,52",-0.7762554754594326,0.4601257416408945,0.7998339388351071,0.5637328913586824
24,OBC,24hpi-OBC,PAD3,Mock,3,"23,132,52",-0.5431388733457839,0.5809219471871233,0.08542893835974877,0.051809035525881585
24,OBC,24hpi-OBC,PAD3,Time0,3,"23,132,52",0.7395357607148566,2.094962724710497,0.341299355085212,0.8521770018970122
24,OBC,24hpi-OBC,PDF1.2,Mock,3,"23,52,132",-1.0985018171949472,0.3333701591917868,0.5339503716156107,0.23524498520799508
24,OBC,24hpi-OBC,PDF1.2,Time0,3,"23,52,132",-0.6218137975217317,0.5369695996535135,0.8385198717988135,0.70500939925516
24,OBC,24hpi-OBC,PR1,Mock,2,"23,132",0.8677733453069385,2.3816019400224016,1.760308278873983,11.4655783699776
24,OBC,24hpi-OBC,PR1,Time0,2,23,5.341671146991832,208.86145700000003,NA,NA
24,OBC,24hpi-OBC,WRKY29,Mock,3,"23,52,132",0.4660370298797244,1.5936660115165986,0.5824256905316164,1.2595954727229723
24,OBC,24hpi-OBC,WRKY29,Time0,3,"23,52,132",-0.7773135572672081,0.4596391484374798,0.4339698852075579,0.24975522220001156
24,WT,24hpi-WT,FRK1,Mock,3,"39,71,121",0.8074095066437068,2.2420923319311554,0.8234244510170791,2.8660405773553914
24,WT,24hpi-WT,FRK1,Time0,3,"39,71,121",1.7308898355946267,5.64567539687125,0.6660331708783743,5.3436348710250465
24,WT,24hpi-WT,NHL10,Mock,3,"39,121,71",1.1025165573478237,3.011735700796091,0.30301042081711227,1.0659393200732006
24,WT,24hpi-WT,NHL10,Time0,3,"39,121,71",0.5193228392366274,1.680889032128683,0.32646886953033244,0.6489325926706876
24,WT,24hpi-WT,PAD3,Mock,3,"39,121,71",1.3799741414864033,3.9747988437758908,0.30896953153178963,1.4389601401953616
24,WT,24hpi-WT,PAD3,Time0,3,"39,121,71",2.8295842323239926,16.93841691409173,0.8749014762815909,23.690729808227978
24,WT,24hpi-WT,PDF1.2,Mock,3,"39,71,121",-0.21137052114513594,0.809474084045138,0.5235350753729179,0.5569054340123312
24,WT,24hpi-WT,PDF1.2,Time0,3,"39,71,121",1.6723127836707261,5.324467910386387,0.29404672440181795,1.8201512476189199
24,WT,24hpi-WT,PR1,Mock,3,"39,71,121",0.919476696527508,2.507977613082055,0.4011707627806434,1.2378682619909902
24,WT,24hpi-WT,PR1,Time0,3,"39,71,121",1.2919145957432696,3.6397485359908273,2.336581882552499,34.016408647896725
24,WT,24hpi-WT,WRKY29,Mock,3,"39,71,121",1.1500355280894,3.1583051162430356,0.4063961410984342,1.5835653414110102
24,WT,24hpi-WT,WRKY29,Time0,3,"39,71,121",0.08442794991283342,1.0880944441081266,0.5924499987516394,0.8796303504037821
24,rmlC,24hpi-rmlC,FRK1,Mock,3,"24,53,93",0.0861791505597688,1.0900015852085536,0.16229927207260003,0.1920715730984318
24,rmlC,24hpi-rmlC,FRK1,Time0,3,"24,53,93",0.8307338475664011,2.2950023043048406,0.9754461669749399,3.7921478335816228
24,rmlC,24hpi-rmlC,NHL10,Mock,3,"24,93,53",0.29731929615249697,1.346245081705442,0.4185123658424705,0.6996423800661788
24,rmlC,24hpi-rmlC,NHL10,Time0,3,"24,93,53",0.3658047093826678,1.441673669820174,0.7035317869766532,1.4717721068318015
24,rmlC,24hpi-rmlC,PAD3,Mock,3,"24,93,53",-0.12202579869382871,0.8851255331254378,0.47707842178062854,0.5411301731591215
24,rmlC,24hpi-rmlC,PAD3,Time0,3,"24,93,53",0.11937319789011214,1.1267903556136256,0.33609813020574175,0.4501260973208313
24,rmlC,24hpi-rmlC,PDF1.2,Mock,3,"24,53,93",-0.5860159973913928,0.5565401311489468,0.3498043813276058,0.23307343018886162
24,rmlC,24hpi-rmlC,PDF1.2,Time0,3,"24,53,93",-0.06957115555509219,0.9327937575654738,0.31296603717447397,0.3427784671408646
24,rmlC,24hpi-rmlC,PR1,Mock,3,"24,53,93",-0.1592319385300058,0.8527985391894332,1.1193268109605676,1.7591457239800299
24,rmlC,24hpi-rmlC,PR1,Time0,3,"24,53,93",-1.6075029502916895,0.2003873670779366,1.3023980029980318,0.536658652269629
24,rmlC,24hpi-rmlC,WRKY29,Mock,3,"24,53,93",-0.18648940117361845,0.8298673575247766,0.6543934873620136,0.7667768975816253
24,rmlC,24hpi-rmlC,WRKY29,Time0,3,"24,53,93",-1.3603716867256839,0.25656539727653654,0.32866044944157063,0.09983116209059938
24,tagG,24hpi-tagG,FRK1,Mock,3,"40,77,99",0.9736136490639914,2.647494309391692,1.0770862749931538,5.125845640939759
24,tagG,24hpi-tagG,FRK1,Time0,3,"40,77,99",1.8889819553180844,6.612633297002375,1.1956632026481133,15.247075425199458
24,tagG,24hpi-tagG,NHL10,Mock,3,"40,99,77",0.2522205899122477,1.2868798786969287,0.7293963288768688,1.3818880574831824
24,tagG,24hpi-tagG,NHL10,Time0,3,"40,99,77",-0.3904483803840952,0.676753363525991,1.5178267041779638,2.4107979568308266
24,tagG,24hpi-tagG,PAD3,Mock,3,"40,99,77",0.374208314330008,1.4538399746147024,0.46632441258011753,0.8637613219371343
24,tagG,24hpi-tagG,PAD3,Time0,3,"40,99,77",-0.4290723198933819,0.6511128390671761,1.0417107423106382,1.1941808066845125
24,tagG,24hpi-tagG,PDF1.2,Mock,3,"40,77,99",0.693083165448489,1.9998719738749344,1.1367706294379571,4.233103325167323
24,tagG,24hpi-tagG,PDF1.2,Time0,3,"40,77,99",1.0334605535423882,2.8107758643444054,3.171778675676431,64.22585700515289
24,tagG,24hpi-tagG,PR1,Mock,3,"40,77,99",1.47463220748672,4.369428434298872,0.6067847431872506,3.646390456900089
24,tagG,24hpi-tagG,PR1,Time0,3,"40,77,99",2.248413906791598,9.472699330787314,3.3836018189986197,269.7516912231529
24,tagG,24hpi-tagG,WRKY29,Mock,3,"40,77,99",1.6432274522930572,5.171834454084646,0.16529846545988078,0.9296123115557334
24,tagG,24hpi-tagG,WRKY29,Time0,3,"40,77,99",0.2397361477762826,1.270913772653211,0.1839334039938913,0.2566429593020578
24,wfgD,24hpi-wfgD,FRK1,Mock,3,"11,76,123",-0.19515138323234685,0.8227101041137219,0.463939453843622,0.4856677238350867
24,wfgD,24hpi-wfgD,FRK1,Time0,3,"11,76,123",-0.5348712849090671,0.5857446794724994,0.24310169296533735,0.16119593781141392
24,wfgD,24hpi-wfgD,NHL10,Mock,3,"11,123,76",-0.46632743925726505,0.6273018471642096,0.4250110171080827,0.3322236196328504
24,wfgD,24hpi-wfgD,NHL10,Time0,3,"11,123,76",-1.2644989970274343,0.2823807342943739,0.4828436126185687,0.17526706658480717
24,wfgD,24hpi-wfgD,PAD3,Mock,3,"11,123,76",-0.6492183037727517,0.5224540175145015,0.442628730687765,0.2908993861059109
24,wfgD,24hpi-wfgD,PAD3,Time0,3,"11,123,76",-0.8720474731694722,0.4180946347453309,1.1023074373012467,0.8408326085756092
24,wfgD,24hpi-wfgD,PDF1.2,Mock,3,"11,76,123",0.0480477961099807,1.0492208027989185,0.6387541157394344,0.9381288371912911
24,wfgD,24hpi-wfgD,PDF1.2,Time0,3,"11,76,123",2.532992846653019,12.591133133322687,0.5186391330730449,8.558699237385989
24,wfgD,24hpi-wfgD,PR1,Mock,2,"11,76",-0.6854272784337057,0.5038748886996186,0.8332857871492709,0.6554739583003815
24,wfgD,24hpi-wfgD,PR1,Time0,2,"11,76",-2.468631597981632,0.08470068432307387,0.9118573902437842,0.12611433667692618
24,wfgD,24hpi-wfgD,WRKY29,Mock,3,"11,76,123",0.6784486066950102,1.9708178456892604,0.48034631048764603,1.215273611967042
24,wfgD,24hpi-wfgD,WRKY29,Time0,3,"11,76,123",-0.8751737404649007,0.4167896001686918,0.7421086041958964,0.45861846926747796
48,Mock,48hpi-Mock,FRK1,Mock,3,"41,73,112",0,1,0,0
48,Mock,48hpi-Mock,FRK1,Time0,3,"41,73,112",1.1066498515022927,3.024209852272533,0.36413827118328207,1.3284543707609298
48,Mock,48hpi-Mock,NHL10,Mock,3,"41,112,73",0,1,0,0
48,Mock,48hpi-Mock,NHL10,Time0,3,"41,112,73",0.9510695698794941,2.5884767360117213,0.4119008935395433,1.3193072718214214
48,Mock,48hpi-Mock,PAD3,Mock,3,"41,112,73",0,1,0,0
48,Mock,48hpi-Mock,PAD3,Time0,3,"41,112,73",2.3274149111137565,10.251406453160097,0.6141789057093452,8.69461229144863
48,Mock,48hpi-Mock,PDF1.2,Mock,3,"41,73,112",0,1,0,0
48,Mock,48hpi-Mock,PDF1.2,Time0,3,"41,73,112",3.1017506646602473,22.236846486576564,0.7484101160412072,24.763772930100682
48,Mock,48hpi-Mock,PR1,Mock,3,"41,73,112",0,1,0,0
48,Mock,48hpi-Mock,PR1,Time0,3,41,-0.19812192700047315,0.820269834,NA,NA
48,Mock,48hpi-Mock,WRKY29,Mock,3,"41,73,112",0,1,0,0
48,Mock,48hpi-Mock,WRKY29,Time0,3,"41,73,112",-0.3742837234922805,0.6877817443050619,0.7120322920330107,0.7140062611837757
48,OBC,48hpi-OBC,FRK1,Mock,3,"26,84,104",-0.643279051841493,0.5255662365248548,0.7658265077502525,0.6048065251429827
48,OBC,48hpi-OBC,FRK1,Time0,3,"26,84,104",1.1245238840577243,3.0787506576368138,0.6124296017133664,2.6012621396336164
48,OBC,48hpi-OBC,NHL10,Mock,3,"26,104,84",-1.2159909137722553,0.2964161458776918,0.5992060002213357,0.24326061287757758
48,OBC,48hpi-OBC,NHL10,Time0,3,"26,104,84",0.1596026053806924,1.1730446167355815,0.7640131951164955,1.3453352896762965
48,OBC,48hpi-OBC,PAD3,Mock,3,"26,104,84",-0.5272747764353359,0.5902112375373865,0.42421404404036867,0.31186094927614555
48,OBC,48hpi-OBC,PAD3,Time0,3,"26,104,84",2.2974283460225293,9.94856526222845,0.7086943878845154,10.260327310467476
48,OBC,48hpi-OBC,PDF1.2,Mock,3,"26,84,104",0.9011737857180241,2.4624918532112474,0.874305170907832,3.440615938721104
48,OBC,48hpi-OBC,PDF1.2,Time0,3,"26,84,104",2.5934921182397117,13.376402113983291,0.32877641726613516,5.20699465986845
48,OBC,48hpi-OBC,PR1,Mock,3,"26,84,104",-0.4268254886335587,0.6525774244696642,1.2251634894965013,1.5692677289583654
48,OBC,48hpi-OBC,PR1,Time0,3,26,8.023072480082673,3050.535658999999,NA,NA
48,OBC,48hpi-OBC,WRKY29,Mock,3,"26,84,104",0.6382909693053002,1.893242503300521,0.6600429018951102,1.7699457335958142
48,OBC,48hpi-OBC,WRKY29,Time0,3,"26,84,104",0.08235127492955541,1.0858371702199332,0.5417460518798585,0.7807231325851733
48,WT,48hpi-WT,FRK1,Mock,3,"25,78,103",-0.07765789864428474,0.9252809122598579,0.34702696181363607,0.38385729433591936
48,WT,48hpi-WT,FRK1,Time0,3,"25,78,103",1.7297298497253994,5.639130290038262,0.29830744623628586,1.9600265266261996
48,WT,48hpi-WT,NHL10,Mock,3,"25,103,78",0.3109443094931141,1.3647132174990027,1.484548759011798,4.657730249546928
48,WT,48hpi-WT,NHL10,Time0,3,"25,103,78",1.4599700817840147,4.3058307036451255,1.049808780167277,7.996378569488108
48,WT,48hpi-WT,PAD3,Mock,3,"25,103,78",0.08477850169378809,1.0884759444172551,0.8282723935280141,1.4034375704706326
48,WT,48hpi-WT,PAD3,Time0,3,"25,103,78",3.076417080092408,21.680583276180524,0.8290421683785688,27.992303595910045
48,WT,48hpi-WT,PDF1.2,Mock,3,"25,78,103",2.9343952494873076,18.81012426255032,1.1063459216474105,38.05835220009417
48,WT,48hpi-WT,PDF1.2,Time0,3,"25,78,103",6.033708865365344,417.2597232163521,1.2064107628464324,977.0010305946607
48,WT,48hpi-WT,PR1,Mock,3,"25,78,103",0.7725478095619293,2.165275942736502,0.5672661652391366,1.6530571903776285
48,WT,48hpi-WT,PR1,Time0,3,"25,78,103",2.899626510666662,18.167358787441923,1.7177482595233187,83.06057761745637
48,WT,48hpi-WT,WRKY29,Mock,3,"25,78,103",1.0737088985890544,2.926212423580479,0.10714048386062738,0.3309271619092896
48,WT,48hpi-WT,WRKY29,Time0,3,"25,78,103",0.6955122141154697,2.0047356649068893,0.8083561348879993,2.494323718435822
48,rmlC,48hpi-rmlC,FRK1,Mock,3,"42,55,126",-0.3191726571257294,0.7267500598968641,0.45486920042989665,0.41858422160136866
48,rmlC,48hpi-rmlC,FRK1,Time0,3,"42,55,126",1.3092894598499796,3.703541262326144,1.3043585391966115,9.945209511564173
48,rmlC,48hpi-rmlC,NHL10,Mock,3,"42,126,55",-0.13309042454335865,0.875385932156646,0.2071023258084008,0.20143368877902518
48,rmlC,48hpi-rmlC,NHL10,Time0,3,"42,126,55",1.6676144786441398,5.299510610452069,0.5263477204305579,3.6711758271575468
48,rmlC,48hpi-rmlC,PAD3,Mock,3,"42,126,55",-0.46457979384644943,0.6283991068897875,0.5994551922524067,0.515995075238173
48,rmlC,48hpi-rmlC,PAD3,Time0,3,"42,126,55",1.3188476914678504,3.739110285199524,0.6694654186902409,3.5640933801997505
48,rmlC,48hpi-rmlC,PDF1.2,Mock,3,"42,55,126",0.7843773634401574,2.191042292901765,1.2199577428158856,5.230115681595826
48,rmlC,48hpi-rmlC,PDF1.2,Time0,3,"42,55,126",2.5164525149838703,12.384584515516318,0.574565742824134,9.614883188816448
48,rmlC,48hpi-rmlC,PR1,Mock,3,"42,55,126",-1.7654680100490578,0.17110668809348814,1.2825637924798579,0.44588222914820713
48,rmlC,48hpi-rmlC,PR1,Time0,3,"42,55,126",-1.4590982328360933,0.23244579223038128,1.8618716990497064,1.2635221737579436
48,rmlC,48hpi-rmlC,WRKY29,Mock,3,"42,55,126",0.12500187179052819,1.133150574085353,0.703693521667791,1.1571782383119205
48,rmlC,48hpi-rmlC,WRKY29,Time0,3,"42,55,126",-0.36146951964826846,0.6966518299446971,1.0281440874022252,1.2510976003874508
48,tagG,48hpi-tagG,FRK1,Mock,3,"27,72,92",-1.247189755550857,0.28731107776781,0.23681231443634235,0.07677045652651744
48,tagG,48hpi-tagG,FRK1,Time0,3,"27,72,92",0.552085970238967,1.7368723056301707,0.8927130500529268,2.5041273966492654
48,tagG,48hpi-tagG,NHL10,Mock,3,"27,92,72",-1.1834658523406256,0.30621559927190634,0.14058199100799096,0.04622123676540477
48,tagG,48hpi-tagG,NHL10,Time0,3,"27,92,72",-0.09391533464115091,0.9103598349201332,0.6912549923402407,0.9069179479853701
48,tagG,48hpi-tagG,PAD3,Mock,3,"27,92,72",-1.2072239337842559,0.2990262449221165,0.48816422811916466,0.1881839166759388
48,tagG,48hpi-tagG,PAD3,Time0,3,"27,92,72",-0.4684760797464559,0.625955447998318,1.1044405242290158,1.2628874994452253
48,tagG,48hpi-tagG,PDF1.2,Mock,3,"27,72,92",0.761713837774818,2.141944021166403,1.0296692926144697,3.8557983706404624
48,tagG,48hpi-tagG,PDF1.2,Time0,3,"27,72,92",2.317721524817096,10.152515677896323,2.505619055832945,114.2273829492482
48,tagG,48hpi-tagG,PR1,Mock,3,"27,72,92",-2.4477869287148395,0.08648477183310145,0.23416215480153532,0.022818956441060665
48,tagG,48hpi-tagG,PR1,Time0,3,"27,72,92",0.08063557358629107,1.08397579516686,2.1902551348940626,8.604050384068513
48,tagG,48hpi-tagG,WRKY29,Mock,3,"27,72,92",0.3021040127907309,1.352701917694011,0.7078929545944486,1.3928907709852019
48,tagG,48hpi-tagG,WRKY29,Time0,3,"27,72,92",-0.4139763982665492,0.661016552218279,0.45568712117942284,0.3815762846866318
48,wfgD,48hpi-wfgD,FRK1,Mock,3,"43,54,127",-0.9339123043279023,0.39301311179321635,0.36598312633304,0.173684642839123
48,wfgD,48hpi-wfgD,FRK1,Time0,3,"43,54,127",-0.3897247873162313,0.6772432347808399,0.4971047913456539,0.436114019565407
48,wfgD,48hpi-wfgD,NHL10,Mock,3,"43,127,54",-1.4914638032375485,0.225042995654073,0.6543095545202038,0.20789781827089746
48,wfgD,48hpi-wfgD,NHL10,Time0,3,"43,127,54",-0.5574158719568303,0.5726870500395363,0.11931399804666697,0.07257299430550591
48,wfgD,48hpi-wfgD,PAD3,Mock,3,"43,127,54",-1.9661802873573768,0.13999055998044233,0.6180447514760493,0.11973349569863044
48,wfgD,48hpi-wfgD,PAD3,Time0,3,"43,127,54",-0.6469809739265007,0.5236242280665395,1.3015030272596715,1.4005983937085014
48,wfgD,48hpi-wfgD,PDF1.2,Mock,3,"43,54,127",-1.1369184735035147,0.3208060726366689,0.7186573293926694,0.3373842508163645
48,wfgD,48hpi-wfgD,PDF1.2,Time0,3,"43,54,127",2.5636568868030185,12.98320873488546,0.6986741571991542,13.127121853518913
48,wfgD,48hpi-wfgD,PR1,Mock,3,"43,54,127",-2.1962187442813277,0.11122292656384464,0.4313694114402265,0.059989654090975335
48,wfgD,48hpi-wfgD,PR1,Time0,3,"43,54,127",-2.881909554155267,0.05602767274421306,0.352790814769364,0.023701578840313924
48,wfgD,48hpi-wfgD,WRKY29,Mock,3,"43,54,127",0.45048117156257206,1.5690669942967652,0.8530808878738384,2.1133232323155
48,wfgD,48hpi-wfgD,WRKY29,Time0,3,"43,54,127",-0.41573028040033216,0.6598582231804391,0.929503053654029,1.0117276044899621
72,Mock,72hpi-Mock,FRK1,Mock,3,"12,88,129",0,1,0,0
72,Mock,72hpi-Mock,FRK1,Time0,3,"12,88,129",0.56859441762231,1.7657833523579287,0.49579179703593224,1.1332756855627948
72,Mock,72hpi-Mock,NHL10,Mock,3,"12,129,88",0,1,0,0
72,Mock,72hpi-Mock,NHL10,Time0,3,"12,129,88",-0.23582776339877903,0.7899167147870618,0.5675171027245354,0.6034032167744245
72,Mock,72hpi-Mock,PAD3,Mock,3,"12,129,88",0,1,0,0
72,Mock,72hpi-Mock,PAD3,Time0,3,"12,129,88",1.797956619448121,6.037298353701647,0.6317372745646349,5.318107236601022
72,Mock,72hpi-Mock,PDF1.2,Mock,3,"12,88,129",0,1,0,0
72,Mock,72hpi-Mock,PDF1.2,Time0,3,"12,88,129",4.373112024086147,79.29000053931787,0.9773369000514717,131.4128657012764
72,Mock,72hpi-Mock,PR1,Mock,3,"12,88,129",0,1,0,0
72,Mock,72hpi-Mock,PR1,Time0,3,12,-0.8979471341304004,0.40740515,NA,NA
72,Mock,72hpi-Mock,WRKY29,Mock,3,"12,88,129",0,1,0,0
72,Mock,72hpi-Mock,WRKY29,Time0,3,"12,88,129",0.39755147125533563,1.488176390302512,0.332659233911724,0.5873414936442799
72,OBC,72hpi-OBC,FRK1,Mock,3,"44,79,96",0.6714024166612986,1.9569798982833226,0.8654006239665953,2.6927216790761337
72,OBC,72hpi-OBC,FRK1,Time0,3,"44,79,96",1.9011499181023683,6.69358709544186,0.7265841910435547,7.148781947250363
72,OBC,72hpi-OBC,NHL10,Mock,3,"44,96,79",-0.7196585196296513,0.48691850068364434,1.4721965091731857,1.6354612638190464
72,OBC,72hpi-OBC,NHL10,Time0,3,"44,96,79",-0.5309623357174166,0.5880388065557753,1.0701965673908322,1.1266544949315984
72,OBC,72hpi-OBC,PAD3,Mock,3,"44,96,79",-1.0553324389266716,0.34807669382761125,0.3846200738392556,0.1632674904392053
72,OBC,72hpi-OBC,PAD3,Time0,3,"44,96,79",1.2399123915285695,3.4553107370101244,0.5293375037540083,2.411140520796545
72,OBC,72hpi-OBC,PDF1.2,Mock,3,"44,79,96",-1.43929133635331,0.23709572027870104,1.2204128703166708,0.5663236346801603
72,OBC,72hpi-OBC,PDF1.2,Time0,3,"44,79,96",1.5243883550354536,4.592333832249511,0.64252728987949,4.138978167632221
72,OBC,72hpi-OBC,PR1,Mock,3,"44,79,96",-0.08799924539600737,0.9157615677604002,1.003528203493171,1.5823347229870748
72,OBC,72hpi-OBC,PR1,Time0,3,44,6.320767775545412,555.9997116000001,NA,NA
72,OBC,72hpi-OBC,WRKY29,Mock,3,"44,79,96",-0.1869596616116257,0.8294771954838154,0.8576902233845527,1.1261883378690931
72,OBC,72hpi-OBC,WRKY29,Time0,3,"44,79,96",0.028935839841964163,1.0293585485492445,0.5611008090443472,0.7746959822264755
72,WT,72hpi-WT,FRK1,Mock,3,"28,50,102",-0.30695593068367877,0.7356830212406523,0.43220913423035084,0.3977523853606898
72,WT,72hpi-WT,FRK1,Time0,3,"28,50,102",0.9623763839986157,2.6179102473640814,0.8364572828028554,3.4246854255403947
72,WT,72hpi-WT,NHL10,Mock,3,"28,102,50",0.24004701690181912,1.2713089219230198,0.6400080054414055,1.1397234414948325
72,WT,72hpi-WT,NHL10,Time0,3,"28,102,50",0.20217545601720707,1.2240627584475965,0.6052441847586877,1.0180522952587607
72,WT,72hpi-WT,PAD3,Mock,3,"28,102,50",-0.9027065967964162,0.40547072745619295,0.4860650444994264,0.25378645936504735
72,WT,72hpi-WT,PAD3,Time0,3,"28,102,50",1.5594736907543658,4.756317292502729,1.1622074455765485,10.449546607178476
72,WT,72hpi-WT,PDF1.2,Mock,3,"28,50,102",1.0371355801161934,2.8211245445289403,1.0598969183713898,5.320848166844923
72,WT,72hpi-WT,PDF1.2,Time0,3,"28,50,102",5.407810555569352,223.14249436308103,0.6322667051944975,196.78298303345449
72,WT,72hpi-WT,PR1,Mock,3,"28,50,102",0.5663879891595127,1.7618915727556663,0.4620182959371704,1.0347137169401273
72,WT,72hpi-WT,PR1,Time0,3,"28,50,102",1.8094964831110425,6.107371493208005,1.913075119624763,35.26327480483932
72,WT,72hpi-WT,WRKY29,Mock,3,"28,50,102",-0.03863259546699038,0.9621041256359669,0.7374444814469869,1.0492574347689017
72,WT,72hpi-WT,WRKY29,Time0,3,"28,50,102",0.35500591464024533,1.4261890896519211,1.0997112243649962,2.857082634080424
72,rmlC,72hpi-rmlC,FRK1,Mock,3,"13,62,98",-0.8440636197846552,0.4299597756007611,0.6636559134042649,0.40496996022771864
72,rmlC,72hpi-rmlC,FRK1,Time0,3,"13,62,98",0.24634306440937137,1.2793383937360723,0.4243555439757474,0.6762646504760012
72,rmlC,72hpi-rmlC,NHL10,Mock,3,"13,98,62",-0.06382258481903583,0.9381714306207309,0.9418132435296768,1.467888819160146
72,rmlC,72hpi-rmlC,NHL10,Time0,3,"13,98,62",0.5499849860718399,1.7332269951264538,0.40253964834194944,0.8590188830892528
72,rmlC,72hpi-rmlC,PAD3,Mock,3,"13,98,62",-0.6204275270486849,0.5377145009524825,0.7431920195462574,0.5929036195885978
72,rmlC,72hpi-rmlC,PAD3,Time0,3,"13,98,62",0.6335416663645823,1.884272239223892,0.44493726484281887,1.0559316564251173
72,rmlC,72hpi-rmlC,PDF1.2,Mock,3,"13,62,98",0.6859881190041559,1.9857330069635712,1.6783212990611076,8.650957767131475
72,rmlC,72hpi-rmlC,PDF1.2,Time0,3,"13,62,98",3.6894246294335713,40.02181295818836,0.19783138927894797,8.755046975491215
72,rmlC,72hpi-rmlC,PR1,Mock,3,"13,62,98",-0.5108117697420224,0.6000083124719614,0.4230175946862665,0.3159410700816922
72,rmlC,72hpi-rmlC,PR1,Time0,3,"13,62,98",-1.0884121807555853,0.3367507687796019,1.1268026103858217,0.7023860947300196
72,rmlC,72hpi-rmlC,WRKY29,Mock,3,"13,62,98",-0.49137163073251955,0.6117866730199303,0.17119472793714105,0.11423391762084235
72,rmlC,72hpi-rmlC,WRKY29,Time0,3,"13,62,98",-0.20600782682629362,0.8138267065777279,0.7880774645798331,0.9759120045370537
72,tagG,72hpi-tagG,FRK1,Mock,3,"14,74,114",0.08524913716499877,1.0889883403726557,0.28343149032932413,0.35683743255811523
72,tagG,72hpi-tagG,FRK1,Time0,3,"14,74,114",1.3464694288815124,3.843830628532674,0.4492822380780025,2.1801704344740402
72,tagG,72hpi-tagG,NHL10,Mock,3,"14,114,74",-0.22174233708978192,0.8011217571070114,0.7282413345896452,0.8583494430547065
72,tagG,72hpi-tagG,NHL10,Time0,3,"14,114,74",-0.31908915217775036,0.726810749656722,1.1553919669955834,1.581008001385388
72,tagG,72hpi-tagG,PAD3,Mock,3,"14,114,74",-1.1714121122618946,0.3099289776017444,0.39723309996376555,0.15115319084009216
72,tagG,72hpi-tagG,PAD3,Time0,3,"14,114,74",-0.9621225507825317,0.38208103827913703,1.1123079751501,0.779968656803264
72,tagG,72hpi-tagG,PDF1.2,Mock,3,"14,74,114",-1.3770497907997248,0.2523218583354893,1.218271960840733,0.6008640319230019
72,tagG,72hpi-tagG,PDF1.2,Time0,3,"14,74,114",1.4503192605528497,4.264475776752792,2.102107868630069,30.633440754550737
72,tagG,72hpi-tagG,PR1,Mock,3,"14,74,114",-0.3455665495537928,0.7078192251828107,0.6166963281874598,0.6036260317318222
72,tagG,72hpi-tagG,PR1,Time0,3,"14,74,114",1.2988857452748843,3.6652104134562813,1.6719809265330647,15.84360960227232
72,tagG,72hpi-tagG,WRKY29,Mock,3,"14,74,114",0.3826913579410697,1.46622542139204,0.35278795736602975,0.6202564141555708
72,tagG,72hpi-tagG,WRKY29,Time0,3,"14,74,114",0.4384461414825574,1.5502964046916226,0.5267091879031178,1.0748989901032124
72,wfgD,72hpi-wfgD,FRK1,Mock,3,"29,65,130",-0.28308151177444835,0.7534583696279153,0.9339686632275498,1.163782588240302
72,wfgD,72hpi-wfgD,FRK1,Time0,3,"29,65,130",-0.2769494274880154,0.758092834800057,1.1286711174925936,1.5855856333259128
72,wfgD,72hpi-wfgD,NHL10,Mock,3,"29,130,65",0.726761391852384,2.0683711053001064,1.4073661599281768,6.381300284066693
72,wfgD,72hpi-wfgD,NHL10,Time0,3,"29,130,65",0.47391199059795514,1.606265614330246,1.5452588672446526,5.925811566828482
72,wfgD,72hpi-wfgD,PAD3,Mock,3,"29,130,65",0.26509219703116293,1.3035511537846038,0.7864284942833942,1.558448875351409
72,wfgD,72hpi-wfgD,PAD3,Time0,3,"29,130,65",1.0548332213553002,2.8714962097175083,0.7041462365545698,2.9350123734931044
72,wfgD,72hpi-wfgD,PDF1.2,Mock,3,"29,65,130",1.0652934582993696,2.9016903842537576,1.2058706753965962,6.7889851078064885
72,wfgD,72hpi-wfgD,PDF1.2,Time0,3,"29,65,130",6.037230179036511,418.73161556054623,0.8958885717909242,606.9562458790623
72,wfgD,72hpi-wfgD,PR1,Mock,3,"29,65,130",-0.8771582539615721,0.41596329575919705,0.5569747893945437,0.31005253091587676
72,wfgD,72hpi-wfgD,PR1,Time0,3,"29,65,130",-2.446819267555269,0.08656850029155386,0.39917702485546813,0.0424702870562771
72,wfgD,72hpi-wfgD,WRKY29,Mock,3,"29,65,130",0.4658768428406249,1.593410747322454,0.8620432328275451,2.1797765289954736
72,wfgD,72hpi-wfgD,WRKY29,Time0,3,"29,65,130",0.37150058482257436,1.4499086940405042,0.4307680241472494,0.7806868478678847
