Well,Sample,Name,Replicate,Target,HPI,Treatment,Cq,Eff,NE_ref_mean,NE_target,NE_baseline,NE_fc
A01,01,0hpi-WT,1,FRK1,0,WT,28.93,2.0156183693503076,1.556793612364204e-8,0.10028514777206773,0.278147807355142,0.3605462459893585
A02,09,10hpi-wfgD,1,FRK1,10,wfgD,25.38,2.1888071746665583,1.0075844663504967e-8,0.2302778122852832,1.404472548587301,0.16396035117732263
A03,18,0hpi-wfgD,1,FRK1,0,wfgD,26.79,2.0495465330220974,8.146817425061868e-9,0.5491614075662858,0.278147807355142,1.9743510214520976
A04,26,48hpi-OBC,1,FRK1,48,OBC,26.56,2.223696463179602,3.3670984720182927e-8,0.017964650027594346,0.7500473443213371,0.023951354755944426
A05,01,0hpi-WT,2,FRK1,0,WT,28.84,2.096107438760485,1.556793612364204e-8,0.0345304698607065,0.278147807355142,0.12414431804820104
A06,35,6hpi-tagG,1,FRK1,06,tagG,24.58,2.1988023039083484,1.2243006614912235e-8,0.3170848768625651,0.15577573890514648,2.035521571530734
A07,09,10hpi-wfgD,2,FRK1,10,wfgD,25.58,2.098258121088462,1.0075844663504967e-8,0.5801864077097225,1.404472548587301,0.41309914408317006
A09,26,48hpi-OBC,2,FRK1,48,OBC,26.15,1.9944730560677302,3.3670984720182927e-8,0.4287828837956321,0.7500473443213371,0.571674424343981
A10,35,6hpi-tagG,2,FRK1,06,tagG,24.29,2.049182296608254,1.2243006614912235e-8,2.207086007350791,0.15577573890514648,14.168355244937784
A11,01,0hpi-WT,3,FRK1,0,WT,28.58,2.11650802262494,1.556793612364204e-8,0.031735962464212626,0.278147807355142,0.11409747488568846
A13,18,0hpi-wfgD,3,FRK1,0,wfgD,26.56,2.132895216695738,8.146817425061868e-9,0.22468886885423195,0.278147807355142,0.8078038471370974
A14,26,48hpi-OBC,3,FRK1,48,OBC,26.02,2.041138153563006,3.3670984720182927e-8,0.2569592848383647,0.7500473443213371,0.342590753482193
A15,35,6hpi-tagG,3,FRK1,06,tagG,24.23,2.2335369380251255,1.2243006614912235e-8,0.2857644191414393,0.15577573890514648,1.8344603668703785
B01,01,0hpi-WT,1,WRKY29,0,WT,27.98,2.006608676659887,1.556793612364204e-8,0.22123967392719998,0.5249638019540435,0.42143796030067576
B02,09,10hpi-wfgD,1,WRKY29,10,wfgD,26.31,1.9481607883731398,1.0075844663504967e-8,2.3806201520040084,0.49095025781549406,4.849004790417441
B03,18,0hpi-wfgD,1,WRKY29,0,wfgD,26.14,2.115114266505414,8.146817425061868e-9,0.3844019484946927,0.5249638019540435,0.7322446748973068
B04,26,48hpi-OBC,1,WRKY29,48,OBC,26.94,2.0389703144151756,3.3670984720182927e-8,0.137155888736118,0.32735222594664687,0.41898566090237066
B05,01,0hpi-WT,2,WRKY29,0,WT,27.59,2.1084223223186256,1.556793612364204e-8,0.07409324613368726,0.5249638019540435,0.14113972403029332
B07,09,10hpi-wfgD,2,WRKY29,10,wfgD,26.85,2.066820270692007,1.0075844663504967e-8,0.3395007288330052,0.49095025781549406,0.6915175690988115
B08,18,0hpi-wfgD,2,WRKY29,0,wfgD,25.83,2.10998658902006,8.146817425061868e-9,0.5162588335472512,0.5249638019540435,0.9834179644874746
B09,26,48hpi-OBC,2,WRKY29,48,OBC,26.55,2.0257739816003784,3.3670984720182927e-8,0.21515598295298363,0.32735222594664687,0.6572614019372839
B10,35,6hpi-tagG,2,WRKY29,06,tagG,26.51,1.999776111824816,1.2243006614912235e-8,0.8572265857596248,0.43047227500840274,1.9913630575694845
B11,01,0hpi-WT,3,WRKY29,0,WT,27.55,2.03598105680725,1.556793612364204e-8,0.20001041785062512,0.5249638019540435,0.3809984938125972
B12,09,10hpi-wfgD,3,WRKY29,10,wfgD,26.93,2.0134714607589568,1.0075844663504967e-8,0.6478385803102554,0.49095025781549406,1.3195605257299248
B13,18,0hpi-wfgD,3,WRKY29,0,wfgD,26.19,2.067118911070341,8.146817425061868e-9,0.675445970421068,0.5249638019540435,1.286652466145081
B14,26,48hpi-OBC,3,WRKY29,48,OBC,27.02,2.019317172144899,3.3670984720182927e-8,0.1683129577681377,0.32735222594664687,0.5141646960896793
B15,35,6hpi-tagG,3,WRKY29,06,tagG,26.27,1.8770315981793662,1.2243006614912235e-8,5.345808699251274,0.43047227500840274,12.41847387069684
B22,43,48hpi-wfgD,1,FRK1,48,wfgD,27.13,2.0994154389098614,1.5254498226646474e-8,0.1196941275977519,0.7500473443213371,0.15958209638893442
B24,43,48hpi-wfgD,3,FRK1,48,wfgD,26.74,2.0937879475045205,1.5254498226646474e-8,0.17173617841155736,0.7500473443213371,0.22896711749169493
C01,02,2hpi-WT,1,FRK1,02,WT,24.03,2.0226175219036864,1.0240321293410604e-8,4.350895365492805,0.9551262539674756,4.555309151454823
C02,10,24hpi-Mock,1,FRK1,24,Mock,26.11,2.010905108743278,1.8440363724392716e-8,0.6496454930294955,0.402089824824519,1.615672551059991
C03,19,2hpi-Mock,1,FRK1,02,Mock,25,2.0261071412777034,1.3952599831321362e-8,1.5444885015175893,0.9551262539674756,1.61705166736018
C05,02,2hpi-WT,2,FRK1,02,WT,24.17,1.9960191658609936,1.0240321293410604e-8,5.428820056212305,0.9551262539674756,5.683876904923995
C06,36,6hpi-wfgD,1,FRK1,06,wfgD,23.36,2.145981793544297,6.74911673743266e-9,2.654415634425653,0.15577573890514648,17.039981020677136
C07,10,24hpi-Mock,2,FRK1,24,Mock,26.21,2.012918827728852,1.8440363724392716e-8,0.5901252387650351,0.402089824824519,1.4676452929953623
C08,19,2hpi-Mock,2,FRK1,02,Mock,24.69,2.1172089917175994,1.3952599831321362e-8,0.6489905509563655,0.9551262539674756,0.6794814279897966
C09,27,48hpi-tagG,2,FRK1,48,tagG,26.04,1.9750337195747103,7.896607264890501e-8,0.25456523781621515,0.7500473443213371,0.3393988922746638
C11,02,2hpi-WT,3,FRK1,02,WT,23.75,2.073581813775707,1.0240321293410604e-8,2.93466481232671,0.9551262539674756,3.0725412479622225
C12,10,24hpi-Mock,3,FRK1,24,Mock,26.79,2.0771353460621538,1.8440363724392716e-8,0.16956984778278836,0.402089824824519,0.42172131029874343
C13,19,2hpi-Mock,3,FRK1,02,Mock,24.94,2.0768694818674973,1.3952599831321362e-8,0.8692792150402593,0.9551262539674756,0.9101196950972519
C14,27,48hpi-tagG,3,FRK1,48,tagG,25.81,2.076656215803347,7.896607264890501e-8,0.08154155164396969,0.7500473443213371,0.10871520612842202
C15,36,6hpi-wfgD,3,FRK1,06,wfgD,23.17,2.000822727393369,6.74911673743266e-9,15.550684917378772,0.15577573890514648,99.82738664361433
D01,02,2hpi-WT,1,WRKY29,02,WT,25.58,2.092339491611668,1.0240321293410604e-8,0.613643254391131,0.46203813431030166,1.32812252674151
D02,10,24hpi-Mock,1,WRKY29,24,Mock,28.12,1.9682512048649383,1.8440363724392716e-8,0.29153192936839667,0.18969744345147538,1.5368258214980666
D03,19,2hpi-Mock,1,WRKY29,02,Mock,26.26,2.0574509912415246,1.3952599831321362e-8,0.42394763435954214,0.46203813431030166,0.9175598351689772
D04,27,48hpi-tagG,1,WRKY29,48,tagG,26.57,2.0060238193764275,7.896607264890501e-8,0.11735177674143306,0.32735222594664687,0.3584877921696476
D05,02,2hpi-WT,2,WRKY29,02,WT,25.47,2.200760955285518,1.0240321293410604e-8,0.18380416835160476,0.46203813431030166,0.3978116841502159
D06,36,6hpi-wfgD,1,WRKY29,06,wfgD,24.41,2.183336208180988,6.74911673743266e-9,0.7813017482419808,0.43047227500840274,1.8149873838605053
D07,10,24hpi-Mock,2,WRKY29,24,Mock,27.77,2.0736894511345474,1.8440363724392716e-8,0.08674759766051643,0.18969744345147538,0.45729450055928916
D08,19,2hpi-Mock,2,WRKY29,02,Mock,26,2.0011672179744413,1.3952599831321362e-8,1.051906125534663,0.46203813431030166,2.2766651655385006
D09,27,48hpi-tagG,2,WRKY29,48,tagG,25.97,2.007916996953316,7.896607264890501e-8,0.17388101910686773,0.32735222594664687,0.5311740850517618
D10,36,6hpi-wfgD,2,WRKY29,06,wfgD,25.04,2.0357223084855747,6.74911673743266e-9,2.757026378547074,0.43047227500840274,6.404654930432528
D11,02,2hpi-WT,3,WRKY29,02,WT,25.82,2.0482508996502955,1.0240321293410604e-8,0.890785980526509,0.46203813431030166,1.9279490465786169
D12,10,24hpi-Mock,3,WRKY29,24,Mock,28.17,1.9712686585270425,1.8440363724392716e-8,0.26992359565169727,0.18969744345147538,1.4229163595488505
D13,19,2hpi-Mock,3,WRKY29,02,Mock,26.4,2.1007348236104866,1.3952599831321362e-8,0.22117919048296655,0.46203813431030166,0.4787033235105744
D14,27,48hpi-tagG,3,WRKY29,48,tagG,26.37,1.8765405677626852,7.896607264890501e-8,0.7836283134912339,0.32735222594664687,2.393838353245084
D15,36,6hpi-wfgD,3,WRKY29,06,wfgD,25.87,2.0261339706546013,6.74911673743266e-9,1.7268229420356576,0.43047227500840274,4.011461462882715
D22,43,48hpi-wfgD,1,WRKY29,48,wfgD,28.16,1.928400180786639,1.5254498226646474e-8,0.610168731753979,0.32735222594664687,1.863951680760609
D23,43,48hpi-wfgD,2,WRKY29,48,wfgD,27.63,1.9930997823230765,1.5254498226646474e-8,0.34722792949623277,0.32735222594664687,1.0607165675813224
D24,43,48hpi-wfgD,3,WRKY29,48,wfgD,27.77,1.9614297618801975,1.5254498226646474e-8,0.4918769886684709,0.32735222594664687,1.5025924667108845
E01,03,6hpi-Mock,1,FRK1,06,Mock,25.74,2.1004890996071808,2.83605213223496e-8,0.17813853125005907,0.15577573890514648,1.1435576072505715
E02,11,24hpi-wfgD,1,FRK1,24,wfgD,25.29,2.2013275802999908,2.449614081646806e-8,0.08798464834683771,0.402089824824519,0.21881839060522404
E03,20,2hpi-tagG,1,FRK1,02,tagG,23.68,2.0806547285700767,3.8231550270343585e-8,0.7631355234423864,0.9551262539674756,0.7989891600952402
E04,28,72hpi-WT,1,FRK1,72,WT,27.63,1.9679539104485226,1.1162416729663782e-8,0.6739217063312922,0.5592811951830358,1.204978304537377
E05,03,6hpi-Mock,2,FRK1,06,Mock,25.79,2.0215145242995978,2.83605213223496e-8,0.46118950462214336,0.15577573890514648,2.9605990500418464
E06,37,6hpi-rmlC,1,FRK1,06,rmlC,25.35,1.966550245360922,1.0708154495160476e-8,3.34859347955411,0.15577573890514648,21.49624519895941
E07,11,24hpi-wfgD,2,FRK1,24,wfgD,25.54,2.211874510046715,2.449614081646806e-8,0.06393218894916179,0.402089824824519,0.1589997682161274
E08,20,2hpi-tagG,2,FRK1,02,tagG,23.13,2.1192685036149412,3.8231550270343585e-8,0.7462705227025379,0.9551262539674756,0.7813318078134938
E09,28,72hpi-WT,2,FRK1,72,WT,27.14,1.9887680521717364,1.1162416729663782e-8,0.7057783785498918,0.5592811951830358,1.2619383319671815
E10,37,6hpi-rmlC,2,FRK1,06,rmlC,24.85,2.104869361965837,1.0708154495160476e-8,0.8672423487666543,0.15577573890514648,5.567249142016443
E11,03,6hpi-Mock,3,FRK1,06,Mock,25.44,2.2347579345975928,2.83605213223496e-8,0.04601105349455322,0.15577573890514648,0.29536726205208275
E12,11,24hpi-wfgD,3,FRK1,24,wfgD,25.88,2.011086432004449,2.449614081646806e-8,0.5729475706013025,0.402089824824519,1.4249243209557707
E13,20,2hpi-tagG,3,FRK1,02,tagG,23.48,2.1891337860206574,3.8231550270343585e-8,0.2679072090084444,0.9551262539674756,0.28049402672745216
E14,28,72hpi-WT,3,FRK1,72,WT,27.64,1.9737839172282905,1.1162416729663782e-8,0.6168231428025055,0.5592811951830358,1.1028855397160957
E15,37,6hpi-rmlC,3,FRK1,06,rmlC,25.12,2.0344244112864924,1.0708154495160476e-8,1.6681435702383545,0.15577573890514648,10.708622420684552
F01,03,6hpi-Mock,1,WRKY29,06,Mock,26.35,2.0480290160771384,2.83605213223496e-8,0.22058674605695489,0.43047227500840274,0.5124296240742776
F02,11,24hpi-wfgD,1,WRKY29,24,wfgD,26.88,2.0192439174356727,2.449614081646806e-8,0.2555217270436116,0.18969744345147538,1.3469961555331875
F03,20,2hpi-tagG,1,WRKY29,02,tagG,25.44,2.134713214947809,3.8231550270343585e-8,0.10944104450321468,0.46203813431030166,0.23686582638158352
F04,28,72hpi-WT,1,WRKY29,72,WT,26.23,1.9225949910067386,1.1162416729663782e-8,3.2052698871388006,0.4436679469447297,7.224479273771156
F05,03,6hpi-Mock,2,WRKY29,06,Mock,26.56,1.962524360183071,2.83605213223496e-8,0.5890035296416315,0.43047227500840274,1.3682728571314708
F06,37,6hpi-rmlC,1,WRKY29,06,rmlC,26.17,1.9871260337190357,1.0708154495160476e-8,1.4646245482629376,0.43047227500840274,3.4023667336865038
F07,11,24hpi-wfgD,2,WRKY29,24,wfgD,27.05,1.9944224057654285,2.449614081646806e-8,0.31684625034179004,0.18969744345147538,1.6702715892048348
F08,20,2hpi-tagG,2,WRKY29,02,tagG,25.14,2.1904603277759938,3.8231550270343585e-8,0.07186515032039664,0.46203813431030166,0.15553943491628008
F09,28,72hpi-WT,2,WRKY29,72,WT,26.26,1.9977369858232763,1.1162416729663782e-8,1.1484332111872995,0.4436679469447297,2.58849713867287
F10,37,6hpi-rmlC,2,WRKY29,06,rmlC,26.67,1.9181103855140615,1.0708154495160476e-8,2.667144495218222,0.43047227500840274,6.195856620884957
F11,03,6hpi-Mock,3,WRKY29,06,Mock,26.25,1.9750885583821236,2.83605213223496e-8,0.6139574094068484,0.43047227500840274,1.426241467920005
F12,11,24hpi-wfgD,3,WRKY29,24,wfgD,27.33,1.950237332054388,2.449614081646806e-8,0.481739098637664,0.18969744345147538,2.539512867820451
F13,20,2hpi-tagG,3,WRKY29,02,tagG,25.48,2.074470619375422,3.8231550270343585e-8,0.2201812763268087,0.46203813431030166,0.47654351443410614
F14,28,72hpi-WT,3,WRKY29,72,WT,26.34,1.962502296963262,1.1162416729663782e-8,1.7362881126971454,0.4436679469447297,3.913485580046748
F15,37,6hpi-rmlC,3,WRKY29,06,rmlC,26.27,1.9699866152920753,1.0708154495160476e-8,1.716860962026678,0.43047227500840274,3.9883194846710284
G01,04,6hpi-WT,1,FRK1,06,WT,25.27,1.9842075072282448,2.2093437383219167e-8,1.366818928510994,0.15577573890514648,8.774273440251596
G02,12,72hpi-Mock,1,FRK1,72,Mock,27.11,2.038156840614738,1.4018317263873881e-8,0.29503446769262415,0.5592811951830358,0.5275243835009835
G03,21,2hpi-wfgD,1,FRK1,02,wfgD,24.52,2.1469082192692284,1.4542097480506114e-8,0.5026971831361069,0.9551262539674756,0.5263149044934796
G04,29,72hpi-wfgD,1,FRK1,72,wfgD,26.63,1.9502765442819212,1.6782015574175884e-8,1.1217449897234566,0.5592811951830358,2.005690517372649
G05,04,6hpi-WT,2,FRK1,06,WT,25.53,1.9817397947113955,2.2093437383219167e-8,1.1806909529930238,0.15577573890514648,7.5794277163529244
G06,38,10hpi-tagG,1,FRK1,10,tagG,24.72,2.073928376776006,1.3903771648973488e-8,1.0610253896460977,1.404472548587301,0.7554618213886329
G07,12,72hpi-Mock,2,FRK1,72,Mock,27.51,1.9578410411226455,1.4018317263873881e-8,0.6706672002069191,0.5592811951830358,1.1991592171938303
G08,21,2hpi-wfgD,2,FRK1,02,wfgD,24.3,2.169019078127337,1.4542097480506114e-8,0.4636315794850736,0.9551262539674756,0.48541392047303245
G09,29,72hpi-wfgD,2,FRK1,72,wfgD,26.93,1.9352775102000597,1.6782015574175884e-8,1.1302126535713521,0.5592811951830358,2.020830779410468
G10,38,10hpi-tagG,2,FRK1,10,tagG,24.61,2.151236886908128,1.3903771648973488e-8,0.46710001820700436,1.404472548587301,0.33258038306041676
G11,04,6hpi-WT,3,FRK1,06,WT,24.98,2.0159582678164276,2.2093437383219167e-8,1.121470621396327,0.15577573890514648,7.199263693296955
G12,12,72hpi-Mock,3,FRK1,72,Mock,27.4,1.9434308751354068,1.4018317263873881e-8,0.8841192134369018,0.5592811951830358,1.580813410233749
G13,21,2hpi-wfgD,3,FRK1,02,wfgD,24.67,2.129509118263427,1.4542097480506114e-8,0.5479205444141759,0.9551262539674756,0.5736629499379607
G14,29,72hpi-wfgD,3,FRK1,72,wfgD,26.65,1.7796179861183374,1.6782015574175884e-8,12.704191242264889,0.5592811951830358,22.715212583014154
G15,38,10hpi-tagG,3,FRK1,10,tagG,24.48,2.15417679937588,1.3903771648973488e-8,0.49904541234763733,1.404472548587301,0.35532585727617516
H01,04,6hpi-WT,1,WRKY29,06,WT,26.56,2.0113173620236195,2.2093437383219167e-8,0.39381468509400275,0.43047227500840274,0.914843319668649
H02,12,72hpi-Mock,1,WRKY29,72,Mock,26.82,1.9913419226649864,1.4018317263873881e-8,0.6764142868656363,0.4436679469447297,1.524595796301465
H03,21,2hpi-wfgD,1,WRKY29,02,wfgD,25.61,2.140738015861053,1.4542097480506114e-8,0.2353104226145949,0.46203813431030166,0.5092878815421803
H04,29,72hpi-wfgD,1,WRKY29,72,wfgD,26.7,1.9327343756183872,1.6782015574175884e-8,1.3625702807587157,0.4436679469447297,3.071148795268861
H05,04,6hpi-WT,2,WRKY29,06,WT,26.4,1.9464732233791533,2.2093437383219167e-8,1.046111699355191,0.43047227500840274,2.4301488390507173
H06,38,10hpi-tagG,1,WRKY29,10,tagG,26.24,1.9528375663297093,1.3903771648973488e-8,1.6974162696613042,0.49095025781549406,3.4574098753181977
H07,12,72hpi-Mock,2,WRKY29,72,Mock,26.85,2.0475073885550765,1.4018317263873881e-8,0.3139785947065117,0.4436679469447297,0.7076882539491315
H08,21,2hpi-wfgD,2,WRKY29,02,wfgD,25.58,2.281232817266934,1.4542097480506114e-8,0.04735810422246683,0.46203813431030166,0.10249825870576615
H09,29,72hpi-wfgD,2,WRKY29,72,wfgD,26.6,1.8818555369091348,1.6782015574175884e-8,2.9591078941393105,0.4436679469447297,6.669645428561788
H10,38,10hpi-tagG,2,WRKY29,10,tagG,26.42,1.9284518256324397,1.3903771648973488e-8,2.0972539854026366,0.49095025781549406,4.271825815377846
H11,04,6hpi-WT,3,WRKY29,06,WT,26.63,1.9624288256816866,2.2093437383219167e-8,0.7221622232826705,0.43047227500840274,1.677604494432479
H12,12,72hpi-Mock,3,WRKY29,72,Mock,27.08,2.014909949109255,1.4018317263873881e-8,0.41120780443392246,0.4436679469447297,0.9268368546018696
H13,21,2hpi-wfgD,3,WRKY29,02,wfgD,25.62,2.1331082602635894,1.4542097480506114e-8,0.2558954212692949,0.46203813431030166,0.553840478235152
H14,29,72hpi-wfgD,3,WRKY29,72,wfgD,26.45,1.9578513555998636,1.6782015574175884e-8,1.141779887898013,0.4436679469447297,2.573500961159701
H15,38,10hpi-tagG,3,WRKY29,10,tagG,26.7,2.0814292085529464,1.3903771648973488e-8,0.22730629345064507,0.49095025781549406,0.4629925126469125
H23,44,72hpi-OBC,2,FRK1,72,OBC,26.28,1.9243656601245076,1.3177651986581915e-8,2.564979389890379,0.5592811951830358,4.5862071029420886
H24,44,72hpi-OBC,3,FRK1,72,OBC,26.63,1.9144070029651576,1.3177651986581915e-8,2.3420126807321235,0.5592811951830358,4.187540544726618
I01,05,6hpi-OBC,1,FRK1,06,OBC,26.31,1.967952993537426,1.316962067102669e-8,1.3960450498282881,0.15577573890514648,8.961890084041617
I02,13,72hpi-rmlC,1,FRK1,72,rmlC,26.62,2.226202292200542,2.794002778615629e-8,0.02002639755124048,0.5592811951830358,0.035807385844050146
I03,22,10hpi-OBC,1,FRK1,10,OBC,26.2,1.9832808517244729,2.262871524603236e-8,0.7142883528807511,1.404472548587301,0.5085812133524598
I04,31,0hpi-OBC,1,FRK1,0,OBC,28.06,2.037288376299299,1.707254722833152e-8,0.12464886298678979,0.278147807355142,0.4481389379699004
I05,05,6hpi-OBC,2,FRK1,06,OBC,26.96,1.9800457741142137,1.316962067102669e-8,0.7621887354026756,0.15577573890514648,4.892859059823048
I06,39,24hpi-WT,1,FRK1,24,WT,26.23,2.0008259098112635,2.480048166053999e-8,0.5067804760832544,0.402089824824519,1.2603663281069715
I07,13,72hpi-rmlC,2,FRK1,72,rmlC,26.52,2.1504010798894075,2.794002778615629e-8,0.05436968740086171,0.5592811951830358,0.09721350882013503
I08,22,10hpi-OBC,2,FRK1,10,OBC,26.03,2.0018727494193294,2.262871524603236e-8,0.629432041151352,1.404472548587301,0.4481625801689544
I09,31,0hpi-OBC,2,FRK1,0,OBC,27.85,2.0701187044921507,1.707254722833152e-8,0.0927329296829968,0.278147807355142,0.3333944299787143
I10,39,24hpi-WT,2,FRK1,24,WT,25.71,2.060282383123339,2.480048166053999e-8,0.3423601177611313,0.402089824824519,0.8514518314671229
I11,05,6hpi-OBC,3,FRK1,06,OBC,25.74,2.1308885789287006,1.316962067102669e-8,0.26501670081171436,0.15577573890514648,1.7012707028344503
I12,13,72hpi-rmlC,3,FRK1,72,rmlC,26.94,1.9933035807256165,2.794002778615629e-8,0.3042737636238706,0.5592811951830358,0.5440443309099477
I13,22,10hpi-OBC,3,FRK1,10,OBC,26.22,1.9724824317372907,2.262871524603236e-8,0.8130092236298339,1.404472548587301,0.5788715660178656
I14,31,0hpi-OBC,3,FRK1,0,OBC,27.83,2.0110710258749744,1.707254722833152e-8,0.21053140255947944,0.278147807355142,0.7569047714644421
I15,39,24hpi-WT,3,FRK1,24,WT,26.1,2.0114707850441564,2.480048166053999e-8,0.48287147722978785,0.402089824824519,1.2009044930209904
J01,05,6hpi-OBC,1,WRKY29,06,OBC,26.45,2.168830039503803,1.316962067102669e-8,0.09710950365437933,0.43047227500840274,0.2255882882410575
J02,13,72hpi-rmlC,1,WRKY29,72,rmlC,26.39,1.9530978480410988,2.794002778615629e-8,0.7613191719667491,0.4436679469447297,1.715966134604696
J03,22,10hpi-OBC,1,WRKY29,10,OBC,27.81,1.9594343515115233,2.262871524603236e-8,0.3320357510292162,0.49095025781549406,0.6763124079140413
J04,31,0hpi-OBC,1,WRKY29,0,OBC,26.81,2.047330882250164,1.707254722833152e-8,0.26591962720755424,0.5249638019540435,0.5065485014733139
J05,05,6hpi-OBC,2,WRKY29,06,OBC,26.44,1.9930120853042093,1.316962067102669e-8,0.9149221178661132,0.43047227500840274,2.1253915083108526
J06,39,24hpi-WT,1,WRKY29,24,WT,27.79,1.8097393715996093,2.480048166053999e-8,2.795054489966992,0.18969744345147538,14.73427600874319
J07,13,72hpi-rmlC,2,WRKY29,72,rmlC,26.84,2.030252139672057,2.794002778615629e-8,0.19912775034642488,0.4436679469447297,0.4488215831630302
J08,22,10hpi-OBC,2,WRKY29,10,OBC,27.21,1.9763508862345704,2.262871524603236e-8,0.39344064689390695,0.49095025781549406,0.8013859665631695
J09,31,0hpi-OBC,2,WRKY29,0,OBC,26.46,1.8997326827075054,1.707254722833152e-8,2.4745616459194957,0.5249638019540435,4.713775762649869
J10,39,24hpi-WT,2,WRKY29,24,WT,27.85,2.004765258512623,2.480048166053999e-8,0.15598061918941633,0.18969744345147538,0.8222599965049934
J11,05,6hpi-OBC,3,WRKY29,06,OBC,26.49,2.1009793279482016,1.316962067102669e-8,0.21851124948786815,0.43047227500840274,0.5076081833228466
J12,13,72hpi-rmlC,3,WRKY29,72,rmlC,26.83,2.0067477819799064,2.794002778615629e-8,0.2740889750525833,0.4436679469447297,0.6177795284515519
J13,22,10hpi-OBC,3,WRKY29,10,OBC,27.5,1.9757148324211917,2.262871524603236e-8,0.32577889444007246,0.49095025781549406,0.663568028031273
J14,31,0hpi-OBC,3,WRKY29,0,OBC,26.61,2.1071373731355165,1.707254722833152e-8,0.1426379006903144,0.5249638019540435,0.2717099734484193
J15,39,24hpi-WT,3,WRKY29,24,WT,28.37,1.9332521755193335,2.480048166053999e-8,0.3044632821045372,0.18969744345147538,1.604994124142843
J22,44,72hpi-OBC,1,WRKY29,72,OBC,26.46,1.9310094776651823,1.3177651986581915e-8,2.0811654151932064,0.4436679469447297,4.690817602499622
J24,44,72hpi-OBC,3,WRKY29,72,OBC,26.74,2.0208782112897175,1.3177651986581915e-8,0.5128833303164687,0.4436679469447297,1.156007175745697
K01,06,10hpi-Mock,1,FRK1,10,Mock,27.02,2.015264363537035,5.842032574890381e-9,1.024199841932427,1.404472548587301,0.7292416238128868
K02,14,72hpi-tagG,1,FRK1,72,tagG,25.99,2.030967580109069,2.7400262547845202e-8,0.3673199715100869,0.5592811951830358,0.6567715393861476
K04,32,0hpi-tagG,1,FRK1,0,tagG,27.74,2.0900777608063965,5.124024626185945e-9,0.25649717653465864,0.278147807355142,0.922161418325187
K05,06,10hpi-Mock,2,FRK1,10,Mock,27.24,1.9579696481537594,5.842032574890381e-9,1.92593579785521,1.404472548587301,1.3712876052952594
K06,40,24hpi-tagG,1,FRK1,24,tagG,25.43,2.2341551214035396,5.787595469150182e-9,0.22884952272648976,0.402089824824519,0.569150246033619
K07,14,72hpi-tagG,2,FRK1,72,tagG,26.24,2.0094119969561604,2.7400262547845202e-8,0.4071129865940342,0.5592811951830358,0.7279218219750773
K08,23,24hpi-OBC,2,FRK1,24,OBC,24.88,2.012769897643787,2.0310132632237667e-8,1.3610977619960287,0.402089824824519,3.3850589544016496
K09,32,0hpi-tagG,2,FRK1,0,tagG,27.38,2.1742252375855142,5.124024626185945e-9,0.11349864849803652,0.278147807355142,0.40805156645768653
K10,40,24hpi-tagG,2,FRK1,24,tagG,24.96,2.016225330209548,5.787595469150182e-9,4.327197630552518,0.402089824824519,10.761768548709243
K12,14,72hpi-tagG,3,FRK1,72,tagG,26.67,1.9816417308339025,2.7400262547845202e-8,0.43710402845414564,0.5592811951830358,0.7815460849011645
K13,23,24hpi-OBC,3,FRK1,24,OBC,24.91,2.0626620007653256,2.0310132632237667e-8,0.7242426043593567,0.402089824824519,1.8011960503487807
K14,32,0hpi-tagG,3,FRK1,0,tagG,27.58,2.110156320851597,5.124024626185945e-9,0.22171308274239707,0.278147807355142,0.7971052687800322
K15,40,24hpi-tagG,3,FRK1,24,tagG,25.05,2.032365024447049,5.787595469150182e-9,3.327047001995096,0.402089824824519,8.274387454213977
L01,06,10hpi-Mock,1,WRKY29,10,Mock,27.36,2.0092715484269834,5.842032574890381e-9,0.875586350398523,0.49095025781549406,1.783452267230666
L02,14,72hpi-tagG,1,WRKY29,72,tagG,26.66,2.044527429769722,2.7400262547845202e-8,0.19135396043105035,0.4436679469447297,0.431299943457237
L03,23,24hpi-OBC,1,WRKY29,24,OBC,27.78,2.0613673981549345,2.0310132632237667e-8,0.09226779495856773,0.18969744345147538,0.4863945094872606
L04,32,0hpi-tagG,1,WRKY29,0,tagG,26.92,2.0501854805221296,5.124024626185945e-9,0.7887095497159374,0.5249638019540435,1.5024074932027083
L07,14,72hpi-tagG,2,WRKY29,72,tagG,27.12,1.9295519082701589,2.7400262547845202e-8,0.6617072740254376,0.4436679469447297,1.491447102686168
L08,23,24hpi-OBC,2,WRKY29,24,OBC,27.45,2.097865271649681,2.0310132632237667e-8,0.07235895643814495,0.18969744345147538,0.3814440253996063
L09,32,0hpi-tagG,2,WRKY29,0,tagG,26.87,2.0163997469010013,5.124024626185945e-9,1.2776580314363317,0.5249638019540435,2.433802152987647
L10,40,24hpi-tagG,2,WRKY29,24,tagG,28.26,1.9319659884951959,5.787595469150182e-9,1.4294093690879808,0.18969744345147538,7.5352062899763
L11,06,10hpi-Mock,3,WRKY29,10,Mock,27.54,2.0859553675755573,5.842032574890381e-9,0.27528085098562166,0.49095025781549406,0.5607102687154022
L12,14,72hpi-tagG,3,WRKY29,72,tagG,27.33,1.9278744325533588,2.7400262547845202e-8,0.5902598031584959,0.4436679469447297,1.3304089403421067
L13,23,24hpi-OBC,3,WRKY29,24,OBC,27.79,2.0330316831405204,2.0310132632237667e-8,0.13457407410620117,0.18969744345147538,0.7094142738967657
L14,32,0hpi-tagG,3,WRKY29,0,tagG,26.63,2.111329856999661,5.124024626185945e-9,0.4440788964593314,0.5249638019540435,0.8459228899332893
L15,40,24hpi-tagG,3,WRKY29,24,tagG,27.97,2.040809356630254,5.787595469150182e-9,0.37353188225085204,0.18969744345147538,1.9690928641660979
M01,07,10hpi-WT,1,FRK1,10,WT,25.45,1.945339671897343,1.934075039425641e-8,2.283455964275365,1.404472548587301,1.6258459209987377
M02,16,0hpi-Mock,1,FRK1,0,Mock,26.56,2.146508786941473,1.588743027143832e-8,0.09730308507825629,0.278147807355142,0.34982510199700656
M03,24,24hpi-rmlC,1,FRK1,24,rmlC,25,2.035510080834911,4.7862691448454064e-8,0.40102499726773966,0.402089824824519,0.9973517669658911
M04,33,2hpi-OBC,1,FRK1,02,OBC,24.34,1.9628158841741252,1.8850118712293753e-8,3.944548731750671,0.9551262539674756,4.129871538307639
M05,07,10hpi-WT,2,FRK1,10,WT,25.93,2.018106884998146,1.934075039425641e-8,0.6402130258477446,1.404472548587301,0.4558387606021261
M06,41,48hpi-Mock,1,FRK1,48,Mock,25.93,1.982395005867396,2.9694786538589063e-8,0.6624880326890281,0.7500473443213371,0.8832616203560656
M07,16,0hpi-Mock,2,FRK1,0,Mock,27.22,2.005939695144631,1.588743027143832e-8,0.37141021981542816,0.278147807355142,1.3352980321761363
M08,24,24hpi-rmlC,2,FRK1,24,rmlC,24.98,2.0627527307792626,4.7862691448454064e-8,0.291818323880515,0.402089824824519,0.7257540625602029
M09,33,2hpi-OBC,2,FRK1,02,OBC,24.14,2.012317645822043,1.8850118712293753e-8,2.4742953756322077,0.9551262539674756,2.5905427322872683
M12,16,0hpi-Mock,3,FRK1,0,Mock,26.9,1.9874383959781625,1.588743027143832e-8,0.5954515941885138,0.278147807355142,2.140774000164003
M13,24,24hpi-rmlC,3,FRK1,24,rmlC,25.05,2.0124606865776324,4.7862691448454064e-8,0.5147915193417887,0.402089824824519,1.2802898446048845
M14,33,2hpi-OBC,3,FRK1,02,OBC,23.79,2.1487563012889757,1.8850118712293753e-8,0.6636716953755589,0.9551262539674756,0.6948523220032422
M15,41,48hpi-Mock,3,FRK1,48,Mock,25.64,1.97854691367085,2.9694786538589063e-8,0.8491791413046722,0.7500473443213371,1.1321673861441803
N01,07,10hpi-WT,1,WRKY29,10,WT,26.5,2.0441209540021,1.934075039425641e-8,0.30556389768608355,0.49095025781549406,0.6223927838345666
N02,16,0hpi-Mock,1,WRKY29,0,Mock,26.58,2.0491590141425915,1.588743027143832e-8,0.3290525627435429,0.5249638019540435,0.6268100038873707
N03,24,24hpi-rmlC,1,WRKY29,24,rmlC,27.37,2.0246401398211082,4.7862691448454064e-8,0.08615141735860458,0.18969744345147538,0.45415170489971374
N04,33,2hpi-OBC,1,WRKY29,02,OBC,25.77,1.9538176207628888,1.8850118712293753e-8,1.6927961505284783,0.46203813431030166,3.663758518667223
N05,07,10hpi-WT,2,WRKY29,10,WT,26.79,2.093764589328234,1.934075039425641e-8,0.13057786506461583,0.49095025781549406,0.2659696435350255
N06,41,48hpi-Mock,1,WRKY29,48,Mock,27.09,1.9357385855020894,2.9694786538589063e-8,0.5710084022056494,0.32735222594664687,1.7443241772814906
N07,16,0hpi-Mock,2,WRKY29,0,Mock,27.05,1.9556751910699821,1.588743027143832e-8,0.8305578562018848,0.5249638019540435,1.582124049525597
N08,24,24hpi-rmlC,2,WRKY29,24,rmlC,27.32,2.1090819700824857,4.7862691448454064e-8,0.029226013615427093,0.18969744345147538,0.15406646016767805
N09,33,2hpi-OBC,2,WRKY29,02,OBC,25.72,2.1530427350382118,1.8850118712293753e-8,0.1440694009661614,0.46203813431030166,0.3118127926414952
N10,41,48hpi-Mock,2,WRKY29,48,Mock,27.22,1.9806880351087994,2.9694786538589063e-8,0.280534414646131,0.32735222594664687,0.8569803178667054
N11,07,10hpi-WT,3,WRKY29,10,WT,26.32,1.9791024606999377,1.934075039425641e-8,0.8137323513977497,0.49095025781549406,1.6574639455705544
N12,16,0hpi-Mock,3,WRKY29,0,Mock,27.12,1.9849879287412922,1.588743027143832e-8,0.5293621761255968,0.5249638019540435,1.0083784332466
N13,24,24hpi-rmlC,3,WRKY29,24,rmlC,27.44,2.0987861689620315,4.7862691448454064e-8,0.03056297689342306,0.18969744345147538,0.16111433205076942
N14,33,2hpi-OBC,3,WRKY29,02,OBC,25.21,2.0423220640449857,1.8850118712293753e-8,0.8062209724857018,0.46203813431030166,1.7449230109310616
N15,41,48hpi-Mock,3,WRKY29,48,Mock,27.42,1.988722220543236,2.9694786538589063e-8,0.21898645356702826,0.32735222594664687,0.6689627752912226
O01,08,10hpi-rmlC,1,FRK1,10,rmlC,26.36,1.9409965530861342,2.0350486089258154e-08,1.2562973100098427,1.404472548587301,0.8944975900550698
O02,17,0hpi-rmlC,1,FRK1,0,rmlC,26.88,2.007554859802425,9.154672851887653e-8,0.07992025652293133,0.278147807355142,0.2873301691028192
O03,25,48hpi-WT,1,FRK1,48,WT,24.1,2.1565719797867424,1.6176259752461453e-8,0.5589983121903712,0.7500473443213371,0.745284036297959
O04,34,2hpi-rmlC,1,FRK1,02,rmlC,24.8,1.9565665213286076,6.604999387556507e-9,8.934303267639434,0.9551262539674756,9.354054744624023
O05,08,10hpi-rmlC,2,FRK1,10,rmlC,27.07,1.9354997231568358,2.0350486089258154e-08,0.8471018484145082,1.404472548587301,0.6031458922188061
O06,42,48hpi-rmlC,1,FRK1,48,rmlC,24.96,1.9767749747412104,6.836962424218336e-8,0.5998521722579859,0.7500473443213371,0.7997524113637763
O07,17,0hpi-rmlC,2,FRK1,0,rmlC,26.46,2.115750662606063,9.154672851887653e-8,0.02670341978274796,0.278147807355142,0.0960044231039102
O08,25,48hpi-WT,2,FRK1,48,WT,24.27,2.1693640029531505,1.6176259752461453e-8,0.4249460773195813,0.7500473443213371,0.5665590052906379
O09,34,2hpi-rmlC,2,FRK1,02,rmlC,24.44,2.055209167693905,6.604999387556507e-9,3.419210836055489,0.9551262539674756,3.579852215194078
O10,42,48hpi-rmlC,2,FRK1,48,rmlC,23.74,1.9203904747767067,6.836962424218336e-8,2.7382244991840836,0.7500473443213371,3.6507355434498634
O11,08,10hpi-rmlC,3,FRK1,10,rmlC,25.82,2.0314838252753273,2.0350486089258154e-08,0.5542223430691839,1.404472548587301,0.3946124426758305
O12,17,0hpi-rmlC,3,FRK1,0,rmlC,27.17,2.1784284101251847,9.154672851887653e-8,0.007095841734427226,0.278147807355142,0.02551104681320454
O13,25,48hpi-WT,3,FRK1,48,WT,24.16,2.2282946506571006,1.6176259752461453e-8,0.24216057797521617,0.7500473443213371,0.3228603898255643
O14,34,2hpi-rmlC,3,FRK1,02,rmlC,24.2,1.9486399968125185,6.604999387556507e-9,14.744233424176679,0.9551262539674756,15.436947066349571
O15,42,48hpi-rmlC,3,FRK1,48,rmlC,24.36,1.9702804688674336,6.836962424218336e-8,0.9782130537056644,0.7500473443213371,1.3042017428790147
P01,08,10hpi-rmlC,1,WRKY29,10,rmlC,27.44,1.9322039442177463,2.0350486089258154e-08,0.695235391917386,0.49095025781549406,1.4161014906293525
P02,17,0hpi-rmlC,1,WRKY29,0,rmlC,26.26,1.9839577752969526,9.154672851887653e-8,0.16794059814821394,0.5249638019540435,0.31990891090604345
P03,25,48hpi-WT,1,WRKY29,48,WT,26.4,1.9530302214740698,1.6176259752461453e-8,1.3073902652500613,0.32735222594664687,3.993833435741307
P04,34,2hpi-rmlC,1,WRKY29,02,rmlC,26.31,1.925869396208955,6.604999387556507e-9,4.915812066447025,0.46203813431030166,10.639407662280965
P05,08,10hpi-rmlC,2,WRKY29,10,rmlC,27.29,1.9444979645734883,2.0350486089258154e-08,0.645459105966106,0.49095025781549406,1.3147138547968307
P06,42,48hpi-rmlC,1,WRKY29,48,rmlC,26.73,1.9366026700220722,6.836962424218336e-8,0.3108447518474206,0.32735222594664687,0.9495727452242322
P07,17,0hpi-rmlC,2,WRKY29,0,rmlC,26.67,1.904461623722515,9.154672851887653e-8,0.37742608348015433,0.5249638019540435,0.718956396755895
P08,25,48hpi-WT,2,WRKY29,48,WT,26.11,1.9951989577563807,1.6176259752461453e-8,0.9088285549993866,0.32735222594664687,2.776301741560514
P09,34,2hpi-rmlC,2,WRKY29,02,rmlC,25.86,1.9849127068540418,6.604999387556507e-9,3.023669399151641,0.46203813431030166,6.5441987892734526
P10,42,48hpi-rmlC,2,WRKY29,48,rmlC,27.39,1.9071609213944667,6.836962424218336e-8,0.30572262840096687,0.32735222594664687,0.9339256133568944
P11,08,10hpi-rmlC,3,WRKY29,10,rmlC,27.16,1.9583263521130536,2.0350486089258154e-08,0.5805328042929684,0.49095025781549406,1.1824676635797606
P12,17,0hpi-rmlC,3,WRKY29,0,rmlC,26.74,2.0489296627311613,9.154672851887653e-8,0.05106506132142154,0.5249638019540435,0.09727349034608655
P13,25,48hpi-WT,3,WRKY29,48,WT,26.29,1.9530518927736005,1.6176259752461453e-8,1.4068783326811587,0.32735222594664687,4.2977509274992896
P14,34,2hpi-rmlC,3,WRKY29,02,rmlC,25.75,2.059681217877083,6.604999387556507e-9,1.2582791323116513,0.46203813431030166,2.723323117452032
P15,42,48hpi-rmlC,3,WRKY29,48,rmlC,27.23,1.9122477677446055,6.836962424218336e-8,0.31527479992257107,0.32735222594664687,0.9631057159023436
