Row,Column,Well,Target,Ref,Sample,HPI,Treatment,Name,Replicate
A,01,A01,FRK1,FALSE,01,0,WT,0hpi-WT,1
A,02,A02,FRK1,FALSE,09,10,wfgD,10hpi-wfgD,1
A,03,A03,FRK1,FALSE,18,0,wfgD,0hpi-wfgD,1
A,04,A04,FRK1,FALSE,26,48,OBC,48hpi-OBC,1
A,05,A05,FRK1,FALSE,01,0,WT,0hpi-WT,2
A,06,A06,FRK1,FALSE,35,06,tagG,6hpi-tagG,1
A,07,A07,FRK1,FALSE,09,10,wfgD,10hpi-wfgD,2
A,08,A08,FRK1,FALSE,18,0,wfgD,0hpi-wfgD,2
A,09,A09,FRK1,FALSE,26,48,OBC,48hpi-OBC,2
A,10,A10,FRK1,FALSE,35,06,tagG,6hpi-tagG,2
A,11,A11,FRK1,FALSE,01,0,WT,0hpi-WT,3
A,12,A12,FRK1,FALSE,09,10,wfgD,10hpi-wfgD,3
A,13,A13,FRK1,FALSE,18,0,wfgD,0hpi-wfgD,3
A,14,A14,FRK1,FALSE,26,48,OBC,48hpi-OBC,3
A,15,A15,FRK1,FALSE,35,06,tagG,6hpi-tagG,3
A,16,A16,PP2A,TRUE,01,0,WT,0hpi-WT,1
A,17,A17,PP2A,TRUE,09,10,wfgD,10hpi-wfgD,1
A,18,A18,PP2A,TRUE,18,0,wfgD,0hpi-wfgD,1
A,19,A19,PP2A,TRUE,26,48,OBC,48hpi-OBC,1
A,20,A20,PP2A,TRUE,35,06,tagG,6hpi-tagG,1
A,21,A21,PP2A,TRUE,01,0,WT,0hpi-WT,3
A,22,A22,PP2A,TRUE,09,10,wfgD,10hpi-wfgD,3
A,23,A23,PP2A,TRUE,18,0,wfgD,0hpi-wfgD,3
A,24,A24,PP2A,TRUE,26,48,OBC,48hpi-OBC,3
B,01,B01,WRKY29,FALSE,01,0,WT,0hpi-WT,1
B,02,B02,WRKY29,FALSE,09,10,wfgD,10hpi-wfgD,1
B,03,B03,WRKY29,FALSE,18,0,wfgD,0hpi-wfgD,1
B,04,B04,WRKY29,FALSE,26,48,OBC,48hpi-OBC,1
B,05,B05,WRKY29,FALSE,01,0,WT,0hpi-WT,2
B,06,B06,WRKY29,FALSE,35,06,tagG,6hpi-tagG,1
B,07,B07,WRKY29,FALSE,09,10,wfgD,10hpi-wfgD,2
B,08,B08,WRKY29,FALSE,18,0,wfgD,0hpi-wfgD,2
B,09,B09,WRKY29,FALSE,26,48,OBC,48hpi-OBC,2
B,10,B10,WRKY29,FALSE,35,06,tagG,6hpi-tagG,2
B,11,B11,WRKY29,FALSE,01,0,WT,0hpi-WT,3
B,12,B12,WRKY29,FALSE,09,10,wfgD,10hpi-wfgD,3
B,13,B13,WRKY29,FALSE,18,0,wfgD,0hpi-wfgD,3
B,14,B14,WRKY29,FALSE,26,48,OBC,48hpi-OBC,3
B,15,B15,WRKY29,FALSE,35,06,tagG,6hpi-tagG,3
B,16,B16,PP2A,TRUE,01,0,WT,0hpi-WT,2
B,17,B17,PP2A,TRUE,09,10,wfgD,10hpi-wfgD,2
B,18,B18,PP2A,TRUE,18,0,wfgD,0hpi-wfgD,2
B,19,B19,PP2A,TRUE,26,48,OBC,48hpi-OBC,2
B,20,B20,PP2A,TRUE,35,06,tagG,6hpi-tagG,2
B,21,B21,PP2A,TRUE,35,06,tagG,6hpi-tagG,3
B,22,B22,FRK1,FALSE,43,48,wfgD,48hpi-wfgD,1
B,23,B23,FRK1,FALSE,43,48,wfgD,48hpi-wfgD,2
B,24,B24,FRK1,FALSE,43,48,wfgD,48hpi-wfgD,3
C,01,C01,FRK1,FALSE,02,02,WT,2hpi-WT,1
C,02,C02,FRK1,FALSE,10,24,Mock,24hpi-Mock,1
C,03,C03,FRK1,FALSE,19,02,Mock,2hpi-Mock,1
C,04,C04,FRK1,FALSE,27,48,tagG,48hpi-tagG,1
C,05,C05,FRK1,FALSE,02,02,WT,2hpi-WT,2
C,06,C06,FRK1,FALSE,36,06,wfgD,6hpi-wfgD,1
C,07,C07,FRK1,FALSE,10,24,Mock,24hpi-Mock,2
C,08,C08,FRK1,FALSE,19,02,Mock,2hpi-Mock,2
C,09,C09,FRK1,FALSE,27,48,tagG,48hpi-tagG,2
C,10,C10,FRK1,FALSE,36,06,wfgD,6hpi-wfgD,2
C,11,C11,FRK1,FALSE,02,02,WT,2hpi-WT,3
C,12,C12,FRK1,FALSE,10,24,Mock,24hpi-Mock,3
C,13,C13,FRK1,FALSE,19,02,Mock,2hpi-Mock,3
C,14,C14,FRK1,FALSE,27,48,tagG,48hpi-tagG,3
C,15,C15,FRK1,FALSE,36,06,wfgD,6hpi-wfgD,3
C,16,C16,PP2A,TRUE,02,02,WT,2hpi-WT,1
C,17,C17,PP2A,TRUE,10,24,Mock,24hpi-Mock,1
C,18,C18,PP2A,TRUE,19,02,Mock,2hpi-Mock,1
C,19,C19,PP2A,TRUE,27,48,tagG,48hpi-tagG,1
C,20,C20,PP2A,TRUE,36,06,wfgD,6hpi-wfgD,1
C,21,C21,PP2A,TRUE,02,02,WT,2hpi-WT,3
C,22,C22,PP2A,TRUE,10,24,Mock,24hpi-Mock,3
C,23,C23,PP2A,TRUE,19,02,Mock,2hpi-Mock,3
C,24,C24,PP2A,TRUE,27,48,tagG,48hpi-tagG,3
D,01,D01,WRKY29,FALSE,02,02,WT,2hpi-WT,1
D,02,D02,WRKY29,FALSE,10,24,Mock,24hpi-Mock,1
D,03,D03,WRKY29,FALSE,19,02,Mock,2hpi-Mock,1
D,04,D04,WRKY29,FALSE,27,48,tagG,48hpi-tagG,1
D,05,D05,WRKY29,FALSE,02,02,WT,2hpi-WT,2
D,06,D06,WRKY29,FALSE,36,06,wfgD,6hpi-wfgD,1
D,07,D07,WRKY29,FALSE,10,24,Mock,24hpi-Mock,2
D,08,D08,WRKY29,FALSE,19,02,Mock,2hpi-Mock,2
D,09,D09,WRKY29,FALSE,27,48,tagG,48hpi-tagG,2
D,10,D10,WRKY29,FALSE,36,06,wfgD,6hpi-wfgD,2
D,11,D11,WRKY29,FALSE,02,02,WT,2hpi-WT,3
D,12,D12,WRKY29,FALSE,10,24,Mock,24hpi-Mock,3
D,13,D13,WRKY29,FALSE,19,02,Mock,2hpi-Mock,3
D,14,D14,WRKY29,FALSE,27,48,tagG,48hpi-tagG,3
D,15,D15,WRKY29,FALSE,36,06,wfgD,6hpi-wfgD,3
D,16,D16,PP2A,TRUE,02,02,WT,2hpi-WT,2
D,17,D17,PP2A,TRUE,10,24,Mock,24hpi-Mock,2
D,18,D18,PP2A,TRUE,19,02,Mock,2hpi-Mock,2
D,19,D19,PP2A,TRUE,27,48,tagG,48hpi-tagG,2
D,20,D20,PP2A,TRUE,36,06,wfgD,6hpi-wfgD,2
D,21,D21,PP2A,TRUE,36,06,wfgD,6hpi-wfgD,3
D,22,D22,WRKY29,FALSE,43,48,wfgD,48hpi-wfgD,1
D,23,D23,WRKY29,FALSE,43,48,wfgD,48hpi-wfgD,2
D,24,D24,WRKY29,FALSE,43,48,wfgD,48hpi-wfgD,3
E,01,E01,FRK1,FALSE,03,06,Mock,6hpi-Mock,1
E,02,E02,FRK1,FALSE,11,24,wfgD,24hpi-wfgD,1
E,03,E03,FRK1,FALSE,20,02,tagG,2hpi-tagG,1
E,04,E04,FRK1,FALSE,28,72,WT,72hpi-WT,1
E,05,E05,FRK1,FALSE,03,06,Mock,6hpi-Mock,2
E,06,E06,FRK1,FALSE,37,06,rmlC,6hpi-rmlC,1
E,07,E07,FRK1,FALSE,11,24,wfgD,24hpi-wfgD,2
E,08,E08,FRK1,FALSE,20,02,tagG,2hpi-tagG,2
E,09,E09,FRK1,FALSE,28,72,WT,72hpi-WT,2
E,10,E10,FRK1,FALSE,37,06,rmlC,6hpi-rmlC,2
E,11,E11,FRK1,FALSE,03,06,Mock,6hpi-Mock,3
E,12,E12,FRK1,FALSE,11,24,wfgD,24hpi-wfgD,3
E,13,E13,FRK1,FALSE,20,02,tagG,2hpi-tagG,3
E,14,E14,FRK1,FALSE,28,72,WT,72hpi-WT,3
E,15,E15,FRK1,FALSE,37,06,rmlC,6hpi-rmlC,3
E,16,E16,PP2A,TRUE,03,06,Mock,6hpi-Mock,1
E,17,E17,PP2A,TRUE,11,24,wfgD,24hpi-wfgD,1
E,18,E18,PP2A,TRUE,20,02,tagG,2hpi-tagG,1
E,19,E19,PP2A,TRUE,28,72,WT,72hpi-WT,1
E,20,E20,PP2A,TRUE,37,06,rmlC,6hpi-rmlC,1
E,21,E21,PP2A,TRUE,03,06,Mock,6hpi-Mock,3
E,22,E22,PP2A,TRUE,11,24,wfgD,24hpi-wfgD,3
E,23,E23,PP2A,TRUE,20,02,tagG,2hpi-tagG,3
E,24,E24,PP2A,TRUE,28,72,WT,72hpi-WT,3
F,01,F01,WRKY29,FALSE,03,06,Mock,6hpi-Mock,1
F,02,F02,WRKY29,FALSE,11,24,wfgD,24hpi-wfgD,1
F,03,F03,WRKY29,FALSE,20,02,tagG,2hpi-tagG,1
F,04,F04,WRKY29,FALSE,28,72,WT,72hpi-WT,1
F,05,F05,WRKY29,FALSE,03,06,Mock,6hpi-Mock,2
F,06,F06,WRKY29,FALSE,37,06,rmlC,6hpi-rmlC,1
F,07,F07,WRKY29,FALSE,11,24,wfgD,24hpi-wfgD,2
F,08,F08,WRKY29,FALSE,20,02,tagG,2hpi-tagG,2
F,09,F09,WRKY29,FALSE,28,72,WT,72hpi-WT,2
F,10,F10,WRKY29,FALSE,37,06,rmlC,6hpi-rmlC,2
F,11,F11,WRKY29,FALSE,03,06,Mock,6hpi-Mock,3
F,12,F12,WRKY29,FALSE,11,24,wfgD,24hpi-wfgD,3
F,13,F13,WRKY29,FALSE,20,02,tagG,2hpi-tagG,3
F,14,F14,WRKY29,FALSE,28,72,WT,72hpi-WT,3
F,15,F15,WRKY29,FALSE,37,06,rmlC,6hpi-rmlC,3
F,16,F16,PP2A,TRUE,03,06,Mock,6hpi-Mock,2
F,17,F17,PP2A,TRUE,11,24,wfgD,24hpi-wfgD,2
F,18,F18,PP2A,TRUE,20,02,tagG,2hpi-tagG,2
F,19,F19,PP2A,TRUE,28,72,WT,72hpi-WT,2
F,20,F20,PP2A,TRUE,37,06,rmlC,6hpi-rmlC,2
F,21,F21,PP2A,TRUE,37,06,rmlC,6hpi-rmlC,3
F,22,F22,PP2A,TRUE,43,48,wfgD,48hpi-wfgD,1
F,23,F23,PP2A,TRUE,43,48,wfgD,48hpi-wfgD,2
F,24,F24,PP2A,TRUE,43,48,wfgD,48hpi-wfgD,3
G,01,G01,FRK1,FALSE,04,06,WT,6hpi-WT,1
G,02,G02,FRK1,FALSE,12,72,Mock,72hpi-Mock,1
G,03,G03,FRK1,FALSE,21,02,wfgD,2hpi-wfgD,1
G,04,G04,FRK1,FALSE,29,72,wfgD,72hpi-wfgD,1
G,05,G05,FRK1,FALSE,04,06,WT,6hpi-WT,2
G,06,G06,FRK1,FALSE,38,10,tagG,10hpi-tagG,1
G,07,G07,FRK1,FALSE,12,72,Mock,72hpi-Mock,2
G,08,G08,FRK1,FALSE,21,02,wfgD,2hpi-wfgD,2
G,09,G09,FRK1,FALSE,29,72,wfgD,72hpi-wfgD,2
G,10,G10,FRK1,FALSE,38,10,tagG,10hpi-tagG,2
G,11,G11,FRK1,FALSE,04,06,WT,6hpi-WT,3
G,12,G12,FRK1,FALSE,12,72,Mock,72hpi-Mock,3
G,13,G13,FRK1,FALSE,21,02,wfgD,2hpi-wfgD,3
G,14,G14,FRK1,FALSE,29,72,wfgD,72hpi-wfgD,3
G,15,G15,FRK1,FALSE,38,10,tagG,10hpi-tagG,3
G,16,G16,PP2A,TRUE,04,06,WT,6hpi-WT,1
G,17,G17,PP2A,TRUE,12,72,Mock,72hpi-Mock,1
G,18,G18,PP2A,TRUE,21,02,wfgD,2hpi-wfgD,1
G,19,G19,PP2A,TRUE,29,72,wfgD,72hpi-wfgD,1
G,20,G20,PP2A,TRUE,38,10,tagG,10hpi-tagG,1
G,21,G21,PP2A,TRUE,04,06,WT,6hpi-WT,3
G,22,G22,PP2A,TRUE,12,72,Mock,72hpi-Mock,3
G,23,G23,PP2A,TRUE,21,02,wfgD,2hpi-wfgD,3
G,24,G24,PP2A,TRUE,29,72,wfgD,72hpi-wfgD,3
H,01,H01,WRKY29,FALSE,04,06,WT,6hpi-WT,1
H,02,H02,WRKY29,FALSE,12,72,Mock,72hpi-Mock,1
H,03,H03,WRKY29,FALSE,21,02,wfgD,2hpi-wfgD,1
H,04,H04,WRKY29,FALSE,29,72,wfgD,72hpi-wfgD,1
H,05,H05,WRKY29,FALSE,04,06,WT,6hpi-WT,2
H,06,H06,WRKY29,FALSE,38,10,tagG,10hpi-tagG,1
H,07,H07,WRKY29,FALSE,12,72,Mock,72hpi-Mock,2
H,08,H08,WRKY29,FALSE,21,02,wfgD,2hpi-wfgD,2
H,09,H09,WRKY29,FALSE,29,72,wfgD,72hpi-wfgD,2
H,10,H10,WRKY29,FALSE,38,10,tagG,10hpi-tagG,2
H,11,H11,WRKY29,FALSE,04,06,WT,6hpi-WT,3
H,12,H12,WRKY29,FALSE,12,72,Mock,72hpi-Mock,3
H,13,H13,WRKY29,FALSE,21,02,wfgD,2hpi-wfgD,3
H,14,H14,WRKY29,FALSE,29,72,wfgD,72hpi-wfgD,3
H,15,H15,WRKY29,FALSE,38,10,tagG,10hpi-tagG,3
H,16,H16,PP2A,TRUE,04,06,WT,6hpi-WT,2
H,17,H17,PP2A,TRUE,12,72,Mock,72hpi-Mock,2
H,18,H18,PP2A,TRUE,21,02,wfgD,2hpi-wfgD,2
H,19,H19,PP2A,TRUE,29,72,wfgD,72hpi-wfgD,2
H,20,H20,PP2A,TRUE,38,10,tagG,10hpi-tagG,2
H,21,H21,PP2A,TRUE,38,10,tagG,10hpi-tagG,3
H,22,H22,FRK1,FALSE,44,72,OBC,72hpi-OBC,1
H,23,H23,FRK1,FALSE,44,72,OBC,72hpi-OBC,2
H,24,H24,FRK1,FALSE,44,72,OBC,72hpi-OBC,3
I,01,I01,FRK1,FALSE,05,06,OBC,6hpi-OBC,1
I,02,I02,FRK1,FALSE,13,72,rmlC,72hpi-rmlC,1
I,03,I03,FRK1,FALSE,22,10,OBC,10hpi-OBC,1
I,04,I04,FRK1,FALSE,31,0,OBC,0hpi-OBC,1
I,05,I05,FRK1,FALSE,05,06,OBC,6hpi-OBC,2
I,06,I06,FRK1,FALSE,39,24,WT,24hpi-WT,1
I,07,I07,FRK1,FALSE,13,72,rmlC,72hpi-rmlC,2
I,08,I08,FRK1,FALSE,22,10,OBC,10hpi-OBC,2
I,09,I09,FRK1,FALSE,31,0,OBC,0hpi-OBC,2
I,10,I10,FRK1,FALSE,39,24,WT,24hpi-WT,2
I,11,I11,FRK1,FALSE,05,06,OBC,6hpi-OBC,3
I,12,I12,FRK1,FALSE,13,72,rmlC,72hpi-rmlC,3
I,13,I13,FRK1,FALSE,22,10,OBC,10hpi-OBC,3
I,14,I14,FRK1,FALSE,31,0,OBC,0hpi-OBC,3
I,15,I15,FRK1,FALSE,39,24,WT,24hpi-WT,3
I,16,I16,PP2A,TRUE,05,06,OBC,6hpi-OBC,1
I,17,I17,PP2A,TRUE,13,72,rmlC,72hpi-rmlC,1
I,18,I18,PP2A,TRUE,22,10,OBC,10hpi-OBC,1
I,19,I19,PP2A,TRUE,31,0,OBC,0hpi-OBC,1
I,20,I20,PP2A,TRUE,39,24,WT,24hpi-WT,1
I,21,I21,PP2A,TRUE,05,06,OBC,6hpi-OBC,3
I,22,I22,PP2A,TRUE,13,72,rmlC,72hpi-rmlC,3
I,23,I23,PP2A,TRUE,22,10,OBC,10hpi-OBC,3
I,24,I24,PP2A,TRUE,31,0,OBC,0hpi-OBC,3
J,01,J01,WRKY29,FALSE,05,06,OBC,6hpi-OBC,1
J,02,J02,WRKY29,FALSE,13,72,rmlC,72hpi-rmlC,1
J,03,J03,WRKY29,FALSE,22,10,OBC,10hpi-OBC,1
J,04,J04,WRKY29,FALSE,31,0,OBC,0hpi-OBC,1
J,05,J05,WRKY29,FALSE,05,06,OBC,6hpi-OBC,2
J,06,J06,WRKY29,FALSE,39,24,WT,24hpi-WT,1
J,07,J07,WRKY29,FALSE,13,72,rmlC,72hpi-rmlC,2
J,08,J08,WRKY29,FALSE,22,10,OBC,10hpi-OBC,2
J,09,J09,WRKY29,FALSE,31,0,OBC,0hpi-OBC,2
J,10,J10,WRKY29,FALSE,39,24,WT,24hpi-WT,2
J,11,J11,WRKY29,FALSE,05,06,OBC,6hpi-OBC,3
J,12,J12,WRKY29,FALSE,13,72,rmlC,72hpi-rmlC,3
J,13,J13,WRKY29,FALSE,22,10,OBC,10hpi-OBC,3
J,14,J14,WRKY29,FALSE,31,0,OBC,0hpi-OBC,3
J,15,J15,WRKY29,FALSE,39,24,WT,24hpi-WT,3
J,16,J16,PP2A,TRUE,05,06,OBC,6hpi-OBC,2
J,17,J17,PP2A,TRUE,13,72,rmlC,72hpi-rmlC,2
J,18,J18,PP2A,TRUE,22,10,OBC,10hpi-OBC,2
J,19,J19,PP2A,TRUE,31,0,OBC,0hpi-OBC,2
J,20,J20,PP2A,TRUE,39,24,WT,24hpi-WT,2
J,21,J21,PP2A,TRUE,39,24,WT,24hpi-WT,3
J,22,J22,WRKY29,FALSE,44,72,OBC,72hpi-OBC,1
J,23,J23,WRKY29,FALSE,44,72,OBC,72hpi-OBC,2
J,24,J24,WRKY29,FALSE,44,72,OBC,72hpi-OBC,3
K,01,K01,FRK1,FALSE,06,10,Mock,10hpi-Mock,1
K,02,K02,FRK1,FALSE,14,72,tagG,72hpi-tagG,1
K,03,K03,FRK1,FALSE,23,24,OBC,24hpi-OBC,1
K,04,K04,FRK1,FALSE,32,0,tagG,0hpi-tagG,1
K,05,K05,FRK1,FALSE,06,10,Mock,10hpi-Mock,2
K,06,K06,FRK1,FALSE,40,24,tagG,24hpi-tagG,1
K,07,K07,FRK1,FALSE,14,72,tagG,72hpi-tagG,2
K,08,K08,FRK1,FALSE,23,24,OBC,24hpi-OBC,2
K,09,K09,FRK1,FALSE,32,0,tagG,0hpi-tagG,2
K,10,K10,FRK1,FALSE,40,24,tagG,24hpi-tagG,2
K,11,K11,FRK1,FALSE,06,10,Mock,10hpi-Mock,3
K,12,K12,FRK1,FALSE,14,72,tagG,72hpi-tagG,3
K,13,K13,FRK1,FALSE,23,24,OBC,24hpi-OBC,3
K,14,K14,FRK1,FALSE,32,0,tagG,0hpi-tagG,3
K,15,K15,FRK1,FALSE,40,24,tagG,24hpi-tagG,3
K,16,K16,PP2A,TRUE,06,10,Mock,10hpi-Mock,1
K,17,K17,PP2A,TRUE,14,72,tagG,72hpi-tagG,1
K,18,K18,PP2A,TRUE,23,24,OBC,24hpi-OBC,1
K,19,K19,PP2A,TRUE,32,0,tagG,0hpi-tagG,1
K,20,K20,PP2A,TRUE,40,24,tagG,24hpi-tagG,1
K,21,K21,PP2A,TRUE,06,10,Mock,10hpi-Mock,3
K,22,K22,PP2A,TRUE,14,72,tagG,72hpi-tagG,3
K,23,K23,PP2A,TRUE,23,24,OBC,24hpi-OBC,3
K,24,K24,PP2A,TRUE,32,0,tagG,0hpi-tagG,3
L,01,L01,WRKY29,FALSE,06,10,Mock,10hpi-Mock,1
L,02,L02,WRKY29,FALSE,14,72,tagG,72hpi-tagG,1
L,03,L03,WRKY29,FALSE,23,24,OBC,24hpi-OBC,1
L,04,L04,WRKY29,FALSE,32,0,tagG,0hpi-tagG,1
L,05,L05,WRKY29,FALSE,06,10,Mock,10hpi-Mock,2
L,06,L06,WRKY29,FALSE,40,24,tagG,24hpi-tagG,1
L,07,L07,WRKY29,FALSE,14,72,tagG,72hpi-tagG,2
L,08,L08,WRKY29,FALSE,23,24,OBC,24hpi-OBC,2
L,09,L09,WRKY29,FALSE,32,0,tagG,0hpi-tagG,2
L,10,L10,WRKY29,FALSE,40,24,tagG,24hpi-tagG,2
L,11,L11,WRKY29,FALSE,06,10,Mock,10hpi-Mock,3
L,12,L12,WRKY29,FALSE,14,72,tagG,72hpi-tagG,3
L,13,L13,WRKY29,FALSE,23,24,OBC,24hpi-OBC,3
L,14,L14,WRKY29,FALSE,32,0,tagG,0hpi-tagG,3
L,15,L15,WRKY29,FALSE,40,24,tagG,24hpi-tagG,3
L,16,L16,PP2A,TRUE,06,10,Mock,10hpi-Mock,2
L,17,L17,PP2A,TRUE,14,72,tagG,72hpi-tagG,2
L,18,L18,PP2A,TRUE,23,24,OBC,24hpi-OBC,2
L,19,L19,PP2A,TRUE,32,0,tagG,0hpi-tagG,2
L,20,L20,PP2A,TRUE,40,24,tagG,24hpi-tagG,2
L,21,L21,PP2A,TRUE,40,24,tagG,24hpi-tagG,3
L,22,L22,PP2A,TRUE,44,72,OBC,72hpi-OBC,1
L,23,L23,PP2A,TRUE,44,72,OBC,72hpi-OBC,2
L,24,L24,PP2A,TRUE,44,72,OBC,72hpi-OBC,3
M,01,M01,FRK1,FALSE,07,10,WT,10hpi-WT,1
M,02,M02,FRK1,FALSE,16,0,Mock,0hpi-Mock,1
M,03,M03,FRK1,FALSE,24,24,rmlC,24hpi-rmlC,1
M,04,M04,FRK1,FALSE,33,02,OBC,2hpi-OBC,1
M,05,M05,FRK1,FALSE,07,10,WT,10hpi-WT,2
M,06,M06,FRK1,FALSE,41,48,Mock,48hpi-Mock,1
M,07,M07,FRK1,FALSE,16,0,Mock,0hpi-Mock,2
M,08,M08,FRK1,FALSE,24,24,rmlC,24hpi-rmlC,2
M,09,M09,FRK1,FALSE,33,02,OBC,2hpi-OBC,2
M,10,M10,FRK1,FALSE,41,48,Mock,48hpi-Mock,2
M,11,M11,FRK1,FALSE,07,10,WT,10hpi-WT,3
M,12,M12,FRK1,FALSE,16,0,Mock,0hpi-Mock,3
M,13,M13,FRK1,FALSE,24,24,rmlC,24hpi-rmlC,3
M,14,M14,FRK1,FALSE,33,02,OBC,2hpi-OBC,3
M,15,M15,FRK1,FALSE,41,48,Mock,48hpi-Mock,3
M,16,M16,PP2A,TRUE,07,10,WT,10hpi-WT,1
M,17,M17,PP2A,TRUE,16,0,Mock,0hpi-Mock,1
M,18,M18,PP2A,TRUE,24,24,rmlC,24hpi-rmlC,1
M,19,M19,PP2A,TRUE,33,02,OBC,2hpi-OBC,1
M,20,M20,PP2A,TRUE,41,48,Mock,48hpi-Mock,1
M,21,M21,PP2A,TRUE,07,10,WT,10hpi-WT,3
M,22,M22,PP2A,TRUE,16,0,Mock,0hpi-Mock,3
M,23,M23,PP2A,TRUE,24,24,rmlC,24hpi-rmlC,3
M,24,M24,PP2A,TRUE,33,02,OBC,2hpi-OBC,3
N,01,N01,WRKY29,FALSE,07,10,WT,10hpi-WT,1
N,02,N02,WRKY29,FALSE,16,0,Mock,0hpi-Mock,1
N,03,N03,WRKY29,FALSE,24,24,rmlC,24hpi-rmlC,1
N,04,N04,WRKY29,FALSE,33,02,OBC,2hpi-OBC,1
N,05,N05,WRKY29,FALSE,07,10,WT,10hpi-WT,2
N,06,N06,WRKY29,FALSE,41,48,Mock,48hpi-Mock,1
N,07,N07,WRKY29,FALSE,16,0,Mock,0hpi-Mock,2
N,08,N08,WRKY29,FALSE,24,24,rmlC,24hpi-rmlC,2
N,09,N09,WRKY29,FALSE,33,02,OBC,2hpi-OBC,2
N,10,N10,WRKY29,FALSE,41,48,Mock,48hpi-Mock,2
N,11,N11,WRKY29,FALSE,07,10,WT,10hpi-WT,3
N,12,N12,WRKY29,FALSE,16,0,Mock,0hpi-Mock,3
N,13,N13,WRKY29,FALSE,24,24,rmlC,24hpi-rmlC,3
N,14,N14,WRKY29,FALSE,33,02,OBC,2hpi-OBC,3
N,15,N15,WRKY29,FALSE,41,48,Mock,48hpi-Mock,3
N,16,N16,PP2A,TRUE,07,10,WT,10hpi-WT,2
N,17,N17,PP2A,TRUE,16,0,Mock,0hpi-Mock,2
N,18,N18,PP2A,TRUE,24,24,rmlC,24hpi-rmlC,2
N,19,N19,PP2A,TRUE,33,02,OBC,2hpi-OBC,2
N,20,N20,PP2A,TRUE,41,48,Mock,48hpi-Mock,2
N,21,N21,PP2A,TRUE,41,48,Mock,48hpi-Mock,3
N,22,N22,PP2A,TRUE,NCT,NA,NA,NA,1
N,23,N23,PP2A,TRUE,NCT,NA,NA,NA,2
N,24,N24,FRK1,FALSE,NCT,NA,NA,NA,1
O,01,O01,FRK1,FALSE,08,10,rmlC,10hpi-rmlC,1
O,02,O02,FRK1,FALSE,17,0,rmlC,0hpi-rmlC,1
O,03,O03,FRK1,FALSE,25,48,WT,48hpi-WT,1
O,04,O04,FRK1,FALSE,34,02,rmlC,2hpi-rmlC,1
O,05,O05,FRK1,FALSE,08,10,rmlC,10hpi-rmlC,2
O,06,O06,FRK1,FALSE,42,48,rmlC,48hpi-rmlC,1
O,07,O07,FRK1,FALSE,17,0,rmlC,0hpi-rmlC,2
O,08,O08,FRK1,FALSE,25,48,WT,48hpi-WT,2
O,09,O09,FRK1,FALSE,34,02,rmlC,2hpi-rmlC,2
O,10,O10,FRK1,FALSE,42,48,rmlC,48hpi-rmlC,2
O,11,O11,FRK1,FALSE,08,10,rmlC,10hpi-rmlC,3
O,12,O12,FRK1,FALSE,17,0,rmlC,0hpi-rmlC,3
O,13,O13,FRK1,FALSE,25,48,WT,48hpi-WT,3
O,14,O14,FRK1,FALSE,34,02,rmlC,2hpi-rmlC,3
O,15,O15,FRK1,FALSE,42,48,rmlC,48hpi-rmlC,3
O,16,O16,PP2A,TRUE,08,10,rmlC,10hpi-rmlC,1
O,17,O17,PP2A,TRUE,17,0,rmlC,0hpi-rmlC,1
O,18,O18,PP2A,TRUE,25,48,WT,48hpi-WT,1
O,19,O19,PP2A,TRUE,34,02,rmlC,2hpi-rmlC,1
O,20,O20,PP2A,TRUE,42,48,rmlC,48hpi-rmlC,1
O,21,O21,PP2A,TRUE,08,10,rmlC,10hpi-rmlC,3
O,22,O22,PP2A,TRUE,17,0,rmlC,0hpi-rmlC,3
O,23,O23,PP2A,TRUE,25,48,WT,48hpi-WT,3
O,24,O24,PP2A,TRUE,34,02,rmlC,2hpi-rmlC,3
P,01,P01,WRKY29,FALSE,08,10,rmlC,10hpi-rmlC,1
P,02,P02,WRKY29,FALSE,17,0,rmlC,0hpi-rmlC,1
P,03,P03,WRKY29,FALSE,25,48,WT,48hpi-WT,1
P,04,P04,WRKY29,FALSE,34,02,rmlC,2hpi-rmlC,1
P,05,P05,WRKY29,FALSE,08,10,rmlC,10hpi-rmlC,2
P,06,P06,WRKY29,FALSE,42,48,rmlC,48hpi-rmlC,1
P,07,P07,WRKY29,FALSE,17,0,rmlC,0hpi-rmlC,2
P,08,P08,WRKY29,FALSE,25,48,WT,48hpi-WT,2
P,09,P09,WRKY29,FALSE,34,02,rmlC,2hpi-rmlC,2
P,10,P10,WRKY29,FALSE,42,48,rmlC,48hpi-rmlC,2
P,11,P11,WRKY29,FALSE,08,10,rmlC,10hpi-rmlC,3
P,12,P12,WRKY29,FALSE,17,0,rmlC,0hpi-rmlC,3
P,13,P13,WRKY29,FALSE,25,48,WT,48hpi-WT,3
P,14,P14,WRKY29,FALSE,34,02,rmlC,2hpi-rmlC,3
P,15,P15,WRKY29,FALSE,42,48,rmlC,48hpi-rmlC,3
P,16,P16,PP2A,TRUE,08,10,rmlC,10hpi-rmlC,2
P,17,P17,PP2A,TRUE,17,0,rmlC,0hpi-rmlC,2
P,18,P18,PP2A,TRUE,25,48,WT,48hpi-WT,2
P,19,P19,PP2A,TRUE,34,02,rmlC,2hpi-rmlC,2
P,20,P20,PP2A,TRUE,42,48,rmlC,48hpi-rmlC,2
P,21,P21,PP2A,TRUE,42,48,rmlC,48hpi-rmlC,3
P,22,P22,FRK1,FALSE,NCT,NA,NA,NA,2
P,23,P23,WRKY29,FALSE,NCT,NA,NA,NA,1
P,24,P24,WRKY29,FALSE,NCT,NA,NA,NA,2