Date,HPI,Treatment,Target,Name,Sample,Biorep,Baseline,MNE_fc
20250825,0,Mock,FRK1,0hpi-Mock,16,1,Mock,1
20250825,0,Mock,WRKY29,0hpi-Mock,16,1,Mock,1
20250825,0,OBC,FRK1,0hpi-OBC,31,1,Mock,0.483582699
20250825,0,OBC,WRKY29,0hpi-OBC,31,1,Mock,0.865695536
20250825,0,WT,FRK1,0hpi-WT,1,1,Mock,0.172208514
20250825,0,WT,WRKY29,0hpi-WT,1,1,Mock,0.282988459
20250825,0,rmlC,FRK1,0hpi-rmlC,17,1,Mock,0.088947467
20250825,0,rmlC,WRKY29,0hpi-rmlC,17,1,Mock,0.281778463
20250825,0,tagG,FRK1,0hpi-tagG,32,1,Mock,0.669390009
20250825,0,tagG,WRKY29,0hpi-tagG,32,1,Mock,1.457028107
20250825,0,wfgD,FRK1,0hpi-wfgD,18,1,Mock,1.262888891
20250825,0,wfgD,WRKY29,0hpi-wfgD,18,1,Mock,0.974881597
20250825,2,Mock,FRK1,2hpi-Mock,19,1,Mock,1
20250825,2,Mock,WRKY29,2hpi-Mock,19,1,Mock,1
20250825,2,OBC,FRK1,2hpi-OBC,33,1,Mock,1.951670985
20250825,2,OBC,WRKY29,2hpi-OBC,33,1,Mock,1.258536107
20250825,2,WT,FRK1,2hpi-WT,2,1,Mock,4.300841265
20250825,2,WT,WRKY29,2hpi-WT,2,1,Mock,1.006167789
20250825,2,rmlC,FRK1,2hpi-rmlC,34,1,Mock,8.025562358
20250825,2,rmlC,WRKY29,2hpi-rmlC,34,1,Mock,5.745013257
20250825,2,tagG,FRK1,2hpi-tagG,20,1,Mock,0.559456945
20250825,2,tagG,WRKY29,2hpi-tagG,20,1,Mock,0.259905316
20250825,2,wfgD,FRK1,2hpi-wfgD,21,1,Mock,0.527235809
20250825,2,wfgD,WRKY29,2hpi-wfgD,21,1,Mock,0.306917398
20250825,6,Mock,FRK1,6hpi-Mock,3,1,Mock,1
20250825,6,Mock,WRKY29,6hpi-Mock,3,1,Mock,1
20250825,6,OBC,FRK1,6hpi-OBC,5,1,Mock,4.209642811
20250825,6,OBC,WRKY29,6hpi-OBC,5,1,Mock,0.624349883
20250825,6,WT,FRK1,6hpi-WT,4,1,Mock,7.823094092
20250825,6,WT,WRKY29,6hpi-WT,4,1,Mock,1.550802141
20250825,6,rmlC,FRK1,6hpi-rmlC,37,1,Mock,10.86206232
20250825,6,rmlC,WRKY29,6hpi-rmlC,37,1,Mock,4.380840831
20250825,6,tagG,FRK1,6hpi-tagG,35,1,Mock,3.754059572
20250825,6,tagG,WRKY29,6hpi-tagG,35,1,Mock,4.972895545
20250825,6,wfgD,FRK1,6hpi-wfgD,36,1,Mock,41.24386953
20250825,6,wfgD,WRKY29,6hpi-wfgD,36,1,Mock,3.599349261
20250825,10,Mock,FRK1,10hpi-Mock,6,1,Mock,1
20250825,10,Mock,WRKY29,10hpi-Mock,6,1,Mock,1
20250825,10,OBC,FRK1,10hpi-OBC,22,1,Mock,0.509087821
20250825,10,OBC,WRKY29,10hpi-OBC,22,1,Mock,0.711145032
20250825,10,WT,FRK1,10hpi-WT,7,1,Mock,0.860885352
20250825,10,WT,WRKY29,10hpi-WT,7,1,Mock,0.649800792
20250825,10,rmlC,FRK1,10hpi-rmlC,8,1,Mock,0.597114258
20250825,10,rmlC,WRKY29,10hpi-rmlC,8,1,Mock,1.300883177
20250825,10,tagG,FRK1,10hpi-tagG,38,1,Mock,0.446935983
20250825,10,tagG,WRKY29,10hpi-tagG,38,1,Mock,1.898072472
20250825,10,wfgD,FRK1,10hpi-wfgD,9,1,Mock,0.260253493
20250825,10,wfgD,WRKY29,10hpi-wfgD,9,1,Mock,1.641704728
20250825,24,Mock,FRK1,24hpi-Mock,10,1,Mock,1
20250825,24,Mock,WRKY29,24hpi-Mock,10,1,Mock,1
20250825,24,OBC,FRK1,24hpi-OBC,23,1,Mock,2.46924175
20250825,24,OBC,WRKY29,24hpi-OBC,23,1,Mock,0.508674306
20250825,24,WT,FRK1,24hpi-WT,39,1,Mock,1.088232725
20250825,24,WT,WRKY29,24hpi-WT,39,1,Mock,2.689080499
20250825,24,rmlC,FRK1,24hpi-rmlC,24,1,Mock,0.974949332
20250825,24,rmlC,WRKY29,24hpi-rmlC,24,1,Mock,0.224223474
20250825,24,tagG,FRK1,24hpi-tagG,40,1,Mock,3.700685197
20250825,24,tagG,WRKY29,24hpi-tagG,40,1,Mock,3.851950277
20250825,24,wfgD,FRK1,24hpi-wfgD,11,1,Mock,0.367359016
20250825,24,wfgD,WRKY29,24hpi-wfgD,11,1,Mock,1.78772737
20250825,48,Mock,FRK1,48hpi-Mock,41,1,Mock,1
20250825,48,Mock,WRKY29,48hpi-Mock,41,1,Mock,1
20250825,48,OBC,FRK1,48hpi-OBC,26,1,Mock,0.167398474
20250825,48,OBC,WRKY29,48hpi-OBC,26,1,Mock,0.52121053
20250825,48,WT,FRK1,48hpi-WT,25,1,Mock,0.514668092
20250825,48,WT,WRKY29,48hpi-WT,25,1,Mock,3.625483661
20250825,48,rmlC,FRK1,48hpi-rmlC,42,1,Mock,1.56156561
20250825,48,rmlC,WRKY29,48hpi-rmlC,42,1,Mock,0.948793052
20250825,48,tagG,FRK1,48hpi-tagG,27,1,Mock,0.192088054
20250825,48,tagG,WRKY29,48hpi-tagG,27,1,Mock,0.769606434
20250825,48,wfgD,FRK1,48hpi-wfgD,43,1,Mock,0.19115191
20250825,48,wfgD,WRKY29,48hpi-wfgD,43,1,Mock,1.437556987
20250825,72,Mock,FRK1,72hpi-Mock,12,1,Mock,1
20250825,72,Mock,WRKY29,72hpi-Mock,12,1,Mock,1
20250825,72,OBC,FRK1,72hpi-OBC,44,1,Mock,4.382342774
20250825,72,OBC,WRKY29,72hpi-OBC,44,1,Mock,2.328651715
20250825,72,WT,FRK1,72hpi-WT,28,1,Mock,1.1880898
20250825,72,WT,WRKY29,72hpi-WT,28,1,Mock,4.182853546
20250825,72,rmlC,FRK1,72hpi-rmlC,13,1,Mock,0.123721309
20250825,72,rmlC,WRKY29,72hpi-rmlC,13,1,Mock,0.780678082
20250825,72,tagG,FRK1,72hpi-tagG,14,1,Mock,0.720252131
20250825,72,tagG,WRKY29,72hpi-tagG,14,1,Mock,0.94941802
20250825,72,wfgD,FRK1,72hpi-wfgD,29,1,Mock,4.515476207
20250825,72,wfgD,WRKY29,72hpi-wfgD,29,1,Mock,3.749522637
20250825,0,Mock,FRK1,0hpi-Mock,16,1,Time0,1
20250825,0,Mock,WRKY29,0hpi-Mock,16,1,Time0,1
20250825,0,OBC,FRK1,0hpi-OBC,31,1,Time0,1
20250825,0,OBC,WRKY29,0hpi-OBC,31,1,Time0,1
20250825,0,WT,FRK1,0hpi-WT,1,1,Time0,1
20250825,0,WT,WRKY29,0hpi-WT,1,1,Time0,1
20250825,0,rmlC,FRK1,0hpi-rmlC,17,1,Time0,1
20250825,0,rmlC,WRKY29,0hpi-rmlC,17,1,Time0,1
20250825,0,tagG,FRK1,0hpi-tagG,32,1,Time0,1
20250825,0,tagG,WRKY29,0hpi-tagG,32,1,Time0,1
20250825,0,wfgD,FRK1,0hpi-wfgD,18,1,Time0,1
20250825,0,wfgD,WRKY29,0hpi-wfgD,18,1,Time0,1
20250825,2,Mock,FRK1,2hpi-Mock,19,1,Time0,3.43388022
20250825,2,Mock,WRKY29,2hpi-Mock,19,1,Time0,0.880133321
20250825,2,OBC,FRK1,2hpi-OBC,33,1,Time0,13.85865212
20250825,2,OBC,WRKY29,2hpi-OBC,33,1,Time0,1.279525558
20250825,2,WT,FRK1,2hpi-WT,2,1,Time0,85.75983499
20250825,2,WT,WRKY29,2hpi-WT,2,1,Time0,3.129321243
20250825,2,rmlC,FRK1,2hpi-rmlC,34,1,Time0,309.8325434
20250825,2,rmlC,WRKY29,2hpi-rmlC,34,1,Time0,17.94451406
20250825,2,tagG,FRK1,2hpi-tagG,20,1,Time0,2.869938472
20250825,2,tagG,WRKY29,2hpi-tagG,20,1,Time0,0.15699857
20250825,2,wfgD,FRK1,2hpi-wfgD,21,1,Time0,1.433589787
20250825,2,wfgD,WRKY29,2hpi-wfgD,21,1,Time0,0.277088243
20250825,6,Mock,FRK1,6hpi-Mock,3,1,Time0,0.560046618
20250825,6,Mock,WRKY29,6hpi-Mock,3,1,Time0,0.820003729
20250825,6,OBC,FRK1,6hpi-OBC,5,1,Time0,4.875269995
20250825,6,OBC,WRKY29,6hpi-OBC,5,1,Time0,0.59139641
20250825,6,WT,FRK1,6hpi-WT,4,1,Time0,25.44181636
20250825,6,WT,WRKY29,6hpi-WT,4,1,Time0,4.493693987
20250825,6,rmlC,FRK1,6hpi-rmlC,37,1,Time0,68.39161918
20250825,6,rmlC,WRKY29,6hpi-rmlC,37,1,Time0,12.74868837
20250825,6,tagG,FRK1,6hpi-tagG,35,1,Time0,3.140842171
20250825,6,tagG,WRKY29,6hpi-tagG,35,1,Time0,2.798705715
20250825,6,wfgD,FRK1,6hpi-wfgD,36,1,Time0,18.29019942
20250825,6,wfgD,WRKY29,6hpi-wfgD,36,1,Time0,3.027526445
20250825,10,Mock,FRK1,10hpi-Mock,6,1,Time0,5.04937487
20250825,10,Mock,WRKY29,10hpi-Mock,6,1,Time0,0.93520783
20250825,10,OBC,FRK1,10hpi-OBC,22,1,Time0,5.315689041
20250825,10,OBC,WRKY29,10hpi-OBC,22,1,Time0,0.768247466
20250825,10,WT,FRK1,10hpi-WT,7,1,Time0,25.24226451
20250825,10,WT,WRKY29,10hpi-WT,7,1,Time0,2.147433115
20250825,10,rmlC,FRK1,10hpi-rmlC,8,1,Time0,33.8970163
20250825,10,rmlC,WRKY29,10hpi-rmlC,8,1,Time0,4.317562523
20250825,10,tagG,FRK1,10hpi-tagG,38,1,Time0,3.371348975
20250825,10,tagG,WRKY29,10hpi-tagG,38,1,Time0,1.218296496
20250825,10,wfgD,FRK1,10hpi-wfgD,9,1,Time0,1.04056458
20250825,10,wfgD,WRKY29,10hpi-wfgD,9,1,Time0,1.574893937
20250825,24,Mock,FRK1,24hpi-Mock,10,1,Time0,1.445597679
20250825,24,Mock,WRKY29,24hpi-Mock,10,1,Time0,0.361353379
20250825,24,OBC,FRK1,24hpi-OBC,23,1,Time0,7.381426494
20250825,24,OBC,WRKY29,24hpi-OBC,23,1,Time0,0.212327743
20250825,24,WT,FRK1,24hpi-WT,39,1,Time0,9.135127324
20250825,24,WT,WRKY29,24hpi-WT,39,1,Time0,3.433738344
20250825,24,rmlC,FRK1,24hpi-rmlC,24,1,Time0,15.84513358
20250825,24,rmlC,WRKY29,24hpi-rmlC,24,1,Time0,0.287544721
20250825,24,tagG,FRK1,24hpi-tagG,40,1,Time0,7.991905859
20250825,24,tagG,WRKY29,24hpi-tagG,40,1,Time0,0.955311185
20250825,24,wfgD,FRK1,24hpi-wfgD,11,1,Time0,0.42050678
20250825,24,wfgD,WRKY29,24hpi-wfgD,11,1,Time0,0.662645933
20250825,48,Mock,FRK1,48hpi-Mock,41,1,Time0,2.69657831
20250825,48,Mock,WRKY29,48hpi-Mock,41,1,Time0,0.623571044
20250825,48,OBC,FRK1,48hpi-OBC,26,1,Time0,0.93345584
20250825,48,OBC,WRKY29,48hpi-OBC,26,1,Time0,0.375434296
20250825,48,WT,FRK1,48hpi-WT,25,1,Time0,8.059083616
20250825,48,WT,WRKY29,48hpi-WT,25,1,Time0,7.988829779
20250825,48,rmlC,FRK1,48hpi-rmlC,42,1,Time0,47.3412466
20250825,48,rmlC,WRKY29,48hpi-rmlC,42,1,Time0,2.099663215
20250825,48,tagG,FRK1,48hpi-tagG,27,1,Time0,0.773809698
20250825,48,tagG,WRKY29,48hpi-tagG,27,1,Time0,0.329372018
20250825,48,wfgD,FRK1,48hpi-wfgD,43,1,Time0,0.408156329
20250825,48,wfgD,WRKY29,48hpi-wfgD,43,1,Time0,0.919515676
20250825,72,Mock,FRK1,72hpi-Mock,12,1,Time0,2.010733791
20250825,72,Mock,WRKY29,72hpi-Mock,12,1,Time0,0.845140075
20250825,72,OBC,FRK1,72hpi-OBC,44,1,Time0,18.22175344
20250825,72,OBC,WRKY29,72hpi-OBC,44,1,Time0,2.27335917
20250825,72,WT,FRK1,72hpi-WT,28,1,Time0,13.87232403
20250825,72,WT,WRKY29,72hpi-WT,28,1,Time0,12.49201882
20250825,72,rmlC,FRK1,72hpi-rmlC,13,1,Time0,2.79682634
20250825,72,rmlC,WRKY29,72hpi-rmlC,13,1,Time0,2.341493118
20250825,72,tagG,FRK1,72hpi-tagG,14,1,Time0,2.16351496
20250825,72,tagG,WRKY29,72hpi-tagG,14,1,Time0,0.550704007
20250825,72,wfgD,FRK1,72hpi-wfgD,29,1,Time0,7.189405702
20250825,72,wfgD,WRKY29,72hpi-wfgD,29,1,Time0,3.250519707
20250829,0,Mock,PDF1.2,0hpi-Mock,16,1,Mock,1
20250829,0,Mock,PR1,0hpi-Mock,16,1,Mock,1
20250829,0,OBC,PDF1.2,0hpi-OBC,31,1,Mock,6.120781466
20250829,0,OBC,PR1,0hpi-OBC,31,1,Mock,9.77E-04
20250829,0,WT,PDF1.2,0hpi-WT,1,1,Mock,0.268870157
20250829,0,WT,PR1,0hpi-WT,1,1,Mock,0.007020717
20250829,0,rmlC,PDF1.2,0hpi-rmlC,17,1,Mock,1.636960778
20250829,0,rmlC,PR1,0hpi-rmlC,17,1,Mock,0.341965375
20250829,0,tagG,PDF1.2,0hpi-tagG,32,1,Mock,0.096242839
20250829,0,tagG,PR1,0hpi-tagG,32,1,Mock,8.32E-04
20250829,0,wfgD,PDF1.2,0hpi-wfgD,18,1,Mock,0.155672078
20250829,0,wfgD,PR1,0hpi-wfgD,18,1,Mock,3.205421195
20250829,2,Mock,PDF1.2,2hpi-Mock,19,1,Mock,1
20250829,2,Mock,PR1,2hpi-Mock,19,1,Mock,1
20250829,2,OBC,PDF1.2,2hpi-OBC,33,1,Mock,1.385440521
20250829,2,OBC,PR1,2hpi-OBC,33,1,Mock,2.068137725
20250829,2,WT,PDF1.2,2hpi-WT,2,1,Mock,0.469627085
20250829,2,WT,PR1,2hpi-WT,2,1,Mock,41.61463185
20250829,2,rmlC,PDF1.2,2hpi-rmlC,34,1,Mock,0.159463857
20250829,2,tagG,PDF1.2,2hpi-tagG,20,1,Mock,0.184805448
20250829,2,tagG,PR1,2hpi-tagG,20,1,Mock,0.030633061
20250829,2,wfgD,PDF1.2,2hpi-wfgD,21,1,Mock,0.095567047
20250829,2,wfgD,PR1,2hpi-wfgD,21,1,Mock,1.448845728
20250829,6,Mock,PDF1.2,6hpi-Mock,3,1,Mock,1
20250829,6,Mock,PR1,6hpi-Mock,3,1,Mock,1
20250829,6,OBC,PDF1.2,6hpi-OBC,5,1,Mock,0.515463079
20250829,6,OBC,PR1,6hpi-OBC,5,1,Mock,1.832311385
20250829,6,WT,PDF1.2,6hpi-WT,4,1,Mock,2.035975609
20250829,6,WT,PR1,6hpi-WT,4,1,Mock,19.64368434
20250829,6,rmlC,PDF1.2,6hpi-rmlC,37,1,Mock,0.293031589
20250829,6,tagG,PDF1.2,6hpi-tagG,35,1,Mock,6.528328072
20250829,6,tagG,PR1,6hpi-tagG,35,1,Mock,10.64175316
20250829,6,wfgD,PDF1.2,6hpi-wfgD,36,1,Mock,2.050819836
20250829,6,wfgD,PR1,6hpi-wfgD,36,1,Mock,397.3209384
20250829,10,Mock,PDF1.2,10hpi-Mock,6,1,Mock,1
20250829,10,Mock,PR1,10hpi-Mock,6,1,Mock,1
20250829,10,OBC,PDF1.2,10hpi-OBC,22,1,Mock,4.173610597
20250829,10,OBC,PR1,10hpi-OBC,22,1,Mock,20.13861367
20250829,10,WT,PDF1.2,10hpi-WT,7,1,Mock,8.587084827
20250829,10,WT,PR1,10hpi-WT,7,1,Mock,2.153461686
20250829,10,rmlC,PDF1.2,10hpi-rmlC,8,1,Mock,3.51397262
20250829,10,rmlC,PR1,10hpi-rmlC,8,1,Mock,3.87499469
20250829,10,tagG,PDF1.2,10hpi-tagG,38,1,Mock,2.333912604
20250829,10,tagG,PR1,10hpi-tagG,38,1,Mock,0.917996926
20250829,10,wfgD,PDF1.2,10hpi-wfgD,9,1,Mock,25.46994962
20250829,10,wfgD,PR1,10hpi-wfgD,9,1,Mock,1.33668494
20250829,24,Mock,PDF1.2,24hpi-Mock,10,1,Mock,1
20250829,24,Mock,PR1,24hpi-Mock,10,1,Mock,1
20250829,24,OBC,PDF1.2,24hpi-OBC,23,1,Mock,0.234039275
20250829,24,OBC,PR1,24hpi-OBC,23,1,Mock,0.409616086
20250829,24,WT,PDF1.2,24hpi-WT,39,1,Mock,0.302682594
20250829,24,WT,PR1,24hpi-WT,39,1,Mock,5.33088636
20250829,24,rmlC,PDF1.2,24hpi-rmlC,24,1,Mock,0.438104775
20250829,24,rmlC,PR1,24hpi-rmlC,24,1,Mock,0.134681072
20250829,24,tagG,PDF1.2,24hpi-tagG,40,1,Mock,18.92113758
20250829,24,tagG,PR1,24hpi-tagG,40,1,Mock,13.7281931
20250829,24,wfgD,PDF1.2,24hpi-wfgD,11,1,Mock,0.983097452
20250829,24,wfgD,PR1,24hpi-wfgD,11,1,Mock,0.218993536
20250829,48,Mock,PDF1.2,48hpi-Mock,41,1,Mock,1
20250829,48,Mock,PR1,48hpi-Mock,41,1,Mock,1
20250829,48,OBC,PDF1.2,48hpi-OBC,26,1,Mock,13.99957725
20250829,48,OBC,PR1,48hpi-OBC,26,1,Mock,3.632989652
20250829,48,WT,PDF1.2,48hpi-WT,25,1,Mock,155.7239479
20250829,48,WT,PR1,48hpi-WT,25,1,Mock,4.82193372
20250829,48,rmlC,PDF1.2,48hpi-rmlC,42,1,Mock,9.096289807
20250829,48,rmlC,PR1,48hpi-rmlC,42,1,Mock,1.995081508
20250829,48,tagG,PDF1.2,48hpi-tagG,27,1,Mock,11.4455768
20250829,48,tagG,PR1,48hpi-tagG,27,1,Mock,0.087700567
20250829,48,wfgD,PDF1.2,48hpi-wfgD,43,1,Mock,0.32318937
20250829,48,wfgD,PR1,48hpi-wfgD,43,1,Mock,0.211939943
20250829,72,Mock,PDF1.2,72hpi-Mock,12,1,Mock,1
20250829,72,Mock,PR1,72hpi-Mock,12,1,Mock,1
20250829,72,OBC,PDF1.2,72hpi-OBC,44,1,Mock,0.02250027
20250829,72,OBC,PR1,72hpi-OBC,44,1,Mock,1.333192454
20250829,72,WT,PDF1.2,72hpi-WT,28,1,Mock,0.541593226
20250829,72,WT,PR1,72hpi-WT,28,1,Mock,3.172086938
20250829,72,rmlC,PDF1.2,72hpi-rmlC,13,1,Mock,0.127691318
20250829,72,rmlC,PR1,72hpi-rmlC,13,1,Mock,0.358824576
20250829,72,tagG,PDF1.2,72hpi-tagG,14,1,Mock,0.034978951
20250829,72,tagG,PR1,72hpi-tagG,14,1,Mock,0.20945056
20250829,72,wfgD,PDF1.2,72hpi-wfgD,29,1,Mock,0.717718613
20250829,72,wfgD,PR1,72hpi-wfgD,29,1,Mock,0.328655822
20250829,0,Mock,PDF1.2,0hpi-Mock,16,1,Time0,1
20250829,0,Mock,PR1,0hpi-Mock,16,1,Time0,1
20250829,0,OBC,PDF1.2,0hpi-OBC,31,1,Time0,1
20250829,0,OBC,PR1,0hpi-OBC,31,1,Time0,1
20250829,0,WT,PDF1.2,0hpi-WT,1,1,Time0,1
20250829,0,WT,PR1,0hpi-WT,1,1,Time0,1
20250829,0,rmlC,PDF1.2,0hpi-rmlC,17,1,Time0,1
20250829,0,rmlC,PR1,0hpi-rmlC,17,1,Time0,1
20250829,0,tagG,PDF1.2,0hpi-tagG,32,1,Time0,1
20250829,0,tagG,PR1,0hpi-tagG,32,1,Time0,1
20250829,0,wfgD,PDF1.2,0hpi-wfgD,18,1,Time0,1
20250829,0,wfgD,PR1,0hpi-wfgD,18,1,Time0,1
20250829,2,Mock,PDF1.2,2hpi-Mock,19,1,Time0,0.437237043
20250829,2,Mock,PR1,2hpi-Mock,19,1,Time0,0.079112471
20250829,2,OBC,PDF1.2,2hpi-OBC,33,1,Time0,0.098968722
20250829,2,OBC,PR1,2hpi-OBC,33,1,Time0,167.486425
20250829,2,WT,PDF1.2,2hpi-WT,2,1,Time0,0.763708253
20250829,2,WT,PR1,2hpi-WT,2,1,Time0,468.9316608
20250829,2,rmlC,PDF1.2,2hpi-rmlC,34,1,Time0,0.042593266
20250829,2,tagG,PDF1.2,2hpi-tagG,20,1,Time0,0.839582336
20250829,2,tagG,PR1,2hpi-tagG,20,1,Time0,2.912228922
20250829,2,wfgD,PDF1.2,2hpi-wfgD,21,1,Time0,0.268419704
20250829,2,wfgD,PR1,2hpi-wfgD,21,1,Time0,0.035758722
20250829,6,Mock,PDF1.2,6hpi-Mock,3,1,Time0,2.480992288
20250829,6,Mock,PR1,6hpi-Mock,3,1,Time0,0.040714932
20250829,6,OBC,PDF1.2,6hpi-OBC,5,1,Time0,0.208937361
20250829,6,OBC,PR1,6hpi-OBC,5,1,Time0,76.36743485
20250829,6,WT,PDF1.2,6hpi-WT,4,1,Time0,18.78691127
20250829,6,WT,PR1,6hpi-WT,4,1,Time0,113.9187506
20250829,6,rmlC,PDF1.2,6hpi-rmlC,37,1,Time0,0.444121278
20250829,6,tagG,PDF1.2,6hpi-tagG,35,1,Time0,168.290252
20250829,6,tagG,PR1,6hpi-tagG,35,1,Time0,520.6634187
20250829,6,wfgD,PDF1.2,6hpi-wfgD,36,1,Time0,32.68452679
20250829,6,wfgD,PR1,6hpi-wfgD,36,1,Time0,5.046729952
20250829,10,Mock,PDF1.2,10hpi-Mock,6,1,Time0,0.884359303
20250829,10,Mock,PR1,10hpi-Mock,6,1,Time0,0.040948029
20250829,10,OBC,PDF1.2,10hpi-OBC,22,1,Time0,0.603022895
20250829,10,OBC,PR1,10hpi-OBC,22,1,Time0,844.1463996
20250829,10,WT,PDF1.2,10hpi-WT,7,1,Time0,28.24437056
20250829,10,WT,PR1,10hpi-WT,7,1,Time0,12.55997267
20250829,10,rmlC,PDF1.2,10hpi-rmlC,8,1,Time0,1.89840491
20250829,10,rmlC,PR1,10hpi-rmlC,8,1,Time0,0.464004267
20250829,10,tagG,PDF1.2,10hpi-tagG,38,1,Time0,21.44593144
20250829,10,tagG,PR1,10hpi-tagG,38,1,Time0,45.17148728
20250829,10,wfgD,PDF1.2,10hpi-wfgD,9,1,Time0,144.6925307
20250829,10,wfgD,PR1,10hpi-wfgD,9,1,Time0,0.017075638
20250829,24,Mock,PDF1.2,24hpi-Mock,10,1,Time0,3.256153409
20250829,24,Mock,PR1,24hpi-Mock,10,1,Time0,0.498110957
20250829,24,OBC,PDF1.2,24hpi-OBC,23,1,Time0,0.124504981
20250829,24,OBC,PR1,24hpi-OBC,23,1,Time0,208.861457
20250829,24,WT,PDF1.2,24hpi-WT,39,1,Time0,3.665639094
20250829,24,WT,PR1,24hpi-WT,39,1,Time0,378.2196319
20250829,24,rmlC,PDF1.2,24hpi-rmlC,24,1,Time0,0.871454208
20250829,24,rmlC,PR1,24hpi-rmlC,24,1,Time0,0.196178101
20250829,24,tagG,PDF1.2,24hpi-tagG,40,1,Time0,640.1528401
20250829,24,tagG,PR1,24hpi-tagG,40,1,Time0,8217.309422
20250829,24,wfgD,PDF1.2,24hpi-wfgD,11,1,Time0,20.56320031
20250829,24,wfgD,PR1,24hpi-wfgD,11,1,Time0,0.03403081
20250829,48,Mock,PDF1.2,48hpi-Mock,41,1,Time0,7.020866989
20250829,48,Mock,PR1,48hpi-Mock,41,1,Time0,0.820269834
20250829,48,OBC,PDF1.2,48hpi-OBC,26,1,Time0,16.05827137
20250829,48,OBC,PR1,48hpi-OBC,26,1,Time0,3050.535659
20250829,48,WT,PDF1.2,48hpi-WT,25,1,Time0,4066.338699
20250829,48,WT,PR1,48hpi-WT,25,1,Time0,563.3736429
20250829,48,rmlC,PDF1.2,48hpi-rmlC,42,1,Time0,39.01366587
20250829,48,rmlC,PR1,48hpi-rmlC,42,1,Time0,4.785587366
20250829,48,tagG,PDF1.2,48hpi-tagG,27,1,Time0,834.9491066
20250829,48,tagG,PR1,48hpi-tagG,27,1,Time0,86.44687734
20250829,48,wfgD,PDF1.2,48hpi-wfgD,43,1,Time0,14.57595745
20250829,48,wfgD,PR1,48hpi-wfgD,43,1,Time0,0.0542356
20250829,72,Mock,PDF1.2,72hpi-Mock,12,1,Time0,371.6804868
20250829,72,Mock,PR1,72hpi-Mock,12,1,Time0,0.40740515
20250829,72,OBC,PDF1.2,72hpi-OBC,44,1,Time0,1.366314307
20250829,72,OBC,PR1,72hpi-OBC,44,1,Time0,555.9997116
20250829,72,WT,PDF1.2,72hpi-WT,28,1,Time0,748.6871584
20250829,72,WT,PR1,72hpi-WT,28,1,Time0,184.0730228
20250829,72,rmlC,PDF1.2,72hpi-rmlC,13,1,Time0,28.99297998
20250829,72,rmlC,PR1,72hpi-rmlC,13,1,Time0,0.427490591
20250829,72,tagG,PDF1.2,72hpi-tagG,14,1,Time0,135.0853093
20250829,72,tagG,PR1,72hpi-tagG,14,1,Time0,102.5411556
20250829,72,wfgD,PDF1.2,72hpi-wfgD,29,1,Time0,1713.614974
20250829,72,wfgD,PR1,72hpi-wfgD,29,1,Time0,0.041771757
20250904,0,Mock,NHL10,0hpi-Mock,16,1,Mock,1
20250904,0,Mock,PAD3,0hpi-Mock,16,1,Mock,1
20250904,0,OBC,NHL10,0hpi-OBC,31,1,Mock,0.645742989
20250904,0,OBC,PAD3,0hpi-OBC,31,1,Mock,0.847906859
20250904,0,WT,NHL10,0hpi-WT,1,1,Mock,0.342156042
20250904,0,WT,PAD3,0hpi-WT,1,1,Mock,0.046605112
20250904,0,rmlC,NHL10,0hpi-rmlC,17,1,Mock,0.103051815
20250904,0,rmlC,PAD3,0hpi-rmlC,17,1,Mock,1.476142341
20250904,0,tagG,NHL10,0hpi-tagG,32,1,Mock,0.977999111
20250904,0,tagG,PAD3,0hpi-tagG,32,1,Mock,0.436396291
20250904,0,wfgD,NHL10,0hpi-wfgD,18,1,Mock,0.266694876
20250904,0,wfgD,PAD3,0hpi-wfgD,18,1,Mock,11.56052344
20250904,2,Mock,NHL10,2hpi-Mock,19,1,Mock,1
20250904,2,Mock,PAD3,2hpi-Mock,19,1,Mock,1
20250904,2,OBC,NHL10,2hpi-OBC,33,1,Mock,16.91195129
20250904,2,OBC,PAD3,2hpi-OBC,33,1,Mock,13.53416469
20250904,2,WT,NHL10,2hpi-WT,2,1,Mock,1.362667599
20250904,2,WT,PAD3,2hpi-WT,2,1,Mock,1.54267988
20250904,2,rmlC,NHL10,2hpi-rmlC,34,1,Mock,6.303368517
20250904,2,rmlC,PAD3,2hpi-rmlC,34,1,Mock,2.577744423
20250904,2,tagG,NHL10,2hpi-tagG,20,1,Mock,23.77629132
20250904,2,tagG,PAD3,2hpi-tagG,20,1,Mock,0.317829689
20250904,2,wfgD,NHL10,2hpi-wfgD,21,1,Mock,7.681352324
20250904,2,wfgD,PAD3,2hpi-wfgD,21,1,Mock,1.113438484
20250904,6,Mock,NHL10,6hpi-Mock,3,1,Mock,1
20250904,6,Mock,PAD3,6hpi-Mock,3,1,Mock,1
20250904,6,OBC,NHL10,6hpi-OBC,5,1,Mock,0.247694538
20250904,6,OBC,PAD3,6hpi-OBC,5,1,Mock,0.342873931
20250904,6,WT,NHL10,6hpi-WT,4,1,Mock,0.330119745
20250904,6,WT,PAD3,6hpi-WT,4,1,Mock,1.475780703
20250904,6,rmlC,NHL10,6hpi-rmlC,37,1,Mock,2.470731956
20250904,6,rmlC,PAD3,6hpi-rmlC,37,1,Mock,1.807399171
20250904,6,tagG,NHL10,6hpi-tagG,35,1,Mock,0.251434998
20250904,6,tagG,PAD3,6hpi-tagG,35,1,Mock,1.160426663
20250904,6,wfgD,NHL10,6hpi-wfgD,36,1,Mock,0.851164548
20250904,6,wfgD,PAD3,6hpi-wfgD,36,1,Mock,3.234324847
20250904,10,Mock,NHL10,10hpi-Mock,6,1,Mock,1
20250904,10,Mock,PAD3,10hpi-Mock,6,1,Mock,1
20250904,10,OBC,NHL10,10hpi-OBC,22,1,Mock,1.077783869
20250904,10,OBC,PAD3,10hpi-OBC,22,1,Mock,0.734239398
20250904,10,WT,NHL10,10hpi-WT,7,1,Mock,2.694431027
20250904,10,WT,PAD3,10hpi-WT,7,1,Mock,0.441796283
20250904,10,rmlC,NHL10,10hpi-rmlC,8,1,Mock,0.705199077
20250904,10,rmlC,PAD3,10hpi-rmlC,8,1,Mock,0.357986054
20250904,10,tagG,NHL10,10hpi-tagG,38,1,Mock,1.685741968
20250904,10,tagG,PAD3,10hpi-tagG,38,1,Mock,5.776986656
20250904,10,wfgD,NHL10,10hpi-wfgD,9,1,Mock,0.653489027
20250904,10,wfgD,PAD3,10hpi-wfgD,9,1,Mock,1.834829957
20250904,24,Mock,NHL10,24hpi-Mock,10,1,Mock,1
20250904,24,Mock,PAD3,24hpi-Mock,10,1,Mock,1
20250904,24,OBC,NHL10,24hpi-OBC,23,1,Mock,0.549886754
20250904,24,OBC,PAD3,24hpi-OBC,23,1,Mock,0.608020483
20250904,24,WT,NHL10,24hpi-WT,39,1,Mock,4.445012274
20250904,24,WT,PAD3,24hpi-WT,39,1,Mock,2.902716607
20250904,24,rmlC,NHL10,24hpi-rmlC,24,1,Mock,2.407768273
20250904,24,rmlC,PAD3,24hpi-rmlC,24,1,Mock,1.552494162
20250904,24,tagG,NHL10,24hpi-tagG,40,1,Mock,1.367068864
20250904,24,tagG,PAD3,24hpi-tagG,40,1,Mock,1.130538425
20250904,24,wfgD,NHL10,24hpi-wfgD,11,1,Mock,0.573764991
20250904,24,wfgD,PAD3,24hpi-wfgD,11,1,Mock,0.348991554
20250904,48,Mock,NHL10,48hpi-Mock,41,1,Mock,1
20250904,48,Mock,PAD3,48hpi-Mock,41,1,Mock,1
20250904,48,OBC,NHL10,48hpi-OBC,26,1,Mock,0.093966864
20250904,48,OBC,PAD3,48hpi-OBC,26,1,Mock,0.265154324
20250904,48,WT,NHL10,48hpi-WT,25,1,Mock,0.19442106
20250904,48,WT,PAD3,48hpi-WT,25,1,Mock,0.495160601
20250904,48,rmlC,NHL10,48hpi-rmlC,42,1,Mock,0.640851017
20250904,48,rmlC,PAD3,48hpi-rmlC,42,1,Mock,0.401679576
20250904,48,tagG,NHL10,48hpi-tagG,27,1,Mock,0.298157158
20250904,48,tagG,PAD3,48hpi-tagG,27,1,Mock,0.276753724
20250904,48,wfgD,NHL10,48hpi-wfgD,43,1,Mock,0.063054581
20250904,48,wfgD,PAD3,48hpi-wfgD,43,1,Mock,0.062734925
20250904,72,Mock,NHL10,72hpi-Mock,12,1,Mock,1
20250904,72,Mock,PAD3,72hpi-Mock,12,1,Mock,1
20250904,72,OBC,NHL10,72hpi-OBC,44,1,Mock,0.042317052
20250904,72,OBC,PAD3,72hpi-OBC,44,1,Mock,0.23141952
20250904,72,WT,NHL10,72hpi-WT,28,1,Mock,1.218998166
20250904,72,WT,PAD3,72hpi-WT,28,1,Mock,0.236854026
20250904,72,rmlC,NHL10,72hpi-rmlC,13,1,Mock,0.150071001
20250904,72,rmlC,PAD3,72hpi-rmlC,13,1,Mock,0.122530199
20250904,72,tagG,NHL10,72hpi-tagG,14,1,Mock,3.342851266
20250904,72,tagG,PAD3,72hpi-tagG,14,1,Mock,0.154339925
20250904,72,wfgD,NHL10,72hpi-wfgD,29,1,Mock,3.199822011
20250904,72,wfgD,PAD3,72hpi-wfgD,29,1,Mock,1.781926624
20250904,0,Mock,NHL10,0hpi-Mock,16,1,Time0,1
20250904,0,Mock,PAD3,0hpi-Mock,16,1,Time0,1
20250904,0,OBC,NHL10,0hpi-OBC,31,1,Time0,1
20250904,0,OBC,PAD3,0hpi-OBC,31,1,Time0,1
20250904,0,WT,NHL10,0hpi-WT,1,1,Time0,1
20250904,0,WT,PAD3,0hpi-WT,1,1,Time0,1
20250904,0,rmlC,NHL10,0hpi-rmlC,17,1,Time0,1
20250904,0,rmlC,PAD3,0hpi-rmlC,17,1,Time0,1
20250904,0,tagG,NHL10,0hpi-tagG,32,1,Time0,1
20250904,0,tagG,PAD3,0hpi-tagG,32,1,Time0,1
20250904,0,wfgD,NHL10,0hpi-wfgD,18,1,Time0,1
20250904,0,wfgD,PAD3,0hpi-wfgD,18,1,Time0,1
20250904,2,Mock,NHL10,2hpi-Mock,19,1,Time0,0.04265978
20250904,2,Mock,PAD3,2hpi-Mock,19,1,Time0,0.373122033
20250904,2,OBC,NHL10,2hpi-OBC,33,1,Time0,1.117255826
20250904,2,OBC,PAD3,2hpi-OBC,33,1,Time0,5.955719057
20250904,2,WT,NHL10,2hpi-WT,2,1,Time0,0.169896458
20250904,2,WT,PAD3,2hpi-WT,2,1,Time0,12.35074484
20250904,2,rmlC,NHL10,2hpi-rmlC,34,1,Time0,2.609369979
20250904,2,rmlC,PAD3,2hpi-rmlC,34,1,Time0,0.65157215
20250904,2,tagG,NHL10,2hpi-tagG,20,1,Time0,1.037108663
20250904,2,tagG,PAD3,2hpi-tagG,20,1,Time0,0.271746717
20250904,2,wfgD,NHL10,2hpi-wfgD,21,1,Time0,1.228688016
20250904,2,wfgD,PAD3,2hpi-wfgD,21,1,Time0,0.035936818
20250904,6,Mock,NHL10,6hpi-Mock,3,1,Time0,0.882104642
20250904,6,Mock,PAD3,6hpi-Mock,3,1,Time0,3.089065065
20250904,6,OBC,NHL10,6hpi-OBC,5,1,Time0,0.338358302
20250904,6,OBC,PAD3,6hpi-OBC,5,1,Time0,1.249146496
20250904,6,WT,NHL10,6hpi-WT,4,1,Time0,0.851074143
20250904,6,WT,PAD3,6hpi-WT,4,1,Time0,97.81722163
20250904,6,rmlC,NHL10,6hpi-rmlC,37,1,Time0,21.14901251
20250904,6,rmlC,PAD3,6hpi-rmlC,37,1,Time0,3.782273215
20250904,6,tagG,NHL10,6hpi-tagG,35,1,Time0,0.22678137
20250904,6,tagG,PAD3,6hpi-tagG,35,1,Time0,8.214170321
20250904,6,wfgD,NHL10,6hpi-wfgD,36,1,Time0,2.815262933
20250904,6,wfgD,PAD3,6hpi-wfgD,36,1,Time0,0.864237674
20250904,10,Mock,NHL10,10hpi-Mock,6,1,Time0,0.397574157
20250904,10,Mock,PAD3,10hpi-Mock,6,1,Time0,7.936570849
20250904,10,OBC,NHL10,10hpi-OBC,22,1,Time0,0.663575169
20250904,10,OBC,PAD3,10hpi-OBC,22,1,Time0,6.872621614
20250904,10,WT,NHL10,10hpi-WT,7,1,Time0,3.130840945
20250904,10,WT,PAD3,10hpi-WT,7,1,Time0,75.23525458
20250904,10,rmlC,NHL10,10hpi-rmlC,8,1,Time0,2.720659779
20250904,10,rmlC,PAD3,10hpi-rmlC,8,1,Time0,1.924734221
20250904,10,tagG,NHL10,10hpi-tagG,38,1,Time0,0.685284306
20250904,10,tagG,PAD3,10hpi-tagG,38,1,Time0,105.0638257
20250904,10,wfgD,NHL10,10hpi-wfgD,9,1,Time0,0.974185755
20250904,10,wfgD,PAD3,10hpi-wfgD,9,1,Time0,1.259653857
20250904,24,Mock,NHL10,24hpi-Mock,10,1,Time0,0.247278159
20250904,24,Mock,PAD3,24hpi-Mock,10,1,Time0,1.539072695
20250904,24,OBC,NHL10,24hpi-OBC,23,1,Time0,0.210571367
20250904,24,OBC,PAD3,24hpi-OBC,23,1,Time0,1.10364448
20250904,24,WT,NHL10,24hpi-WT,39,1,Time0,3.212436188
20250904,24,WT,PAD3,24hpi-WT,39,1,Time0,95.85840772
20250904,24,rmlC,NHL10,24hpi-rmlC,24,1,Time0,5.777564464
20250904,24,rmlC,PAD3,24hpi-rmlC,24,1,Time0,1.618679518
20250904,24,tagG,NHL10,24hpi-tagG,40,1,Time0,0.345650898
20250904,24,tagG,PAD3,24hpi-tagG,40,1,Time0,3.987157671
20250904,24,wfgD,NHL10,24hpi-wfgD,11,1,Time0,0.531992037
20250904,24,wfgD,PAD3,24hpi-wfgD,11,1,Time0,0.046461856
20250904,48,Mock,NHL10,48hpi-Mock,41,1,Time0,1.948457479
20250904,48,Mock,PAD3,48hpi-Mock,41,1,Time0,7.73192049
20250904,48,OBC,NHL10,48hpi-OBC,26,1,Time0,0.283534535
20250904,48,OBC,PAD3,48hpi-OBC,26,1,Time0,2.417897828
20250904,48,WT,NHL10,48hpi-WT,25,1,Time0,1.107159082
20250904,48,WT,PAD3,48hpi-WT,25,1,Time0,82.14854968
20250904,48,rmlC,NHL10,48hpi-rmlC,42,1,Time0,12.11692346
20250904,48,rmlC,PAD3,48hpi-rmlC,42,1,Time0,2.103966844
20250904,48,tagG,NHL10,48hpi-tagG,27,1,Time0,0.594015411
20250904,48,tagG,PAD3,48hpi-tagG,27,1,Time0,4.903427997
20250904,48,wfgD,NHL10,48hpi-wfgD,43,1,Time0,0.460673153
20250904,48,wfgD,PAD3,48hpi-wfgD,43,1,Time0,0.041958433
20250904,72,Mock,NHL10,72hpi-Mock,12,1,Time0,1.101572518
20250904,72,Mock,PAD3,72hpi-Mock,12,1,Time0,9.342828643
20250904,72,OBC,NHL10,72hpi-OBC,44,1,Time0,0.072188629
20250904,72,OBC,PAD3,72hpi-OBC,44,1,Time0,2.549941537
20250904,72,WT,NHL10,72hpi-WT,28,1,Time0,3.924568666
20250904,72,WT,PAD3,72hpi-WT,28,1,Time0,47.48162732
20250904,72,rmlC,NHL10,72hpi-rmlC,13,1,Time0,1.604184172
20250904,72,rmlC,PAD3,72hpi-rmlC,13,1,Time0,0.775520504
20250904,72,tagG,NHL10,72hpi-tagG,14,1,Time0,3.765231526
20250904,72,tagG,PAD3,72hpi-tagG,14,1,Time0,3.304270674
20250904,72,wfgD,NHL10,72hpi-wfgD,29,1,Time0,13.21673682
20250904,72,wfgD,PAD3,72hpi-wfgD,29,1,Time0,1.440093537
20250922,0,Mock,FRK1,0hpi-Mock,61,2,Mock,1
20250922,0,Mock,WRKY29,0hpi-Mock,61,2,Mock,1
20250922,0,OBC,FRK1,0hpi-OBC,64,2,Mock,0.150426333
20250922,0,OBC,WRKY29,0hpi-OBC,64,2,Mock,0.633321135
20250922,0,WT,FRK1,0hpi-WT,49,2,Mock,0.216612351
20250922,0,WT,WRKY29,0hpi-WT,49,2,Mock,1.140708365
20250922,0,rmlC,FRK1,0hpi-rmlC,80,2,Mock,0.330717192
20250922,0,rmlC,WRKY29,0hpi-rmlC,80,2,Mock,0.485561381
20250922,0,tagG,FRK1,0hpi-tagG,51,2,Mock,0.072537216
20250922,0,tagG,WRKY29,0hpi-tagG,51,2,Mock,0.748133488
20250922,0,wfgD,FRK1,0hpi-wfgD,60,2,Mock,0.473674621
20250922,0,wfgD,WRKY29,0hpi-wfgD,60,2,Mock,0.555326278
20250922,2,Mock,FRK1,2hpi-Mock,57,2,Mock,1
20250922,2,Mock,WRKY29,2hpi-Mock,57,2,Mock,1
20250922,2,OBC,FRK1,2hpi-OBC,69,2,Mock,0.618218416
20250922,2,OBC,WRKY29,2hpi-OBC,69,2,Mock,1.496596232
20250922,2,WT,FRK1,2hpi-WT,75,2,Mock,1.068301741
20250922,2,WT,WRKY29,2hpi-WT,75,2,Mock,1.1413281
20250922,2,rmlC,FRK1,2hpi-rmlC,82,2,Mock,1.169553249
20250922,2,rmlC,WRKY29,2hpi-rmlC,82,2,Mock,1.589198875
20250922,2,tagG,FRK1,2hpi-tagG,87,2,Mock,0.977516104
20250922,2,tagG,WRKY29,2hpi-tagG,87,2,Mock,1.223546554
20250922,2,wfgD,FRK1,2hpi-wfgD,56,2,Mock,1.195900862
20250922,2,wfgD,WRKY29,2hpi-wfgD,56,2,Mock,1.292520967
20250922,6,Mock,FRK1,6hpi-Mock,63,2,Mock,1
20250922,6,Mock,WRKY29,6hpi-Mock,63,2,Mock,1
20250922,6,OBC,FRK1,6hpi-OBC,66,2,Mock,0.623109465
20250922,6,OBC,WRKY29,6hpi-OBC,66,2,Mock,0.576295001
20250922,6,WT,FRK1,6hpi-WT,83,2,Mock,2.160906213
20250922,6,WT,WRKY29,6hpi-WT,83,2,Mock,1.161634879
20250922,6,rmlC,FRK1,6hpi-rmlC,86,2,Mock,1.777838943
20250922,6,rmlC,WRKY29,6hpi-rmlC,86,2,Mock,0.868819424
20250922,6,wfgD,FRK1,6hpi-wfgD,58,2,Mock,1.87609982
20250922,6,wfgD,WRKY29,6hpi-wfgD,58,2,Mock,1.048687943
20250922,10,Mock,FRK1,10hpi-Mock,59,2,Mock,1
20250922,10,Mock,WRKY29,10hpi-Mock,59,2,Mock,1
20250922,10,OBC,FRK1,10hpi-OBC,47,2,Mock,0.913885844
20250922,10,OBC,WRKY29,10hpi-OBC,47,2,Mock,0.881277519
20250922,10,WT,FRK1,10hpi-WT,46,2,Mock,1.533845494
20250922,10,WT,WRKY29,10hpi-WT,46,2,Mock,1.453635644
20250922,10,rmlC,FRK1,10hpi-rmlC,81,2,Mock,0.493742559
20250922,10,rmlC,WRKY29,10hpi-rmlC,81,2,Mock,1.379464911
20250922,10,tagG,FRK1,10hpi-tagG,70,2,Mock,0.406141634
20250922,10,tagG,WRKY29,10hpi-tagG,70,2,Mock,0.409308258
20250922,10,wfgD,FRK1,10hpi-wfgD,68,2,Mock,0.142569005
20250922,10,wfgD,WRKY29,10hpi-wfgD,68,2,Mock,0.223278856
20250922,24,Mock,FRK1,24hpi-Mock,85,2,Mock,1
20250922,24,Mock,WRKY29,24hpi-Mock,85,2,Mock,1
20250922,24,OBC,FRK1,24hpi-OBC,52,2,Mock,2.262514135
20250922,24,OBC,WRKY29,24hpi-OBC,52,2,Mock,2.312028165
20250922,24,WT,FRK1,24hpi-WT,71,2,Mock,11.59203388
20250922,24,WT,WRKY29,24hpi-WT,71,2,Mock,6.823916199
20250922,24,rmlC,FRK1,24hpi-rmlC,53,2,Mock,1.500718126
20250922,24,rmlC,WRKY29,24hpi-rmlC,53,2,Mock,1.56809676
20250922,24,tagG,FRK1,24hpi-tagG,77,2,Mock,14.14054398
20250922,24,tagG,WRKY29,24hpi-tagG,77,2,Mock,6.823610181
20250922,24,wfgD,FRK1,24hpi-wfgD,76,2,Mock,1.832516764
20250922,24,wfgD,WRKY29,24hpi-wfgD,76,2,Mock,4.734558069
20250922,48,Mock,FRK1,48hpi-Mock,73,2,Mock,1
20250922,48,Mock,WRKY29,48hpi-Mock,73,2,Mock,1
20250922,48,OBC,FRK1,48hpi-OBC,84,2,Mock,0.385532428
20250922,48,OBC,WRKY29,48hpi-OBC,84,2,Mock,4.60134727
20250922,48,WT,FRK1,48hpi-WT,78,2,Mock,0.89972595
20250922,48,WT,WRKY29,48hpi-WT,78,2,Mock,2.626719309
20250922,48,rmlC,FRK1,48hpi-rmlC,55,2,Mock,0.323625319
20250922,48,rmlC,WRKY29,48hpi-rmlC,55,2,Mock,4.149045392
20250922,48,tagG,FRK1,48hpi-tagG,72,2,Mock,0.43611213
20250922,48,tagG,WRKY29,48hpi-tagG,72,2,Mock,5.521885554
20250922,48,wfgD,FRK1,48hpi-wfgD,54,2,Mock,0.504619023
20250922,48,wfgD,WRKY29,48hpi-wfgD,54,2,Mock,7.169834999
20250922,6,tagG,FRK1,6hpi-tagG,48,2,Mock,NA
20250922,6,tagG,WRKY29,6hpi-tagG,48,2,Mock,NA
20250922,72,Mock,FRK1,72hpi-Mock,88,2,Mock,1
20250922,72,Mock,WRKY29,72hpi-Mock,88,2,Mock,1
20250922,72,OBC,FRK1,72hpi-OBC,79,2,Mock,0.347122514
20250922,72,OBC,WRKY29,72hpi-OBC,79,2,Mock,0.151137078
20250922,72,WT,FRK1,72hpi-WT,50,2,Mock,0.310492118
20250922,72,WT,WRKY29,72hpi-WT,50,2,Mock,0.513944429
20250922,72,rmlC,FRK1,72hpi-rmlC,62,2,Mock,0.538924957
20250922,72,rmlC,WRKY29,72hpi-rmlC,62,2,Mock,0.439783867
20250922,72,tagG,FRK1,72hpi-tagG,74,2,Mock,0.957009811
20250922,72,tagG,WRKY29,72hpi-tagG,74,2,Mock,1.125936525
20250922,72,wfgD,FRK1,72hpi-wfgD,65,2,Mock,0.194162704
20250922,72,wfgD,WRKY29,72hpi-wfgD,65,2,Mock,0.284166668
20250922,0,Mock,FRK1,0hpi-Mock,61,2,Time0,1
20250922,0,Mock,WRKY29,0hpi-Mock,61,2,Time0,1
20250922,0,OBC,FRK1,0hpi-OBC,64,2,Time0,1
20250922,0,OBC,WRKY29,0hpi-OBC,64,2,Time0,1
20250922,0,WT,FRK1,0hpi-WT,49,2,Time0,1
20250922,0,WT,WRKY29,0hpi-WT,49,2,Time0,1
20250922,0,rmlC,FRK1,0hpi-rmlC,80,2,Time0,1
20250922,0,rmlC,WRKY29,0hpi-rmlC,80,2,Time0,1
20250922,0,tagG,FRK1,0hpi-tagG,51,2,Time0,1
20250922,0,tagG,WRKY29,0hpi-tagG,51,2,Time0,1
20250922,0,wfgD,FRK1,0hpi-wfgD,60,2,Time0,1
20250922,0,wfgD,WRKY29,0hpi-wfgD,60,2,Time0,1
20250922,2,Mock,FRK1,2hpi-Mock,57,2,Time0,1.866438534
20250922,2,Mock,WRKY29,2hpi-Mock,57,2,Time0,1.157517704
20250922,2,OBC,FRK1,2hpi-OBC,69,2,Time0,7.670642853
20250922,2,OBC,WRKY29,2hpi-OBC,69,2,Time0,2.735321052
20250922,2,WT,FRK1,2hpi-WT,75,2,Time0,9.20501311
20250922,2,WT,WRKY29,2hpi-WT,75,2,Time0,1.158146571
20250922,2,rmlC,FRK1,2hpi-rmlC,82,2,Time0,6.600501295
20250922,2,rmlC,WRKY29,2hpi-rmlC,82,2,Time0,3.788451687
20250922,2,tagG,FRK1,2hpi-tagG,87,2,Time0,25.15224371
20250922,2,tagG,WRKY29,2hpi-tagG,87,2,Time0,1.893080341
20250922,2,wfgD,FRK1,2hpi-wfgD,56,2,Time0,4.71225469
20250922,2,wfgD,WRKY29,2hpi-wfgD,56,2,Time0,2.694120486
20250922,6,Mock,FRK1,6hpi-Mock,63,2,Time0,1.372704959
20250922,6,Mock,WRKY29,6hpi-Mock,63,2,Time0,1.957143136
20250922,6,OBC,FRK1,6hpi-OBC,66,2,Time0,5.686141766
20250922,6,OBC,WRKY29,6hpi-OBC,66,2,Time0,1.780916098
20250922,6,WT,FRK1,6hpi-WT,83,2,Time0,13.69398677
20250922,6,WT,WRKY29,6hpi-WT,83,2,Time0,1.993047301
20250922,6,rmlC,FRK1,6hpi-rmlC,86,2,Time0,7.379260575
20250922,6,rmlC,WRKY29,6hpi-rmlC,86,2,Time0,3.501934129
20250922,6,wfgD,FRK1,6hpi-wfgD,58,2,Time0,5.436921074
20250922,6,wfgD,WRKY29,6hpi-wfgD,58,2,Time0,3.695903634
20250922,10,Mock,FRK1,10hpi-Mock,59,2,Time0,3.148367805
20250922,10,Mock,WRKY29,10hpi-Mock,59,2,Time0,1.206080262
20250922,10,OBC,FRK1,10hpi-OBC,47,2,Time0,19.12729451
20250922,10,OBC,WRKY29,10hpi-OBC,47,2,Time0,1.678281935
20250922,10,WT,FRK1,10hpi-WT,46,2,Time0,22.29378767
20250922,10,WT,WRKY29,10hpi-WT,46,2,Time0,1.536940827
20250922,10,rmlC,FRK1,10hpi-rmlC,81,2,Time0,4.700339796
20250922,10,rmlC,WRKY29,10hpi-rmlC,81,2,Time0,3.426436832
20250922,10,tagG,FRK1,10hpi-tagG,70,2,Time0,17.62796154
20250922,10,tagG,WRKY29,10hpi-tagG,70,2,Time0,0.659853648
20250922,10,wfgD,FRK1,10hpi-wfgD,68,2,Time0,0.947611812
20250922,10,wfgD,WRKY29,10hpi-wfgD,68,2,Time0,0.484926126
20250922,24,Mock,FRK1,24hpi-Mock,85,2,Time0,0.243167918
20250922,24,Mock,WRKY29,24hpi-Mock,85,2,Time0,0.131460293
20250922,24,OBC,FRK1,24hpi-OBC,52,2,Time0,3.657410515
20250922,24,OBC,WRKY29,24hpi-OBC,52,2,Time0,0.479914348
20250922,24,WT,FRK1,24hpi-WT,71,2,Time0,13.01315793
20250922,24,WT,WRKY29,24hpi-WT,71,2,Time0,0.786418377
20250922,24,rmlC,FRK1,24hpi-rmlC,53,2,Time0,1.103439769
20250922,24,rmlC,WRKY29,24hpi-rmlC,53,2,Time0,0.424544593
20250922,24,tagG,FRK1,24hpi-tagG,77,2,Time0,47.40362045
20250922,24,tagG,WRKY29,24hpi-tagG,77,2,Time0,1.19902906
20250922,24,wfgD,FRK1,24hpi-wfgD,76,2,Time0,0.94074976
20250922,24,wfgD,WRKY29,24hpi-wfgD,76,2,Time0,1.120794053
20250922,48,Mock,FRK1,48hpi-Mock,73,2,Time0,1.717970478
20250922,48,Mock,WRKY29,48hpi-Mock,73,2,Time0,0.211056135
20250922,48,OBC,FRK1,48hpi-OBC,84,2,Time0,4.403041133
20250922,48,OBC,WRKY29,48hpi-OBC,84,2,Time0,1.53341254
20250922,48,WT,FRK1,48hpi-WT,78,2,Time0,7.13580093
20250922,48,WT,WRKY29,48hpi-WT,78,2,Time0,0.486000842
20250922,48,rmlC,FRK1,48hpi-rmlC,55,2,Time0,1.681130458
20250922,48,rmlC,WRKY29,48hpi-rmlC,55,2,Time0,1.803441375
20250922,48,tagG,FRK1,48hpi-tagG,72,2,Time0,10.32887406
20250922,48,tagG,WRKY29,48hpi-tagG,72,2,Time0,1.557780587
20250922,48,wfgD,FRK1,48hpi-wfgD,54,2,Time0,1.83020273
20250922,48,wfgD,WRKY29,48hpi-wfgD,54,2,Time0,2.724952382
20250922,6,tagG,FRK1,6hpi-tagG,48,2,Time0,25.7376371
20250922,6,tagG,WRKY29,6hpi-tagG,48,2,Time0,1.899942253
20250922,72,Mock,FRK1,72hpi-Mock,88,2,Time0,0.706315227
20250922,72,Mock,WRKY29,72hpi-Mock,88,2,Time0,1.458381622
20250922,72,OBC,FRK1,72hpi-OBC,79,2,Time0,1.629886953
20250922,72,OBC,WRKY29,72hpi-OBC,79,2,Time0,0.348031236
20250922,72,WT,FRK1,72hpi-WT,50,2,Time0,1.01243216
20250922,72,WT,WRKY29,72hpi-WT,50,2,Time0,0.657071635
20250922,72,rmlC,FRK1,72hpi-rmlC,62,2,Time0,1.150986138
20250922,72,rmlC,WRKY29,72hpi-rmlC,62,2,Time0,1.320889044
20250922,72,tagG,FRK1,72hpi-tagG,74,2,Time0,9.318673132
20250922,72,tagG,WRKY29,72hpi-tagG,74,2,Time0,2.194855814
20250922,72,wfgD,FRK1,72hpi-wfgD,65,2,Time0,0.289523796
20250922,72,wfgD,WRKY29,72hpi-wfgD,65,2,Time0,0.746270188
20250923,0,Mock,PDF1.2,0hpi-Mock,61,2,Mock,1
20250923,0,OBC,PDF1.2,0hpi-OBC,64,2,Mock,3.744628985
20250923,0,WT,PDF1.2,0hpi-WT,49,2,Mock,1.256957647
20250923,0,WT,PR1,0hpi-WT,49,2,Mock,NA
20250923,0,rmlC,PDF1.2,0hpi-rmlC,80,2,Mock,2.644213391
20250923,0,rmlC,PR1,0hpi-rmlC,80,2,Mock,NA
20250923,0,tagG,PDF1.2,0hpi-tagG,51,2,Mock,3.379313776
20250923,0,tagG,PR1,0hpi-tagG,51,2,Mock,NA
20250923,0,wfgD,PDF1.2,0hpi-wfgD,60,2,Mock,0.203478966
20250923,0,wfgD,PR1,0hpi-wfgD,60,2,Mock,NA
20250923,2,Mock,PDF1.2,2hpi-Mock,57,2,Mock,1
20250923,2,Mock,PR1,2hpi-Mock,57,2,Mock,1
20250923,2,OBC,PDF1.2,2hpi-OBC,69,2,Mock,2.67670145
20250923,2,OBC,PR1,2hpi-OBC,69,2,Mock,1.134851528
20250923,2,WT,PDF1.2,2hpi-WT,75,2,Mock,0.38705273
20250923,2,WT,PR1,2hpi-WT,75,2,Mock,0.964144586
20250923,2,rmlC,PDF1.2,2hpi-rmlC,82,2,Mock,2.002403756
20250923,2,rmlC,PR1,2hpi-rmlC,82,2,Mock,4.412165053
20250923,2,tagG,PDF1.2,2hpi-tagG,87,2,Mock,3.337875357
20250923,2,tagG,PR1,2hpi-tagG,87,2,Mock,4.939365695
20250923,2,wfgD,PDF1.2,2hpi-wfgD,56,2,Mock,0.235039294
20250923,2,wfgD,PR1,2hpi-wfgD,56,2,Mock,0.043922878
20250923,6,Mock,PDF1.2,6hpi-Mock,63,2,Mock,1
20250923,6,Mock,PR1,6hpi-Mock,63,2,Mock,1
20250923,6,OBC,PDF1.2,6hpi-OBC,66,2,Mock,1.260884825
20250923,6,OBC,PR1,6hpi-OBC,66,2,Mock,0.807749191
20250923,6,WT,PDF1.2,6hpi-WT,83,2,Mock,0.691777301
20250923,6,WT,PR1,6hpi-WT,83,2,Mock,2.35405503
20250923,6,rmlC,PDF1.2,6hpi-rmlC,86,2,Mock,0.251923459
20250923,6,wfgD,PDF1.2,6hpi-wfgD,58,2,Mock,3.272149897
20250923,6,wfgD,PR1,6hpi-wfgD,58,2,Mock,1.979265765
20250923,10,Mock,PDF1.2,10hpi-Mock,59,2,Mock,1
20250923,10,Mock,PR1,10hpi-Mock,59,2,Mock,1
20250923,10,OBC,PDF1.2,10hpi-OBC,47,2,Mock,1.378048384
20250923,10,OBC,PR1,10hpi-OBC,47,2,Mock,6.138603301
20250923,10,WT,PDF1.2,10hpi-WT,46,2,Mock,0.380153497
20250923,10,WT,PR1,10hpi-WT,46,2,Mock,0.017842371
20250923,10,rmlC,PDF1.2,10hpi-rmlC,81,2,Mock,0.271951068
20250923,10,rmlC,PR1,10hpi-rmlC,81,2,Mock,1.887753734
20250923,10,tagG,PDF1.2,10hpi-tagG,70,2,Mock,0.592106698
20250923,10,tagG,PR1,10hpi-tagG,70,2,Mock,0.139120398
20250923,10,wfgD,PDF1.2,10hpi-wfgD,68,2,Mock,0.280042499
20250923,10,wfgD,PR1,10hpi-wfgD,68,2,Mock,0.001221967
20250923,24,Mock,PDF1.2,24hpi-Mock,85,2,Mock,1
20250923,24,Mock,PR1,24hpi-Mock,85,2,Mock,1
20250923,24,OBC,PDF1.2,24hpi-OBC,52,2,Mock,0.166255609
20250923,24,WT,PDF1.2,24hpi-WT,71,2,Mock,0.970257964
20250923,24,WT,PR1,24hpi-WT,71,2,Mock,1.35663848
20250923,24,rmlC,PDF1.2,24hpi-rmlC,53,2,Mock,0.354972446
20250923,24,rmlC,PR1,24hpi-rmlC,53,2,Mock,6.429044929
20250923,24,tagG,PDF1.2,24hpi-tagG,77,2,Mock,0.876652006
20250923,24,tagG,PR1,24hpi-tagG,77,2,Mock,1.739337038
20250923,24,wfgD,PDF1.2,24hpi-wfgD,76,2,Mock,0.359039743
20250923,24,wfgD,PR1,24hpi-wfgD,76,2,Mock,1.159348847
20250923,48,Mock,PDF1.2,48hpi-Mock,73,2,Mock,1
20250923,48,Mock,PR1,48hpi-Mock,73,2,Mock,1
20250923,48,OBC,PDF1.2,48hpi-OBC,84,2,Mock,0.873308293
20250923,48,OBC,PR1,48hpi-OBC,84,2,Mock,0.060852302
20250923,48,WT,PDF1.2,48hpi-WT,78,2,Mock,3.709025434
20250923,48,WT,PR1,48hpi-WT,78,2,Mock,0.72331378
20250923,48,rmlC,PDF1.2,48hpi-rmlC,55,2,Mock,0.193300166
20250923,48,rmlC,PR1,48hpi-rmlC,55,2,Mock,0.095090688
20250923,48,tagG,PDF1.2,48hpi-tagG,72,2,Mock,0.328680792
20250923,48,tagG,PR1,48hpi-tagG,72,2,Mock,0.057259171
20250923,48,wfgD,PDF1.2,48hpi-wfgD,54,2,Mock,0.092056405
20250923,48,wfgD,PR1,48hpi-wfgD,54,2,Mock,0.049044112
20250923,6,tagG,PDF1.2,6hpi-tagG,48,2,Mock,NA
20250923,6,tagG,PR1,6hpi-tagG,48,2,Mock,NA
20250923,72,Mock,PDF1.2,72hpi-Mock,88,2,Mock,1
20250923,72,Mock,PR1,72hpi-Mock,88,2,Mock,1
20250923,72,OBC,PDF1.2,72hpi-OBC,79,2,Mock,0.441474169
20250923,72,OBC,PR1,72hpi-OBC,79,2,Mock,0.137621881
20250923,72,WT,PDF1.2,72hpi-WT,50,2,Mock,2.034441121
20250923,72,WT,PR1,72hpi-WT,50,2,Mock,2.434395311
20250923,72,rmlC,PDF1.2,72hpi-rmlC,62,2,Mock,1.4680753
20250923,72,rmlC,PR1,72hpi-rmlC,62,2,Mock,1.38837857
20250923,72,tagG,PDF1.2,72hpi-tagG,74,2,Mock,0.197172723
20250923,72,tagG,PR1,72hpi-tagG,74,2,Mock,1.09794697
20250923,72,wfgD,PDF1.2,72hpi-wfgD,65,2,Mock,1.063126938
20250923,72,wfgD,PR1,72hpi-wfgD,65,2,Mock,0.182272408
20250923,0,Mock,PDF1.2,0hpi-Mock,61,2,Time0,1
20250923,0,OBC,PDF1.2,0hpi-OBC,64,2,Time0,1
20250923,0,WT,PDF1.2,0hpi-WT,49,2,Time0,1
20250923,0,WT,PR1,0hpi-WT,49,2,Time0,1
20250923,0,rmlC,PDF1.2,0hpi-rmlC,80,2,Time0,1
20250923,0,rmlC,PR1,0hpi-rmlC,80,2,Time0,1
20250923,0,tagG,PDF1.2,0hpi-tagG,51,2,Time0,1
20250923,0,tagG,PR1,0hpi-tagG,51,2,Time0,1
20250923,0,wfgD,PDF1.2,0hpi-wfgD,60,2,Time0,1
20250923,0,wfgD,PR1,0hpi-wfgD,60,2,Time0,1
20250923,2,Mock,PDF1.2,2hpi-Mock,57,2,Time0,1.358530581
20250923,2,Mock,PR1,2hpi-Mock,57,2,Time0,NA
20250923,2,OBC,PDF1.2,2hpi-OBC,69,2,Time0,0.971092408
20250923,2,OBC,PR1,2hpi-OBC,69,2,Time0,NA
20250923,2,WT,PDF1.2,2hpi-WT,75,2,Time0,0.418329903
20250923,2,WT,PR1,2hpi-WT,75,2,Time0,1.44503549
20250923,2,rmlC,PDF1.2,2hpi-rmlC,82,2,Time0,1.028784873
20250923,2,rmlC,PR1,2hpi-rmlC,82,2,Time0,4.7927623
20250923,2,tagG,PDF1.2,2hpi-tagG,87,2,Time0,1.341871767
20250923,2,tagG,PR1,2hpi-tagG,87,2,Time0,2.903336511
20250923,2,wfgD,PDF1.2,2hpi-wfgD,56,2,Time0,1.569243612
20250923,2,wfgD,PR1,2hpi-wfgD,56,2,Time0,0.028861648
20250923,6,Mock,PDF1.2,6hpi-Mock,63,2,Time0,3.902737379
20250923,6,Mock,PR1,6hpi-Mock,63,2,Time0,NA
20250923,6,OBC,PDF1.2,6hpi-OBC,66,2,Time0,1.314122802
20250923,6,OBC,PR1,6hpi-OBC,66,2,Time0,NA
20250923,6,WT,PDF1.2,6hpi-WT,83,2,Time0,2.147904614
20250923,6,WT,PR1,6hpi-WT,83,2,Time0,6.833639037
20250923,6,rmlC,PDF1.2,6hpi-rmlC,86,2,Time0,0.371827441
20250923,6,wfgD,PDF1.2,6hpi-wfgD,58,2,Time0,62.76000878
20250923,6,wfgD,PR1,6hpi-wfgD,58,2,Time0,2.519031133
20250923,10,Mock,PDF1.2,10hpi-Mock,59,2,Time0,12.67859626
20250923,10,Mock,PR1,10hpi-Mock,59,2,Time0,NA
20250923,10,OBC,PDF1.2,10hpi-OBC,47,2,Time0,4.665807789
20250923,10,OBC,PR1,10hpi-OBC,47,2,Time0,NA
20250923,10,WT,PDF1.2,10hpi-WT,46,2,Time0,3.834506847
20250923,10,WT,PR1,10hpi-WT,46,2,Time0,0.068469725
20250923,10,rmlC,PDF1.2,10hpi-rmlC,81,2,Time0,1.303963516
20250923,10,rmlC,PR1,10hpi-rmlC,81,2,Time0,5.250360823
20250923,10,tagG,PDF1.2,10hpi-tagG,70,2,Time0,2.221481123
20250923,10,tagG,PR1,10hpi-tagG,70,2,Time0,0.209375894
20250923,10,wfgD,PDF1.2,10hpi-wfgD,68,2,Time0,17.44920297
20250923,10,wfgD,PR1,10hpi-wfgD,68,2,Time0,0.002055889
20250923,24,Mock,PDF1.2,24hpi-Mock,85,2,Time0,12.32205525
20250923,24,Mock,PR1,24hpi-Mock,85,2,Time0,NA
20250923,24,OBC,PDF1.2,24hpi-OBC,52,2,Time0,0.547079778
20250923,24,WT,PDF1.2,24hpi-WT,71,2,Time0,9.511515566
20250923,24,WT,PR1,24hpi-WT,71,2,Time0,0.562674911
20250923,24,rmlC,PDF1.2,24hpi-rmlC,53,2,Time0,1.654174395
20250923,24,rmlC,PR1,24hpi-rmlC,53,2,Time0,1.932580859
20250923,24,tagG,PDF1.2,24hpi-tagG,77,2,Time0,3.196552662
20250923,24,tagG,PR1,24hpi-tagG,77,2,Time0,0.282922191
20250923,24,wfgD,PDF1.2,24hpi-wfgD,76,2,Time0,21.74233353
20250923,24,wfgD,PR1,24hpi-wfgD,76,2,Time0,0.210815021
20250923,48,Mock,PDF1.2,48hpi-Mock,73,2,Time0,90.46312979
20250923,48,Mock,PR1,48hpi-Mock,73,2,Time0,NA
20250923,48,OBC,PDF1.2,48hpi-OBC,84,2,Time0,21.09747101
20250923,48,OBC,PR1,48hpi-OBC,84,2,Time0,NA
20250923,48,WT,PDF1.2,48hpi-WT,78,2,Time0,266.9382297
20250923,48,WT,PR1,48hpi-WT,78,2,Time0,3.526972315
20250923,48,rmlC,PDF1.2,48hpi-rmlC,55,2,Time0,6.613134185
20250923,48,rmlC,PR1,48hpi-rmlC,55,2,Time0,0.336055566
20250923,48,tagG,PDF1.2,48hpi-tagG,72,2,Time0,8.798677802
20250923,48,tagG,PR1,48hpi-tagG,72,2,Time0,0.109499016
20250923,48,wfgD,PDF1.2,48hpi-wfgD,54,2,Time0,40.92664038
20250923,48,wfgD,PR1,48hpi-wfgD,54,2,Time0,0.104847043
20250923,6,tagG,PDF1.2,6hpi-tagG,48,2,Time0,1.210759543
20250923,6,tagG,PR1,6hpi-tagG,48,2,Time0,1.387744383
20250923,72,Mock,PDF1.2,72hpi-Mock,88,2,Time0,103.3065599
20250923,72,Mock,PR1,72hpi-Mock,88,2,Time0,NA
20250923,72,OBC,PDF1.2,72hpi-OBC,79,2,Time0,12.17935819
20250923,72,OBC,PR1,72hpi-OBC,79,2,Time0,NA
20250923,72,WT,PDF1.2,72hpi-WT,50,2,Time0,167.2062013
20250923,72,WT,PR1,72hpi-WT,50,2,Time0,5.035296549
20250923,72,rmlC,PDF1.2,72hpi-rmlC,62,2,Time0,57.35611558
20250923,72,rmlC,PR1,72hpi-rmlC,62,2,Time0,2.081323776
20250923,72,tagG,PDF1.2,72hpi-tagG,74,2,Time0,6.027624851
20250923,72,tagG,PR1,72hpi-tagG,74,2,Time0,0.890646084
20250923,72,wfgD,PDF1.2,72hpi-wfgD,65,2,Time0,539.7510547
20250923,72,wfgD,PR1,72hpi-wfgD,65,2,Time0,0.165290875
20250923,0,Mock,FRK1,0hpi-Mock,113,3,Mock,1
20250923,0,Mock,WRKY29,0hpi-Mock,113,3,Mock,1
20250923,0,OBC,FRK1,0hpi-OBC,119,3,Mock,1.89147223
20250923,0,OBC,WRKY29,0hpi-OBC,119,3,Mock,3.145483398
20250923,0,WT,FRK1,0hpi-WT,94,3,Mock,3.275535856
20250923,0,WT,WRKY29,0hpi-WT,94,3,Mock,3.134402618
20250923,0,rmlC,FRK1,0hpi-rmlC,109,3,Mock,7.104754617
20250923,0,rmlC,WRKY29,0hpi-rmlC,109,3,Mock,10.2332956
20250923,0,tagG,FRK1,0hpi-tagG,97,3,Mock,2.578392968
20250923,0,tagG,WRKY29,0hpi-tagG,97,3,Mock,2.557844989
20250923,0,wfgD,FRK1,0hpi-wfgD,128,3,Mock,9.036028755
20250923,0,wfgD,WRKY29,0hpi-wfgD,128,3,Mock,8.080242554
20250923,2,Mock,FRK1,2hpi-Mock,120,3,Mock,1
20250923,2,Mock,WRKY29,2hpi-Mock,120,3,Mock,1
20250923,2,OBC,FRK1,2hpi-OBC,95,3,Mock,1.732395788
20250923,2,OBC,WRKY29,2hpi-OBC,95,3,Mock,1.711490431
20250923,2,WT,FRK1,2hpi-WT,101,3,Mock,4.353651699
20250923,2,WT,WRKY29,2hpi-WT,101,3,Mock,0.957954354
20250923,2,rmlC,FRK1,2hpi-rmlC,122,3,Mock,4.856956438
20250923,2,rmlC,WRKY29,2hpi-rmlC,122,3,Mock,0.458419961
20250923,2,tagG,FRK1,2hpi-tagG,118,3,Mock,2.576871732
20250923,2,tagG,WRKY29,2hpi-tagG,118,3,Mock,0.467152578
20250923,2,wfgD,FRK1,2hpi-wfgD,110,3,Mock,1.509157244
20250923,2,wfgD,WRKY29,2hpi-wfgD,110,3,Mock,0.317569336
20250923,6,Mock,FRK1,6hpi-Mock,100,3,Mock,1
20250923,6,Mock,WRKY29,6hpi-Mock,100,3,Mock,1
20250923,6,OBC,FRK1,6hpi-OBC,124,3,Mock,0.787678542
20250923,6,OBC,WRKY29,6hpi-OBC,124,3,Mock,0.512533071
20250923,6,WT,FRK1,6hpi-WT,116,3,Mock,1.044076395
20250923,6,WT,WRKY29,6hpi-WT,116,3,Mock,0.564106443
20250923,6,rmlC,FRK1,6hpi-rmlC,115,3,Mock,1.807813447
20250923,6,rmlC,WRKY29,6hpi-rmlC,115,3,Mock,0.704314704
20250923,6,tagG,FRK1,6hpi-tagG,107,3,Mock,2.358543289
20250923,6,tagG,WRKY29,6hpi-tagG,107,3,Mock,0.491240647
20250923,6,wfgD,FRK1,6hpi-wfgD,91,3,Mock,1.303288683
20250923,6,wfgD,WRKY29,6hpi-wfgD,91,3,Mock,0.288672906
20250923,10,Mock,FRK1,10hpi-Mock,106,3,Mock,1
20250923,10,Mock,WRKY29,10hpi-Mock,106,3,Mock,1
20250923,10,OBC,FRK1,10hpi-OBC,90,3,Mock,4.094660896
20250923,10,OBC,WRKY29,10hpi-OBC,90,3,Mock,1.420385397
20250923,10,WT,FRK1,10hpi-WT,117,3,Mock,1.048489186
20250923,10,WT,WRKY29,10hpi-WT,117,3,Mock,0.605194918
20250923,10,rmlC,FRK1,10hpi-rmlC,125,3,Mock,1.219720052
20250923,10,rmlC,WRKY29,10hpi-rmlC,125,3,Mock,0.589142007
20250923,10,tagG,FRK1,10hpi-tagG,131,3,Mock,0.446368278
20250923,10,tagG,WRKY29,10hpi-tagG,131,3,Mock,1.763625811
20250923,10,wfgD,FRK1,10hpi-wfgD,105,3,Mock,2.802023422
20250923,10,wfgD,WRKY29,10hpi-wfgD,105,3,Mock,1.297454191
20250923,24,Mock,FRK1,24hpi-Mock,108,3,Mock,1
20250923,24,Mock,WRKY29,24hpi-Mock,108,3,Mock,1
20250923,24,OBC,FRK1,24hpi-OBC,132,3,Mock,1.369034327
20250923,24,OBC,WRKY29,24hpi-OBC,132,3,Mock,3.441589038
20250923,24,WT,FRK1,24hpi-WT,121,3,Mock,0.893468111
20250923,24,WT,WRKY29,24hpi-WT,121,3,Mock,1.716819998
20250923,24,rmlC,FRK1,24hpi-rmlC,93,3,Mock,0.885116047
20250923,24,rmlC,WRKY29,24hpi-rmlC,93,3,Mock,1.625444375
20250923,24,tagG,FRK1,24hpi-tagG,99,3,Mock,0.354614791
20250923,24,tagG,WRKY29,24hpi-tagG,99,3,Mock,5.263067794
20250923,24,wfgD,FRK1,24hpi-wfgD,123,3,Mock,0.827183445
20250923,24,wfgD,WRKY29,24hpi-wfgD,123,3,Mock,0.904396185
20250923,48,Mock,FRK1,48hpi-Mock,112,3,Mock,1
20250923,48,Mock,WRKY29,48hpi-Mock,112,3,Mock,1
20250923,48,OBC,FRK1,48hpi-OBC,104,3,Mock,2.249416955
20250923,48,OBC,WRKY29,48hpi-OBC,104,3,Mock,2.829570669
20250923,48,WT,FRK1,48hpi-WT,103,3,Mock,1.710737277
20250923,48,WT,WRKY29,48hpi-WT,103,3,Mock,2.63110349
20250923,48,rmlC,FRK1,48hpi-rmlC,126,3,Mock,0.759543237
20250923,48,rmlC,WRKY29,48hpi-rmlC,126,3,Mock,0.369609553
20250923,48,tagG,FRK1,48hpi-tagG,92,3,Mock,0.283112204
20250923,48,tagG,WRKY29,48hpi-tagG,92,3,Mock,0.582438703
20250923,48,wfgD,FRK1,48hpi-wfgD,127,3,Mock,0.629330614
20250923,48,wfgD,WRKY29,48hpi-wfgD,127,3,Mock,0.374791929
20250923,72,Mock,FRK1,72hpi-Mock,129,3,Mock,1
20250923,72,Mock,WRKY29,72hpi-Mock,129,3,Mock,1
20250923,72,OBC,FRK1,72hpi-OBC,96,3,Mock,4.92685712
20250923,72,OBC,WRKY29,72hpi-OBC,96,3,Mock,1.621577808
20250923,72,WT,FRK1,72hpi-WT,102,3,Mock,1.079374993
20250923,72,WT,WRKY29,72hpi-WT,102,3,Mock,0.414264205
20250923,72,rmlC,FRK1,72hpi-rmlC,98,3,Mock,1.19209449
20250923,72,rmlC,WRKY29,72hpi-rmlC,98,3,Mock,0.666943058
20250923,72,tagG,FRK1,72hpi-tagG,114,3,Mock,1.873564926
20250923,72,tagG,WRKY29,72hpi-tagG,114,3,Mock,2.948701814
20250923,72,wfgD,FRK1,72hpi-wfgD,130,3,Mock,0.487874832
20250923,72,wfgD,WRKY29,72hpi-wfgD,130,3,Mock,3.796943296
20250923,0,Mock,NHL10,0hpi-Mock,113,3,Mock,1
20250923,0,Mock,PAD3,0hpi-Mock,113,3,Mock,1
20250923,0,OBC,NHL10,0hpi-OBC,119,3,Mock,0.738109386
20250923,0,OBC,PAD3,0hpi-OBC,119,3,Mock,1.050981942
20250923,0,WT,NHL10,0hpi-WT,94,3,Mock,1.130861115
20250923,0,WT,PAD3,0hpi-WT,94,3,Mock,7.236284022
20250923,0,rmlC,NHL10,0hpi-rmlC,109,3,Mock,0.992304539
20250923,0,rmlC,PAD3,0hpi-rmlC,109,3,Mock,4.819651627
20250923,0,tagG,NHL10,0hpi-tagG,97,3,Mock,1.673438976
20250923,0,tagG,PAD3,0hpi-tagG,97,3,Mock,39.80769523
20250923,0,wfgD,NHL10,0hpi-wfgD,128,3,Mock,1.217893043
20250923,0,wfgD,PAD3,0hpi-wfgD,128,3,Mock,4.889685657
20250923,2,Mock,NHL10,2hpi-Mock,120,3,Mock,1
20250923,2,Mock,PAD3,2hpi-Mock,120,3,Mock,1
20250923,2,OBC,NHL10,2hpi-OBC,95,3,Mock,1.885723141
20250923,2,OBC,PAD3,2hpi-OBC,95,3,Mock,4.897669271
20250923,2,WT,NHL10,2hpi-WT,101,3,Mock,9.284837171
20250923,2,WT,PAD3,2hpi-WT,101,3,Mock,55.24281894
20250923,2,rmlC,NHL10,2hpi-rmlC,122,3,Mock,4.369030997
20250923,2,rmlC,PAD3,2hpi-rmlC,122,3,Mock,57.56078977
20250923,2,tagG,NHL10,2hpi-tagG,118,3,Mock,1.619446386
20250923,2,tagG,PAD3,2hpi-tagG,118,3,Mock,2.224980277
20250923,2,wfgD,NHL10,2hpi-wfgD,110,3,Mock,1.812372836
20250923,2,wfgD,PAD3,2hpi-wfgD,110,3,Mock,18.86938592
20250923,6,Mock,NHL10,6hpi-Mock,100,3,Mock,1
20250923,6,Mock,PAD3,6hpi-Mock,100,3,Mock,1
20250923,6,OBC,NHL10,6hpi-OBC,124,3,Mock,0.415631543
20250923,6,OBC,PAD3,6hpi-OBC,124,3,Mock,1.946745675
20250923,6,WT,NHL10,6hpi-WT,116,3,Mock,0.244023583
20250923,6,WT,PAD3,6hpi-WT,116,3,Mock,1.163821878
20250923,6,rmlC,NHL10,6hpi-rmlC,115,3,Mock,0.20544213
20250923,6,rmlC,PAD3,6hpi-rmlC,115,3,Mock,5.226704589
20250923,6,tagG,NHL10,6hpi-tagG,107,3,Mock,0.162271575
20250923,6,tagG,PAD3,6hpi-tagG,107,3,Mock,5.293762623
20250923,6,wfgD,NHL10,6hpi-wfgD,91,3,Mock,0.279895548
20250923,6,wfgD,PAD3,6hpi-wfgD,91,3,Mock,4.887462024
20250923,10,Mock,NHL10,10hpi-Mock,106,3,Mock,1
20250923,10,Mock,PAD3,10hpi-Mock,106,3,Mock,1
20250923,10,OBC,NHL10,10hpi-OBC,90,3,Mock,1.86694367
20250923,10,OBC,PAD3,10hpi-OBC,90,3,Mock,0.188705536
20250923,10,WT,NHL10,10hpi-WT,117,3,Mock,1.650161895
20250923,10,WT,PAD3,10hpi-WT,117,3,Mock,1.086269738
20250923,10,rmlC,NHL10,10hpi-rmlC,125,3,Mock,1.580893729
20250923,10,rmlC,PAD3,10hpi-rmlC,125,3,Mock,0.37794149
20250923,10,tagG,NHL10,10hpi-tagG,131,3,Mock,2.167593146
20250923,10,tagG,PAD3,10hpi-tagG,131,3,Mock,0.11664478
20250923,10,wfgD,NHL10,10hpi-wfgD,105,3,Mock,5.05142822
20250923,10,wfgD,PAD3,10hpi-wfgD,105,3,Mock,0.425283102
20250923,24,Mock,NHL10,24hpi-Mock,108,3,Mock,1
20250923,24,Mock,PAD3,24hpi-Mock,108,3,Mock,1
20250923,24,OBC,NHL10,24hpi-OBC,132,3,Mock,0.434020595
20250923,24,OBC,PAD3,24hpi-OBC,132,3,Mock,0.654860548
20250923,24,WT,NHL10,24hpi-WT,121,3,Mock,3.706644759
20250923,24,WT,PAD3,24hpi-WT,121,3,Mock,7.373423058
20250923,24,rmlC,NHL10,24hpi-rmlC,93,3,Mock,1.695744296
20250923,24,rmlC,PAD3,24hpi-rmlC,93,3,Mock,1.303273255
20250923,24,tagG,NHL10,24hpi-tagG,99,3,Mock,0.353359262
20250923,24,tagG,PAD3,24hpi-tagG,99,3,Mock,0.757442619
20250923,24,wfgD,NHL10,24hpi-wfgD,123,3,Mock,1.363905185
20250923,24,wfgD,PAD3,24hpi-wfgD,123,3,Mock,1.264804583
20250923,48,Mock,NHL10,48hpi-Mock,112,3,Mock,1
20250923,48,Mock,PAD3,48hpi-Mock,112,3,Mock,1
20250923,48,OBC,NHL10,48hpi-OBC,104,3,Mock,0.707430845
20250923,48,OBC,PAD3,48hpi-OBC,104,3,Mock,0.689722527
20250923,48,WT,NHL10,48hpi-WT,103,3,Mock,25.16102659
20250923,48,WT,PAD3,48hpi-WT,103,3,Mock,5.701160491
20250923,48,rmlC,NHL10,48hpi-rmlC,126,3,Mock,1.295518744
20250923,48,rmlC,PAD3,48hpi-rmlC,126,3,Mock,2.059414487
20250923,48,tagG,NHL10,48hpi-tagG,92,3,Mock,0.395448722
20250923,48,tagG,PAD3,48hpi-tagG,92,3,Mock,0.133803077
20250923,48,wfgD,NHL10,48hpi-wfgD,127,3,Mock,0.55425026
20250923,48,wfgD,PAD3,48hpi-wfgD,127,3,Mock,0.472007382
20250923,72,Mock,NHL10,72hpi-Mock,129,3,Mock,1
20250923,72,Mock,PAD3,72hpi-Mock,129,3,Mock,1
20250923,72,OBC,NHL10,72hpi-OBC,96,3,Mock,6.856906874
20250923,72,OBC,PAD3,72hpi-OBC,96,3,Mock,0.750823979
20250923,72,WT,NHL10,72hpi-WT,102,3,Mock,3.931357687
20250923,72,WT,PAD3,72hpi-WT,102,3,Mock,1.069865081
20250923,72,rmlC,NHL10,72hpi-rmlC,98,3,Mock,3.417439334
20250923,72,rmlC,PAD3,72hpi-rmlC,98,3,Mock,0.990693886
20250923,72,tagG,NHL10,72hpi-tagG,114,3,Mock,0.501449788
20250923,72,tagG,PAD3,72hpi-tagG,114,3,Mock,0.61083825
20250923,72,wfgD,NHL10,72hpi-wfgD,130,3,Mock,18.48126116
20250923,72,wfgD,PAD3,72hpi-wfgD,130,3,Mock,4.236557256
20250923,0,Mock,FRK1,0hpi-Mock,113,3,Time0,1
20250923,0,Mock,WRKY29,0hpi-Mock,113,3,Time0,1
20250923,0,OBC,FRK1,0hpi-OBC,119,3,Time0,1
20250923,0,OBC,WRKY29,0hpi-OBC,119,3,Time0,1
20250923,0,WT,FRK1,0hpi-WT,94,3,Time0,1
20250923,0,WT,WRKY29,0hpi-WT,94,3,Time0,1
20250923,0,rmlC,FRK1,0hpi-rmlC,109,3,Time0,1
20250923,0,rmlC,WRKY29,0hpi-rmlC,109,3,Time0,1
20250923,0,tagG,FRK1,0hpi-tagG,97,3,Time0,1
20250923,0,tagG,WRKY29,0hpi-tagG,97,3,Time0,1
20250923,0,wfgD,FRK1,0hpi-wfgD,128,3,Time0,1
20250923,0,wfgD,WRKY29,0hpi-wfgD,128,3,Time0,1
20250923,2,Mock,FRK1,2hpi-Mock,120,3,Time0,9.493013363
20250923,2,Mock,WRKY29,2hpi-Mock,120,3,Time0,7.212570956
20250923,2,OBC,FRK1,2hpi-OBC,95,3,Time0,8.69463273
20250923,2,OBC,WRKY29,2hpi-OBC,95,3,Time0,3.924435328
20250923,2,WT,FRK1,2hpi-WT,101,3,Time0,12.61756109
20250923,2,WT,WRKY29,2hpi-WT,101,3,Time0,2.204347874
20250923,2,rmlC,FRK1,2hpi-rmlC,122,3,Time0,6.489619256
20250923,2,rmlC,WRKY29,2hpi-rmlC,122,3,Time0,0.323100849
20250923,2,tagG,FRK1,2hpi-tagG,118,3,Time0,9.487412544
20250923,2,tagG,WRKY29,2hpi-tagG,118,3,Time0,1.317269472
20250923,2,wfgD,FRK1,2hpi-wfgD,110,3,Time0,1.585480776
20250923,2,wfgD,WRKY29,2hpi-wfgD,110,3,Time0,0.283468146
20250923,6,Mock,FRK1,6hpi-Mock,100,3,Time0,13.82930049
20250923,6,Mock,WRKY29,6hpi-Mock,100,3,Time0,8.712051634
20250923,6,OBC,FRK1,6hpi-OBC,124,3,Time0,5.759028906
20250923,6,OBC,WRKY29,6hpi-OBC,124,3,Time0,1.419563869
20250923,6,WT,FRK1,6hpi-WT,116,3,Time0,4.40808675
20250923,6,WT,WRKY29,6hpi-WT,116,3,Time0,1.56793018
20250923,6,rmlC,FRK1,6hpi-rmlC,115,3,Time0,3.518882319
20250923,6,rmlC,WRKY29,6hpi-rmlC,115,3,Time0,0.599613879
20250923,6,tagG,FRK1,6hpi-tagG,107,3,Time0,12.65012908
20250923,6,tagG,WRKY29,6hpi-tagG,107,3,Time0,1.673171711
20250923,6,wfgD,FRK1,6hpi-wfgD,91,3,Time0,1.994634071
20250923,6,wfgD,WRKY29,6hpi-wfgD,91,3,Time0,0.311244773
20250923,10,Mock,FRK1,10hpi-Mock,106,3,Time0,9.064703609
20250923,10,Mock,WRKY29,10hpi-Mock,106,3,Time0,2.408132312
20250923,10,OBC,FRK1,10hpi-OBC,90,3,Time0,19.62327905
20250923,10,OBC,WRKY29,10hpi-OBC,90,3,Time0,1.087424582
20250923,10,WT,FRK1,10hpi-WT,117,3,Time0,2.90158439
20250923,10,WT,WRKY29,10hpi-WT,117,3,Time0,0.464965613
20250923,10,rmlC,FRK1,10hpi-rmlC,125,3,Time0,1.556197413
20250923,10,rmlC,WRKY29,10hpi-rmlC,125,3,Time0,0.138638808
20250923,10,tagG,FRK1,10hpi-tagG,131,3,Time0,1.569270547
20250923,10,tagG,WRKY29,10hpi-tagG,131,3,Time0,1.660399406
20250923,10,wfgD,FRK1,10hpi-wfgD,105,3,Time0,2.810915338
20250923,10,wfgD,WRKY29,10hpi-wfgD,105,3,Time0,0.38667668
20250923,24,Mock,FRK1,24hpi-Mock,108,3,Time0,5.549498129
20250923,24,Mock,WRKY29,24hpi-Mock,108,3,Time0,0.870981528
20250923,24,OBC,FRK1,24hpi-OBC,132,3,Time0,4.016687802
20250923,24,OBC,WRKY29,24hpi-OBC,132,3,Time0,0.952972913
20250923,24,WT,FRK1,24hpi-WT,121,3,Time0,1.513736935
20250923,24,WT,WRKY29,24hpi-WT,121,3,Time0,0.477066506
20250923,24,rmlC,FRK1,24hpi-rmlC,93,3,Time0,0.691360942
20250923,24,rmlC,WRKY29,24hpi-rmlC,93,3,Time0,0.138345659
20250923,24,tagG,FRK1,24hpi-tagG,99,3,Time0,0.76324057
20250923,24,tagG,WRKY29,24hpi-tagG,99,3,Time0,1.792147236
20250923,24,wfgD,FRK1,24hpi-wfgD,123,3,Time0,0.508016641
20250923,24,wfgD,WRKY29,24hpi-wfgD,123,3,Time0,0.097486228
20250923,48,Mock,FRK1,48hpi-Mock,112,3,Time0,5.970449623
20250923,48,Mock,WRKY29,48hpi-Mock,112,3,Time0,2.472111254
20250923,48,OBC,FRK1,48hpi-OBC,104,3,Time0,7.100305465
20250923,48,OBC,WRKY29,48hpi-OBC,104,3,Time0,2.223827822
20250923,48,WT,FRK1,48hpi-WT,103,3,Time0,3.118228949
20250923,48,WT,WRKY29,48hpi-WT,103,3,Time0,2.075157961
20250923,48,rmlC,FRK1,48hpi-rmlC,126,3,Time0,0.638278854
20250923,48,rmlC,WRKY29,48hpi-rmlC,126,3,Time0,0.089288531
20250923,48,tagG,FRK1,48hpi-tagG,92,3,Time0,0.65556615
20250923,48,tagG,WRKY29,48hpi-tagG,92,3,Time0,0.562916548
20250923,48,wfgD,FRK1,48hpi-wfgD,127,3,Time0,0.415822794
20250923,48,wfgD,WRKY29,48hpi-wfgD,127,3,Time0,0.114665784
20250923,72,Mock,FRK1,72hpi-Mock,129,3,Time0,3.876672456
20250923,72,Mock,WRKY29,72hpi-Mock,129,3,Time0,2.674012002
20250923,72,OBC,FRK1,72hpi-OBC,96,3,Time0,10.09785446
20250923,72,OBC,WRKY29,72hpi-OBC,96,3,Time0,1.378522145
20250923,72,WT,FRK1,72hpi-WT,102,3,Time0,1.277465272
20250923,72,WT,WRKY29,72hpi-WT,102,3,Time0,0.353415815
20250923,72,rmlC,FRK1,72hpi-rmlC,98,3,Time0,0.650460167
20250923,72,rmlC,WRKY29,72hpi-rmlC,98,3,Time0,0.174275601
20250923,72,tagG,FRK1,72hpi-tagG,114,3,Time0,2.816947468
20250923,72,tagG,WRKY29,72hpi-tagG,114,3,Time0,3.08261997
20250923,72,wfgD,FRK1,72hpi-wfgD,130,3,Time0,0.209309972
20250923,72,wfgD,WRKY29,72hpi-wfgD,130,3,Time0,1.25653059
20250923,0,Mock,NHL10,0hpi-Mock,113,3,Time0,1
20250923,0,Mock,PAD3,0hpi-Mock,113,3,Time0,1
20250923,0,OBC,NHL10,0hpi-OBC,119,3,Time0,1
20250923,0,OBC,PAD3,0hpi-OBC,119,3,Time0,1
20250923,0,WT,NHL10,0hpi-WT,94,3,Time0,1
20250923,0,WT,PAD3,0hpi-WT,94,3,Time0,1
20250923,0,rmlC,NHL10,0hpi-rmlC,109,3,Time0,1
20250923,0,rmlC,PAD3,0hpi-rmlC,109,3,Time0,1
20250923,0,tagG,NHL10,0hpi-tagG,97,3,Time0,1
20250923,0,tagG,PAD3,0hpi-tagG,97,3,Time0,1
20250923,0,wfgD,NHL10,0hpi-wfgD,128,3,Time0,1
20250923,0,wfgD,PAD3,0hpi-wfgD,128,3,Time0,1
20250923,2,Mock,NHL10,2hpi-Mock,120,3,Time0,0.457633629
20250923,2,Mock,PAD3,2hpi-Mock,120,3,Time0,1.005258013
20250923,2,OBC,NHL10,2hpi-OBC,95,3,Time0,1.169163192
20250923,2,OBC,PAD3,2hpi-OBC,95,3,Time0,4.684591698
20250923,2,WT,NHL10,2hpi-WT,101,3,Time0,3.757361249
20250923,2,WT,PAD3,2hpi-WT,101,3,Time0,7.6742823
20250923,2,rmlC,NHL10,2hpi-rmlC,122,3,Time0,2.014921259
20250923,2,rmlC,PAD3,2hpi-rmlC,122,3,Time0,12.00573187
20250923,2,tagG,NHL10,2hpi-tagG,118,3,Time0,0.442868331
20250923,2,tagG,PAD3,2hpi-tagG,118,3,Time0,0.056187108
20250923,2,wfgD,NHL10,2hpi-wfgD,110,3,Time0,0.681014448
20250923,2,wfgD,PAD3,2hpi-wfgD,110,3,Time0,3.879308964
20250923,6,Mock,NHL10,6hpi-Mock,100,3,Time0,3.67621494
20250923,6,Mock,PAD3,6hpi-Mock,100,3,Time0,15.30545009
20250923,6,OBC,NHL10,6hpi-OBC,124,3,Time0,2.070087334
20250923,6,OBC,PAD3,6hpi-OBC,124,3,Time0,28.3504574
20250923,6,WT,NHL10,6hpi-WT,116,3,Time0,0.793274372
20250923,6,WT,PAD3,6hpi-WT,116,3,Time0,2.461597364
20250923,6,rmlC,NHL10,6hpi-rmlC,115,3,Time0,0.761106494
20250923,6,rmlC,PAD3,6hpi-rmlC,115,3,Time0,16.59810136
20250923,6,tagG,NHL10,6hpi-tagG,107,3,Time0,0.356478603
20250923,6,tagG,PAD3,6hpi-tagG,107,3,Time0,2.035370779
20250923,6,wfgD,NHL10,6hpi-wfgD,91,3,Time0,0.844865812
20250923,6,wfgD,PAD3,6hpi-wfgD,91,3,Time0,15.29848979
20250923,10,Mock,NHL10,10hpi-Mock,106,3,Time0,0.422663794
20250923,10,Mock,PAD3,10hpi-Mock,106,3,Time0,164.9771475
20250923,10,OBC,NHL10,10hpi-OBC,90,3,Time0,1.069068502
20250923,10,OBC,PAD3,10hpi-OBC,90,3,Time0,29.62191817
20250923,10,WT,NHL10,10hpi-WT,117,3,Time0,0.616754505
20250923,10,WT,PAD3,10hpi-WT,117,3,Time0,24.76542964
20250923,10,rmlC,NHL10,10hpi-rmlC,125,3,Time0,0.673368422
20250923,10,rmlC,PAD3,10hpi-rmlC,125,3,Time0,12.93697425
20250923,10,tagG,NHL10,10hpi-tagG,131,3,Time0,0.547473291
20250923,10,tagG,PAD3,10hpi-tagG,131,3,Time0,0.483417163
20250923,10,wfgD,NHL10,10hpi-wfgD,105,3,Time0,1.753073334
20250923,10,wfgD,PAD3,10hpi-wfgD,105,3,Time0,14.34897822
20250923,24,Mock,NHL10,24hpi-Mock,108,3,Time0,0.345379406
20250923,24,Mock,PAD3,24hpi-Mock,108,3,Time0,5.677201609
20250923,24,OBC,NHL10,24hpi-OBC,132,3,Time0,0.203088835
20250923,24,OBC,PAD3,24hpi-OBC,132,3,Time0,3.53743029
20250923,24,WT,NHL10,24hpi-WT,121,3,Time0,1.13205658
20250923,24,WT,PAD3,24hpi-WT,121,3,Time0,5.784793566
20250923,24,rmlC,NHL10,24hpi-rmlC,93,3,Time0,0.590217151
20250923,24,rmlC,PAD3,24hpi-rmlC,93,3,Time0,1.535161791
20250923,24,tagG,NHL10,24hpi-tagG,99,3,Time0,0.072929467
20250923,24,tagG,PAD3,24hpi-tagG,99,3,Time0,0.108023196
20250923,24,wfgD,NHL10,24hpi-wfgD,123,3,Time0,0.386786644
20250923,24,wfgD,PAD3,24hpi-wfgD,123,3,Time0,1.468509659
20250923,48,Mock,NHL10,48hpi-Mock,112,3,Time0,1.527141452
20250923,48,Mock,PAD3,48hpi-Mock,112,3,Time0,33.24180607
20250923,48,OBC,NHL10,48hpi-OBC,104,3,Time0,1.463667837
20250923,48,OBC,PAD3,48hpi-OBC,104,3,Time0,21.81542954
20250923,48,WT,NHL10,48hpi-WT,103,3,Time0,33.97804217
20250923,48,WT,PAD3,48hpi-WT,103,3,Time0,26.18980554
20250923,48,rmlC,NHL10,48hpi-rmlC,126,3,Time0,1.993783457
20250923,48,rmlC,PAD3,48hpi-rmlC,126,3,Time0,14.20406749
20250923,48,tagG,NHL10,48hpi-tagG,92,3,Time0,0.360877297
20250923,48,tagG,PAD3,48hpi-tagG,92,3,Time0,0.111733571
20250923,48,wfgD,NHL10,48hpi-wfgD,127,3,Time0,0.694985944
20250923,48,wfgD,PAD3,48hpi-wfgD,127,3,Time0,3.208872503
20250923,72,Mock,NHL10,72hpi-Mock,129,3,Time0,0.261338445
20250923,72,Mock,PAD3,72hpi-Mock,129,3,Time0,13.55032168
20250923,72,OBC,NHL10,72hpi-OBC,96,3,Time0,2.427788366
20250923,72,OBC,PAD3,72hpi-OBC,96,3,Time0,9.680381782
20250923,72,WT,NHL10,72hpi-WT,102,3,Time0,0.908524389
20250923,72,WT,PAD3,72hpi-WT,102,3,Time0,2.003378524
20250923,72,rmlC,NHL10,72hpi-rmlC,98,3,Time0,0.900034461
20250923,72,rmlC,PAD3,72hpi-rmlC,98,3,Time0,2.785309372
20250923,72,tagG,NHL10,72hpi-tagG,114,3,Time0,0.078310658
20250923,72,tagG,PAD3,72hpi-tagG,114,3,Time0,0.207925999
20250923,72,wfgD,NHL10,72hpi-wfgD,130,3,Time0,3.965753871
20250923,72,wfgD,PAD3,72hpi-wfgD,130,3,Time0,11.74036895
20250925,0,Mock,PDF1.2,0hpi-Mock,113,3,Mock,1
20250925,0,OBC,PDF1.2,0hpi-OBC,119,3,Mock,2.993025277
20250925,0,WT,PDF1.2,0hpi-WT,94,3,Mock,2.980656604
20250925,0,WT,PR1,0hpi-WT,94,3,Mock,NA
20250925,0,rmlC,PDF1.2,0hpi-rmlC,109,3,Mock,14.06671787
20250925,0,rmlC,PR1,0hpi-rmlC,109,3,Mock,NA
20250925,0,tagG,PDF1.2,0hpi-tagG,97,3,Mock,317.4870329
20250925,0,tagG,PR1,0hpi-tagG,97,3,Mock,NA
20250925,0,wfgD,PDF1.2,0hpi-wfgD,128,3,Mock,5.236860087
20250925,0,wfgD,PR1,0hpi-wfgD,128,3,Mock,NA
20250925,2,Mock,PDF1.2,2hpi-Mock,120,3,Mock,1
20250925,2,Mock,PR1,2hpi-Mock,120,3,Mock,1
20250925,2,OBC,PDF1.2,2hpi-OBC,95,3,Mock,9.836841154
20250925,2,OBC,PR1,2hpi-OBC,95,3,Mock,0.505033124
20250925,2,WT,PDF1.2,2hpi-WT,101,3,Mock,3.347171293
20250925,2,WT,PR1,2hpi-WT,101,3,Mock,4.084480732
20250925,2,rmlC,PDF1.2,2hpi-rmlC,122,3,Mock,2.405384712
20250925,2,rmlC,PR1,2hpi-rmlC,122,3,Mock,7.008013573
20250925,2,tagG,PDF1.2,2hpi-tagG,118,3,Mock,1.298996981
20250925,2,tagG,PR1,2hpi-tagG,118,3,Mock,0.512787507
20250925,2,wfgD,PDF1.2,2hpi-wfgD,110,3,Mock,11.14092847
20250925,2,wfgD,PR1,2hpi-wfgD,110,3,Mock,3.940184308
20250925,6,Mock,PDF1.2,6hpi-Mock,100,3,Mock,1
20250925,6,Mock,PR1,6hpi-Mock,100,3,Mock,1
20250925,6,OBC,PDF1.2,6hpi-OBC,124,3,Mock,1.772717165
20250925,6,OBC,PR1,6hpi-OBC,124,3,Mock,0.214121273
20250925,6,WT,PDF1.2,6hpi-WT,116,3,Mock,1.332184845
20250925,6,WT,PR1,6hpi-WT,116,3,Mock,0.526428499
20250925,6,rmlC,PDF1.2,6hpi-rmlC,115,3,Mock,6.603101478
20250925,6,rmlC,PR1,6hpi-rmlC,115,3,Mock,9.132392532
20250925,6,tagG,PDF1.2,6hpi-tagG,107,3,Mock,7.739877226
20250925,6,tagG,PR1,6hpi-tagG,107,3,Mock,159.2998692
20250925,6,wfgD,PDF1.2,6hpi-wfgD,91,3,Mock,2.101703786
20250925,6,wfgD,PR1,6hpi-wfgD,91,3,Mock,12.18553016
20250925,10,Mock,PDF1.2,10hpi-Mock,106,3,Mock,1
20250925,10,Mock,PR1,10hpi-Mock,106,3,Mock,1
20250925,10,OBC,PDF1.2,10hpi-OBC,90,3,Mock,0.397602557
20250925,10,OBC,PR1,10hpi-OBC,90,3,Mock,1.658210066
20250925,10,WT,PDF1.2,10hpi-WT,117,3,Mock,0.523559476
20250925,10,rmlC,PDF1.2,10hpi-rmlC,125,3,Mock,0.308418078
20250925,10,tagG,PDF1.2,10hpi-tagG,131,3,Mock,0.837977447
20250925,10,tagG,PR1,10hpi-tagG,131,3,Mock,2.714878703
20250925,10,wfgD,PDF1.2,10hpi-wfgD,105,3,Mock,2.137530636
20250925,10,wfgD,PR1,10hpi-wfgD,105,3,Mock,0.146822237
20250925,24,Mock,PDF1.2,24hpi-Mock,108,3,Mock,1
20250925,24,Mock,PR1,24hpi-Mock,108,3,Mock,1
20250925,24,OBC,PDF1.2,24hpi-OBC,132,3,Mock,0.952171366
20250925,24,OBC,PR1,24hpi-OBC,132,3,Mock,13.84718031
20250925,24,WT,PDF1.2,24hpi-WT,121,3,Mock,1.806068357
20250925,24,WT,PR1,24hpi-WT,121,3,Mock,2.181259876
20250925,24,rmlC,PDF1.2,24hpi-rmlC,93,3,Mock,1.108451839
20250925,24,rmlC,PR1,24hpi-rmlC,93,3,Mock,0.716285761
20250925,24,tagG,PDF1.2,24hpi-tagG,99,3,Mock,0.482205443
20250925,24,tagG,PR1,24hpi-tagG,99,3,Mock,3.493628866
20250925,24,wfgD,PDF1.2,24hpi-wfgD,123,3,Mock,3.272363827
20250925,48,Mock,PDF1.2,48hpi-Mock,112,3,Mock,1
20250925,48,Mock,PR1,48hpi-Mock,112,3,Mock,1
20250925,48,OBC,PDF1.2,48hpi-OBC,104,3,Mock,1.221354963
20250925,48,OBC,PR1,48hpi-OBC,104,3,Mock,1.25705698
20250925,48,WT,PDF1.2,48hpi-WT,103,3,Mock,11.52284651
20250925,48,WT,PR1,48hpi-WT,103,3,Mock,2.910662004
20250925,48,rmlC,PDF1.2,48hpi-rmlC,126,3,Mock,5.982128897
20250925,48,rmlC,PR1,48hpi-rmlC,126,3,Mock,0.026405982
20250925,48,tagG,PDF1.2,48hpi-tagG,92,3,Mock,2.612235583
20250925,48,tagG,PR1,48hpi-tagG,92,3,Mock,0.128816494
20250925,48,wfgD,PDF1.2,48hpi-wfgD,127,3,Mock,1.109728304
20250925,48,wfgD,PR1,48hpi-wfgD,127,3,Mock,0.132368079
20250925,72,Mock,PDF1.2,72hpi-Mock,129,3,Mock,1
20250925,72,Mock,PR1,72hpi-Mock,129,3,Mock,1
20250925,72,OBC,PDF1.2,72hpi-OBC,96,3,Mock,1.341770122
20250925,72,OBC,PR1,72hpi-OBC,96,3,Mock,4.185688488
20250925,72,WT,PDF1.2,72hpi-WT,102,3,Mock,20.37738398
20250925,72,WT,PR1,72hpi-WT,102,3,Mock,0.708274083
20250925,72,rmlC,PDF1.2,72hpi-rmlC,98,3,Mock,41.76888313
20250925,72,rmlC,PR1,72hpi-rmlC,98,3,Mock,0.433592458
20250925,72,tagG,PDF1.2,72hpi-tagG,114,3,Mock,2.32922267
20250925,72,tagG,PR1,72hpi-tagG,114,3,Mock,1.5420703
20250925,72,wfgD,PDF1.2,72hpi-wfgD,130,3,Mock,32.01945089
20250925,72,wfgD,PR1,72hpi-wfgD,130,3,Mock,1.201441891
20250925,0,Mock,PDF1.2,0hpi-Mock,113,3,Time0,1
20250925,0,OBC,PDF1.2,0hpi-OBC,119,3,Time0,1
20250925,0,WT,PDF1.2,0hpi-WT,94,3,Time0,1
20250925,0,WT,PR1,0hpi-WT,94,3,Time0,1
20250925,0,rmlC,PDF1.2,0hpi-rmlC,109,3,Time0,1
20250925,0,rmlC,PR1,0hpi-rmlC,109,3,Time0,1
20250925,0,tagG,PDF1.2,0hpi-tagG,97,3,Time0,1
20250925,0,tagG,PR1,0hpi-tagG,97,3,Time0,1
20250925,0,wfgD,PDF1.2,0hpi-wfgD,128,3,Time0,1
20250925,0,wfgD,PR1,0hpi-wfgD,128,3,Time0,1
20250925,2,Mock,PDF1.2,2hpi-Mock,120,3,Time0,0.577762232
20250925,2,Mock,PR1,2hpi-Mock,120,3,Time0,NA
20250925,2,OBC,PDF1.2,2hpi-OBC,95,3,Time0,1.898866457
20250925,2,OBC,PR1,2hpi-OBC,95,3,Time0,NA
20250925,2,WT,PDF1.2,2hpi-WT,101,3,Time0,0.648806426
20250925,2,WT,PR1,2hpi-WT,101,3,Time0,1.67467493
20250925,2,rmlC,PDF1.2,2hpi-rmlC,122,3,Time0,0.098796354
20250925,2,rmlC,PR1,2hpi-rmlC,122,3,Time0,0.819634058
20250925,2,tagG,PDF1.2,2hpi-tagG,118,3,Time0,0.002363912
20250925,2,tagG,PR1,2hpi-tagG,118,3,Time0,0.211823349
20250925,2,wfgD,PDF1.2,2hpi-wfgD,110,3,Time0,1.229134939
20250925,2,wfgD,PR1,2hpi-wfgD,110,3,Time0,0.364090234
20250925,6,Mock,PDF1.2,6hpi-Mock,100,3,Time0,4.349250508
20250925,6,Mock,PR1,6hpi-Mock,100,3,Time0,NA
20250925,6,OBC,PDF1.2,6hpi-OBC,124,3,Time0,2.57598594
20250925,6,OBC,PR1,6hpi-OBC,124,3,Time0,NA
20250925,6,WT,PDF1.2,6hpi-WT,116,3,Time0,1.94386888
20250925,6,WT,PR1,6hpi-WT,116,3,Time0,0.011661672
20250925,6,rmlC,PDF1.2,6hpi-rmlC,115,3,Time0,2.041595113
20250925,6,rmlC,PR1,6hpi-rmlC,115,3,Time0,0.057708181
20250925,6,tagG,PDF1.2,6hpi-tagG,107,3,Time0,0.106028472
20250925,6,tagG,PR1,6hpi-tagG,107,3,Time0,3.555327126
20250925,6,wfgD,PDF1.2,6hpi-wfgD,91,3,Time0,1.745480327
20250925,6,wfgD,PR1,6hpi-wfgD,91,3,Time0,0.060836564
20250925,10,Mock,PDF1.2,10hpi-Mock,106,3,Time0,17.69580843
20250925,10,Mock,PR1,10hpi-Mock,106,3,Time0,NA
20250925,10,OBC,PDF1.2,10hpi-OBC,90,3,Time0,2.350764873
20250925,10,OBC,PR1,10hpi-OBC,90,3,Time0,NA
20250925,10,WT,PDF1.2,10hpi-WT,117,3,Time0,3.108311159
20250925,10,rmlC,PDF1.2,10hpi-rmlC,125,3,Time0,0.387987252
20250925,10,tagG,PDF1.2,10hpi-tagG,131,3,Time0,0.046706438
20250925,10,tagG,PR1,10hpi-tagG,131,3,Time0,0.728069557
20250925,10,wfgD,PDF1.2,10hpi-wfgD,105,3,Time0,7.222903041
20250925,10,wfgD,PR1,10hpi-wfgD,105,3,Time0,0.008807859
20250925,24,Mock,PDF1.2,24hpi-Mock,108,3,Time0,7.145078033
20250925,24,Mock,PR1,24hpi-Mock,108,3,Time0,NA
20250925,24,OBC,PDF1.2,24hpi-OBC,132,3,Time0,2.273064234
20250925,24,OBC,PR1,24hpi-OBC,132,3,Time0,NA
20250925,24,WT,PDF1.2,24hpi-WT,121,3,Time0,4.329414978
20250925,24,WT,PR1,24hpi-WT,121,3,Time0,0.226575278
20250925,24,rmlC,PDF1.2,24hpi-rmlC,93,3,Time0,0.563029341
20250925,24,rmlC,PR1,24hpi-rmlC,93,3,Time0,0.021223784
20250925,24,tagG,PDF1.2,24hpi-tagG,99,3,Time0,0.010852083
20250925,24,tagG,PR1,24hpi-tagG,99,3,Time0,0.365615505
20250925,24,wfgD,PDF1.2,24hpi-wfgD,123,3,Time0,4.464754548
20250925,48,Mock,PDF1.2,48hpi-Mock,112,3,Time0,17.31239846
20250925,48,Mock,PR1,48hpi-Mock,112,3,Time0,NA
20250925,48,OBC,PDF1.2,48hpi-OBC,104,3,Time0,7.064619176
20250925,48,OBC,PR1,48hpi-OBC,104,3,Time0,NA
20250925,48,WT,PDF1.2,48hpi-WT,103,3,Time0,66.92757221
20250925,48,WT,PR1,48hpi-WT,103,3,Time0,3.017705149
20250925,48,rmlC,PDF1.2,48hpi-rmlC,126,3,Time0,7.362413894
20250925,48,rmlC,PR1,48hpi-rmlC,126,3,Time0,0.007809419
20250925,48,tagG,PDF1.2,48hpi-tagG,92,3,Time0,0.142443812
20250925,48,tagG,PR1,48hpi-tagG,92,3,Time0,0.13455481
20250925,48,wfgD,PDF1.2,48hpi-wfgD,127,3,Time0,3.668621704
20250925,48,wfgD,PR1,48hpi-wfgD,127,3,Time0,0.030929088
20250925,72,Mock,PDF1.2,72hpi-Mock,129,3,Time0,12.98247818
20250925,72,Mock,PR1,72hpi-Mock,129,3,Time0,NA
20250925,72,OBC,PDF1.2,72hpi-OBC,96,3,Time0,5.820031478
20250925,72,OBC,PR1,72hpi-OBC,96,3,Time0,NA
20250925,72,WT,PDF1.2,72hpi-WT,102,3,Time0,88.755257
20250925,72,WT,PR1,72hpi-WT,102,3,Time0,0.245780722
20250925,72,rmlC,PDF1.2,72hpi-rmlC,98,3,Time0,38.54940569
20250925,72,rmlC,PR1,72hpi-rmlC,98,3,Time0,0.042919987
20250925,72,tagG,PDF1.2,72hpi-tagG,114,3,Time0,0.095245095
20250925,72,tagG,PR1,72hpi-tagG,114,3,Time0,0.539129834
20250925,72,wfgD,PDF1.2,72hpi-wfgD,130,3,Time0,79.3780654
20250925,72,wfgD,PR1,72hpi-wfgD,130,3,Time0,0.093961093
20250925,0,Mock,NHL10,0hpi-Mock,61,2,Mock,1
20250925,0,Mock,PAD3,0hpi-Mock,61,2,Mock,1
20250925,0,OBC,NHL10,0hpi-OBC,64,2,Mock,0.587103061
20250925,0,OBC,PAD3,0hpi-OBC,64,2,Mock,0.252434099
20250925,0,WT,NHL10,0hpi-WT,49,2,Mock,1.427094253
20250925,0,WT,PAD3,0hpi-WT,49,2,Mock,0.404245147
20250925,0,rmlC,NHL10,0hpi-rmlC,80,2,Mock,0.764405081
20250925,0,rmlC,PAD3,0hpi-rmlC,80,2,Mock,0.718800427
20250925,0,tagG,NHL10,0hpi-tagG,51,2,Mock,0.40329898
20250925,0,tagG,PAD3,0hpi-tagG,51,2,Mock,6.760828597
20250925,0,wfgD,NHL10,0hpi-wfgD,60,2,Mock,3.240062503
20250925,0,wfgD,PAD3,0hpi-wfgD,60,2,Mock,0.364190799
20250925,2,Mock,NHL10,2hpi-Mock,57,2,Mock,1
20250925,2,Mock,PAD3,2hpi-Mock,57,2,Mock,1
20250925,2,OBC,NHL10,2hpi-OBC,69,2,Mock,0.642393154
20250925,2,OBC,PAD3,2hpi-OBC,69,2,Mock,2.782238994
20250925,2,WT,NHL10,2hpi-WT,75,2,Mock,1.178165067
20250925,2,WT,PAD3,2hpi-WT,75,2,Mock,0.337134454
20250925,2,rmlC,NHL10,2hpi-rmlC,82,2,Mock,5.713966964
20250925,2,rmlC,PAD3,2hpi-rmlC,82,2,Mock,5.022733585
20250925,2,tagG,NHL10,2hpi-tagG,87,2,Mock,3.14010095
20250925,2,tagG,PAD3,2hpi-tagG,87,2,Mock,2.274013556
20250925,2,wfgD,NHL10,2hpi-wfgD,56,2,Mock,0.513396687
20250925,2,wfgD,PAD3,2hpi-wfgD,56,2,Mock,0.129292349
20250925,6,Mock,NHL10,6hpi-Mock,63,2,Mock,1
20250925,6,Mock,PAD3,6hpi-Mock,63,2,Mock,1
20250925,6,OBC,NHL10,6hpi-OBC,66,2,Mock,2.790844713
20250925,6,OBC,PAD3,6hpi-OBC,66,2,Mock,1.116643996
20250925,6,WT,NHL10,6hpi-WT,83,2,Mock,5.487516451
20250925,6,WT,PAD3,6hpi-WT,83,2,Mock,1.214889587
20250925,6,rmlC,NHL10,6hpi-rmlC,86,2,Mock,2.184909287
20250925,6,rmlC,PAD3,6hpi-rmlC,86,2,Mock,1.023862739
20250925,6,wfgD,NHL10,6hpi-wfgD,58,2,Mock,21.33784663
20250925,6,wfgD,PAD3,6hpi-wfgD,58,2,Mock,9.647670401
20250925,10,Mock,NHL10,10hpi-Mock,59,2,Mock,1
20250925,10,Mock,PAD3,10hpi-Mock,59,2,Mock,1
20250925,10,OBC,NHL10,10hpi-OBC,47,2,Mock,1.435286031
20250925,10,OBC,PAD3,10hpi-OBC,47,2,Mock,0.530293484
20250925,10,WT,NHL10,10hpi-WT,46,2,Mock,0.106784747
20250925,10,WT,PAD3,10hpi-WT,46,2,Mock,0.336634515
20250925,10,rmlC,NHL10,10hpi-rmlC,81,2,Mock,0.798744518
20250925,10,rmlC,PAD3,10hpi-rmlC,81,2,Mock,1.000961625
20250925,10,tagG,NHL10,10hpi-tagG,70,2,Mock,0.252891266
20250925,10,tagG,PAD3,10hpi-tagG,70,2,Mock,1.271845626
20250925,10,wfgD,NHL10,10hpi-wfgD,68,2,Mock,0.294407784
20250925,10,wfgD,PAD3,10hpi-wfgD,68,2,Mock,0.807587057
20250925,24,Mock,NHL10,24hpi-Mock,85,2,Mock,1
20250925,24,Mock,PAD3,24hpi-Mock,85,2,Mock,1
20250925,24,OBC,NHL10,24hpi-OBC,52,2,Mock,1.189838638
20250925,24,OBC,PAD3,24hpi-OBC,52,2,Mock,0.492364028
20250925,24,WT,NHL10,24hpi-WT,71,2,Mock,1.658046251
20250925,24,WT,PAD3,24hpi-WT,71,2,Mock,2.934078129
20250925,24,rmlC,NHL10,24hpi-rmlC,53,2,Mock,0.597581765
20250925,24,rmlC,PAD3,24hpi-rmlC,53,2,Mock,0.342727654
20250925,24,tagG,NHL10,24hpi-tagG,77,2,Mock,4.411712065
20250925,24,tagG,PAD3,24hpi-tagG,77,2,Mock,3.588514887
20250925,24,wfgD,NHL10,24hpi-wfgD,76,2,Mock,0.315436157
20250925,24,wfgD,PAD3,24hpi-wfgD,76,2,Mock,0.323076874
20250925,48,Mock,NHL10,48hpi-Mock,73,2,Mock,1
20250925,48,Mock,PAD3,48hpi-Mock,73,2,Mock,1
20250925,48,OBC,NHL10,48hpi-OBC,84,2,Mock,0.391784133
20250925,48,OBC,PAD3,48hpi-OBC,84,2,Mock,1.124214799
20250925,48,WT,NHL10,48hpi-WT,78,2,Mock,0.519580125
20250925,48,WT,PAD3,48hpi-WT,78,2,Mock,0.456822155
20250925,48,rmlC,NHL10,48hpi-rmlC,55,2,Mock,0.807974976
20250925,48,rmlC,PAD3,48hpi-rmlC,55,2,Mock,0.299973689
20250925,48,tagG,NHL10,48hpi-tagG,72,2,Mock,0.243526662
20250925,48,tagG,PAD3,48hpi-tagG,72,2,Mock,0.722051787
20250925,48,wfgD,NHL10,48hpi-wfgD,54,2,Mock,0.326117385
20250925,48,wfgD,PAD3,48hpi-wfgD,54,2,Mock,0.092648433
20250925,6,tagG,NHL10,6hpi-tagG,48,2,Mock,NA
20250925,6,tagG,PAD3,6hpi-tagG,48,2,Mock,NA
20250925,72,Mock,NHL10,72hpi-Mock,88,2,Mock,1
20250925,72,Mock,PAD3,72hpi-Mock,88,2,Mock,1
20250925,72,OBC,NHL10,72hpi-OBC,79,2,Mock,0.397855322
20250925,72,OBC,PAD3,72hpi-OBC,79,2,Mock,0.242709465
20250925,72,WT,NHL10,72hpi-WT,50,2,Mock,0.428753495
20250925,72,WT,PAD3,72hpi-WT,50,2,Mock,0.263068431
20250925,72,rmlC,NHL10,72hpi-rmlC,62,2,Mock,1.610085792
20250925,72,rmlC,PAD3,72hpi-rmlC,62,2,Mock,1.280774358
20250925,72,tagG,NHL10,72hpi-tagG,74,2,Mock,0.306726341
20250925,72,tagG,PAD3,72hpi-tagG,74,2,Mock,0.315778125
20250925,72,wfgD,NHL10,72hpi-wfgD,65,2,Mock,0.149633199
20250925,72,wfgD,PAD3,72hpi-wfgD,65,2,Mock,0.293414342
20250925,0,Mock,NHL10,0hpi-Mock,61,2,Time0,1
20250925,0,Mock,PAD3,0hpi-Mock,61,2,Time0,1
20250925,0,OBC,NHL10,0hpi-OBC,64,2,Time0,1
20250925,0,OBC,PAD3,0hpi-OBC,64,2,Time0,1
20250925,0,WT,NHL10,0hpi-WT,49,2,Time0,1
20250925,0,WT,PAD3,0hpi-WT,49,2,Time0,1
20250925,0,rmlC,NHL10,0hpi-rmlC,80,2,Time0,1
20250925,0,rmlC,PAD3,0hpi-rmlC,80,2,Time0,1
20250925,0,tagG,NHL10,0hpi-tagG,51,2,Time0,1
20250925,0,tagG,PAD3,0hpi-tagG,51,2,Time0,1
20250925,0,wfgD,NHL10,0hpi-wfgD,60,2,Time0,1
20250925,0,wfgD,PAD3,0hpi-wfgD,60,2,Time0,1
20250925,2,Mock,NHL10,2hpi-Mock,57,2,Time0,0.843451626
20250925,2,Mock,PAD3,2hpi-Mock,57,2,Time0,0.931739436
20250925,2,OBC,NHL10,2hpi-OBC,69,2,Time0,0.922883198
20250925,2,OBC,PAD3,2hpi-OBC,69,2,Time0,10.26930116
20250925,2,WT,NHL10,2hpi-WT,75,2,Time0,0.696327688
20250925,2,WT,PAD3,2hpi-WT,75,2,Time0,0.777056864
20250925,2,rmlC,NHL10,2hpi-rmlC,82,2,Time0,6.30484392
20250925,2,rmlC,PAD3,2hpi-rmlC,82,2,Time0,6.510679153
20250925,2,tagG,NHL10,2hpi-tagG,87,2,Time0,6.56714592
20250925,2,tagG,PAD3,2hpi-tagG,87,2,Time0,0.31339178
20250925,2,wfgD,NHL10,2hpi-wfgD,56,2,Time0,0.133647196
20250925,2,wfgD,PAD3,2hpi-wfgD,56,2,Time0,0.330779308
20250925,6,Mock,NHL10,6hpi-Mock,63,2,Time0,0.242402767
20250925,6,Mock,PAD3,6hpi-Mock,63,2,Time0,2.036925189
20250925,6,OBC,NHL10,6hpi-OBC,66,2,Time0,1.152282328
20250925,6,OBC,PAD3,6hpi-OBC,66,2,Time0,9.010352752
20250925,6,WT,NHL10,6hpi-WT,83,2,Time0,0.93209623
20250925,6,WT,PAD3,6hpi-WT,83,2,Time0,6.121629958
20250925,6,rmlC,NHL10,6hpi-rmlC,86,2,Time0,0.692863079
20250925,6,rmlC,PAD3,6hpi-rmlC,86,2,Time0,2.901405902
20250925,6,wfgD,NHL10,6hpi-wfgD,58,2,Time0,1.596374474
20250925,6,wfgD,PAD3,6hpi-wfgD,58,2,Time0,53.95958088
20250925,10,Mock,NHL10,10hpi-Mock,59,2,Time0,1.40193953
20250925,10,Mock,PAD3,10hpi-Mock,59,2,Time0,4.792775489
20250925,10,OBC,NHL10,10hpi-OBC,47,2,Time0,3.427310055
20250925,10,OBC,PAD3,10hpi-OBC,47,2,Time0,10.06828165
20250925,10,WT,NHL10,10hpi-WT,46,2,Time0,0.104902502
20250925,10,WT,PAD3,10hpi-WT,46,2,Time0,3.99117631
20250925,10,rmlC,NHL10,10hpi-rmlC,81,2,Time0,1.464918985
20250925,10,rmlC,PAD3,10hpi-rmlC,81,2,Time0,6.674153437
20250925,10,tagG,NHL10,10hpi-tagG,70,2,Time0,0.879095361
20250925,10,tagG,PAD3,10hpi-tagG,70,2,Time0,0.901615898
20250925,10,wfgD,NHL10,10hpi-wfgD,68,2,Time0,0.127387021
20250925,10,wfgD,PAD3,10hpi-wfgD,68,2,Time0,10.62790018
20250925,24,Mock,NHL10,24hpi-Mock,85,2,Time0,1.12401085
20250925,24,Mock,PAD3,24hpi-Mock,85,2,Time0,1.20746213
20250925,24,OBC,NHL10,24hpi-OBC,52,2,Time0,2.277950206
20250925,24,OBC,PAD3,24hpi-OBC,52,2,Time0,2.355113351
20250925,24,WT,NHL10,24hpi-WT,71,2,Time0,1.305913728
20250925,24,WT,PAD3,24hpi-WT,71,2,Time0,8.76395983
20250925,24,rmlC,NHL10,24hpi-rmlC,53,2,Time0,0.878707382
20250925,24,rmlC,PAD3,24hpi-rmlC,53,2,Time0,0.575724007
20250925,24,tagG,NHL10,24hpi-tagG,77,2,Time0,12.29562303
20250925,24,tagG,PAD3,24hpi-tagG,77,2,Time0,0.640897157
20250925,24,wfgD,NHL10,24hpi-wfgD,76,2,Time0,0.109428032
20250925,24,wfgD,PAD3,24hpi-wfgD,76,2,Time0,1.071150319
20250925,48,Mock,NHL10,48hpi-Mock,73,2,Time0,5.82857783
20250925,48,Mock,PAD3,48hpi-Mock,73,2,Time0,4.191585874
20250925,48,OBC,NHL10,48hpi-OBC,84,2,Time0,3.889511846
20250925,48,OBC,PAD3,48hpi-OBC,84,2,Time0,18.66722001
20250925,48,WT,NHL10,48hpi-WT,78,2,Time0,2.122083521
20250925,48,WT,PAD3,48hpi-WT,78,2,Time0,4.736752702
20250925,48,rmlC,NHL10,48hpi-rmlC,55,2,Time0,6.160797658
20250925,48,rmlC,PAD3,48hpi-rmlC,55,2,Time0,1.74925533
20250925,48,tagG,NHL10,48hpi-tagG,72,2,Time0,3.519508283
20250925,48,tagG,PAD3,48hpi-tagG,72,2,Time0,0.447658453
20250925,48,wfgD,NHL10,48hpi-wfgD,54,2,Time0,0.586655523
20250925,48,wfgD,PAD3,48hpi-wfgD,54,2,Time0,1.066319809
20250925,6,tagG,NHL10,6hpi-tagG,48,2,Time0,1.768955176
20250925,6,tagG,PAD3,6hpi-tagG,48,2,Time0,0.179197061
20250925,72,Mock,NHL10,72hpi-Mock,88,2,Time0,1.712093647
20250925,72,Mock,PAD3,72hpi-Mock,88,2,Time0,1.738200725
20250925,72,OBC,NHL10,72hpi-OBC,79,2,Time0,1.160214644
20250925,72,OBC,PAD3,72hpi-OBC,79,2,Time0,1.671239224
20250925,72,WT,NHL10,72hpi-WT,50,2,Time0,0.514378174
20250925,72,WT,PAD3,72hpi-WT,50,2,Time0,1.131159499
20250925,72,rmlC,NHL10,72hpi-rmlC,62,2,Time0,3.606226235
20250925,72,rmlC,PAD3,72hpi-rmlC,62,2,Time0,3.097164154
20250925,72,tagG,NHL10,72hpi-tagG,74,2,Time0,1.30212137
20250925,72,tagG,PAD3,72hpi-tagG,74,2,Time0,0.081186168
20250925,72,wfgD,NHL10,72hpi-wfgD,65,2,Time0,0.079068243
20250925,72,wfgD,PAD3,72hpi-wfgD,65,2,Time0,1.400400624