Time [s],A1,A2,A3,A4,A5,A6,A7,A8,A9,A10,A11,A12,B1,B2,B3,B4,B5,B6,B7,B8,B9,B10,B11,B12,C1,C2,C3,C4,C5,C6,C7,C8,C9,C10,C11,C12,D1,D2,D3,D4,D5,D6,D7,D8,D9,D10,D11,D12,E1,E2,E3,E4,E5,E6,E7,E8,E9,E10,E11,E12,F1,F2,F3,F4,F5,F6,F7,F8,F9,F10,F11,F12,G1,G2,G3,G4,G5,G6,G7,G8,G9,G10,G11,G12,H1,H2,H3,H4,H5,H6,H7,H8,H9,H10,H11,H12
0,0.0545,0.0566,0.0568,0.0602,0.0561,0.0566,0.0563,0.0582,0.0607,0.0579,0.0605,0.0574,0.059,0.0542,0.0575,0.0607,0.0579,0.0561,0.0633,0.0508,0.0565,0.0593,0.061,0.0459,0.0557,0.0593,0.0621,0.0575,0.0736,0.0579,0.0584,0.0692,0.0634,0.0573,0.058,0.0553,0.0536,0.0553,0.0601,0.0608,0.0528,0.0528,0.065,0.0566,0.0642,0.0605,0.0609,0.0499,0.0602,0.0616,0.0598,0.0561,0.0562,0.056,0.0616,0.0551,0.0587,0.0667,0.0592,0.0446,0.0567,0.0523,0.0568,0.0564,0.0574,0.0526,0.0563,0.0563,0.0555,0.0674,0.0601,0.0553,0.0567,0.0569,0.0591,0.0595,0.0579,0.0695,0.0604,0.0613,0.0634,0.0714,0.0638,0.0444,0.0606,0.0598,0.0583,0.0534,0.0621,0.0552,0.0544,0.0582,0.0589,0.0551,0.0599,0.0727
927.535,0.0544,0.0575,0.0574,0.0608,0.0571,0.0587,0.0567,0.0591,0.0614,0.0582,0.0538,0.0573,0.064,0.0544,0.0578,0.0609,0.0581,0.0561,0.0634,0.0524,0.0568,0.0595,0.0606,0.0464,0.0562,0.0599,0.0619,0.0582,0.0801,0.0584,0.0593,0.0685,0.0632,0.0578,0.0581,0.0554,0.0537,0.0563,0.0588,0.061,0.0528,0.0533,0.0673,0.0571,0.064,0.0609,0.0631,0.0505,0.0609,0.0612,0.06,0.0564,0.0564,0.0563,0.062,0.0553,0.0585,0.0674,0.0596,0.0446,0.0571,0.0526,0.057,0.0566,0.0579,0.0533,0.0568,0.0565,0.0555,0.0676,0.06,0.0553,0.057,0.0573,0.0595,0.0603,0.0578,0.0549,0.0605,0.0614,0.0629,0.0706,0.0642,0.0459,0.0607,0.0628,0.0589,0.0549,0.0617,0.0551,0.0547,0.0588,0.0593,0.0551,0.0604,0.0728
1860.184,0.0549,0.0582,0.0582,0.0612,0.0574,0.0577,0.057,0.0599,0.062,0.0585,0.0536,0.0574,0.0596,0.0544,0.0581,0.0611,0.0582,0.0561,0.0637,0.0514,0.0573,0.0596,0.0594,0.0464,0.0559,0.0599,0.0624,0.0589,0.0831,0.0589,0.0604,0.0713,0.0636,0.0579,0.0584,0.0553,0.054,0.0555,0.0594,0.0613,0.0526,0.0528,0.0694,0.0573,0.0644,0.0613,0.0607,0.0505,0.061,0.0613,0.0602,0.0563,0.0562,0.0566,0.0611,0.0553,0.0583,0.0671,0.0609,0.0446,0.0574,0.0533,0.0566,0.0569,0.058,0.0545,0.0572,0.0565,0.0555,0.0678,0.0603,0.0554,0.0573,0.0577,0.0598,0.0604,0.0579,0.0524,0.0605,0.0616,0.0618,0.0705,0.064,0.0452,0.0604,0.0653,0.059,0.0537,0.0622,0.055,0.055,0.0592,0.0594,0.0551,0.0606,0.0731
2792.929,0.0554,0.0595,0.0593,0.0615,0.0574,0.0574,0.0574,0.061,0.0624,0.0587,0.0536,0.0572,0.06,0.0545,0.0582,0.0612,0.0582,0.056,0.0652,0.0513,0.0573,0.06,0.0597,0.0465,0.0557,0.0621,0.0628,0.0594,0.0852,0.059,0.0608,0.0734,0.0638,0.058,0.0595,0.0553,0.0546,0.0555,0.0596,0.0619,0.0523,0.053,0.0704,0.0578,0.065,0.0619,0.0617,0.0506,0.0613,0.0623,0.0606,0.0565,0.056,0.0564,0.0622,0.0551,0.0581,0.0676,0.0622,0.0447,0.0577,0.0549,0.0564,0.0569,0.0585,0.0556,0.0572,0.0566,0.0553,0.0684,0.0603,0.0555,0.0576,0.058,0.0599,0.0607,0.0583,0.0523,0.061,0.0621,0.0621,0.0716,0.0644,0.0454,0.0608,0.0661,0.0594,0.054,0.0628,0.0552,0.0558,0.0593,0.0595,0.0551,0.0603,0.0737
3725.507,0.0556,0.0604,0.0597,0.0618,0.0568,0.0572,0.058,0.0607,0.0633,0.0587,0.0551,0.0571,0.0603,0.0545,0.0584,0.0615,0.0585,0.0561,0.0664,0.0514,0.0574,0.0604,0.0596,0.0465,0.0556,0.0604,0.065,0.0592,0.087,0.0588,0.0613,0.0737,0.0639,0.0584,0.061,0.0551,0.055,0.0554,0.0727,0.0624,0.0522,0.053,0.0721,0.0582,0.0657,0.0624,0.0625,0.0504,0.0615,0.0614,0.061,0.0564,0.0554,0.0563,0.0622,0.0551,0.0576,0.068,0.0633,0.0443,0.0582,0.0542,0.0563,0.0569,0.0585,0.0571,0.0571,0.0565,0.0554,0.0693,0.0603,0.0551,0.0568,0.058,0.0598,0.0605,0.0584,0.0522,0.0617,0.0623,0.0624,0.0736,0.0645,0.045,0.0607,0.067,0.0592,0.0538,0.0633,0.0548,0.057,0.0595,0.0594,0.0549,0.0606,0.075
4658.102,0.0562,0.0613,0.0606,0.0627,0.0582,0.0568,0.0586,0.0614,0.064,0.0587,0.0533,0.0571,0.0614,0.0549,0.0588,0.0622,0.0586,0.0562,0.0674,0.0514,0.0577,0.0611,0.0606,0.0466,0.0559,0.0599,0.0656,0.0595,0.0911,0.0592,0.0617,0.0744,0.0639,0.0589,0.0632,0.0552,0.0546,0.0555,0.0654,0.0637,0.0519,0.0532,0.0728,0.0584,0.0671,0.0625,0.0632,0.0506,0.062,0.0626,0.0616,0.0566,0.0555,0.0562,0.0615,0.0552,0.0578,0.0689,0.0642,0.0445,0.0581,0.0536,0.0561,0.0568,0.0587,0.0584,0.0573,0.0564,0.0553,0.0706,0.0606,0.0554,0.057,0.0581,0.0599,0.0606,0.059,0.052,0.0624,0.0631,0.0634,0.0762,0.0648,0.0452,0.061,0.0693,0.0595,0.0541,0.064,0.0553,0.059,0.0596,0.0594,0.055,0.0607,0.0756
5590.702,0.0562,0.0618,0.0614,0.0621,0.0569,0.057,0.0593,0.0617,0.0648,0.059,0.0532,0.0572,0.0647,0.055,0.0599,0.0629,0.0588,0.0561,0.0673,0.0511,0.0578,0.0621,0.06,0.0467,0.0556,0.0599,0.0684,0.0594,0.0921,0.0594,0.0617,0.0735,0.0639,0.0592,0.0647,0.0554,0.0563,0.0556,0.061,0.0651,0.0518,0.0537,0.0734,0.0586,0.0688,0.0627,0.0627,0.0507,0.0623,0.0624,0.0629,0.0568,0.0558,0.0564,0.0621,0.0553,0.0578,0.0702,0.0645,0.0445,0.0583,0.0531,0.0565,0.0571,0.059,0.0592,0.0573,0.0567,0.0554,0.0729,0.061,0.0554,0.0574,0.0578,0.0599,0.0607,0.0591,0.0522,0.0632,0.0641,0.0639,0.0776,0.0653,0.0452,0.0611,0.0694,0.0594,0.0542,0.0654,0.0551,0.0597,0.0598,0.0596,0.0551,0.0612,0.0767
6523.282,0.0563,0.0622,0.0621,0.0623,0.0568,0.0564,0.0598,0.0615,0.0661,0.0592,0.0556,0.0571,0.0646,0.0553,0.0612,0.0638,0.0591,0.0562,0.0671,0.051,0.0579,0.0628,0.0601,0.0466,0.0555,0.0611,0.0696,0.0601,0.0923,0.0596,0.0622,0.0712,0.0638,0.0595,0.0654,0.0552,0.0551,0.0556,0.0614,0.0661,0.0514,0.0541,0.0746,0.0589,0.0702,0.0627,0.0621,0.0507,0.0624,0.0629,0.0639,0.0568,0.0559,0.0564,0.0628,0.0552,0.0577,0.0713,0.0645,0.0445,0.0586,0.0539,0.0563,0.057,0.0591,0.0604,0.0572,0.0568,0.0555,0.0748,0.0614,0.0553,0.0569,0.0579,0.0597,0.0603,0.0592,0.0522,0.0639,0.065,0.0645,0.0761,0.0655,0.0452,0.0611,0.0699,0.0593,0.0542,0.0653,0.0552,0.0601,0.0601,0.0595,0.0551,0.061,0.0778
7455.897,0.0563,0.0642,0.0626,0.0627,0.0571,0.056,0.0602,0.0611,0.0672,0.0597,0.0531,0.0571,0.0659,0.0552,0.0596,0.0652,0.059,0.0561,0.0671,0.0511,0.0576,0.0639,0.06,0.0466,0.0556,0.0614,0.0726,0.0594,0.0922,0.0595,0.0621,0.0727,0.0639,0.0599,0.0659,0.055,0.055,0.0556,0.0617,0.0676,0.0512,0.054,0.0743,0.0591,0.0719,0.063,0.062,0.0505,0.0639,0.0633,0.0649,0.0566,0.0555,0.0561,0.0629,0.0551,0.0575,0.0722,0.0638,0.0444,0.0586,0.0551,0.056,0.0567,0.0592,0.0605,0.0571,0.0565,0.0552,0.0771,0.0614,0.0551,0.0565,0.0575,0.0594,0.0605,0.0593,0.0518,0.0649,0.0656,0.0652,0.0767,0.0655,0.0452,0.0607,0.0709,0.0592,0.054,0.0659,0.0549,0.0601,0.0598,0.0595,0.055,0.0609,0.0789
8388.555,0.0564,0.062,0.0634,0.0628,0.057,0.0563,0.0609,0.0619,0.0686,0.0601,0.0549,0.0569,0.0672,0.0555,0.0599,0.0667,0.0591,0.0563,0.0668,0.0513,0.0576,0.0647,0.0602,0.0465,0.0555,0.061,0.0778,0.0586,0.0921,0.0597,0.0623,0.0746,0.0639,0.0602,0.0654,0.0551,0.0551,0.0556,0.0625,0.0708,0.0509,0.0543,0.0761,0.0592,0.0732,0.0631,0.0632,0.0503,0.0625,0.0645,0.0667,0.0566,0.0561,0.0563,0.0632,0.0551,0.0577,0.0735,0.0635,0.0444,0.0586,0.0542,0.0562,0.0569,0.0594,0.0616,0.057,0.0565,0.0551,0.0801,0.0615,0.0552,0.0567,0.0575,0.0596,0.0605,0.0593,0.0519,0.0661,0.0682,0.0662,0.0787,0.0655,0.0454,0.0609,0.0722,0.0593,0.0538,0.0666,0.0549,0.0593,0.06,0.0593,0.0549,0.0607,0.0806
9321.179,0.0566,0.0616,0.0638,0.063,0.0571,0.0563,0.0614,0.0626,0.0701,0.0607,0.0538,0.0571,0.0689,0.0557,0.06,0.0678,0.0596,0.0566,0.0671,0.0516,0.058,0.0667,0.0608,0.0467,0.0555,0.0613,0.0712,0.0585,0.0918,0.0599,0.0626,0.0764,0.0639,0.061,0.065,0.0552,0.0554,0.0558,0.0635,0.0716,0.0508,0.0545,0.0768,0.0599,0.0728,0.0633,0.0641,0.0506,0.063,0.0677,0.0683,0.0568,0.0562,0.0564,0.0637,0.0553,0.058,0.0757,0.0631,0.0446,0.0586,0.052,0.0562,0.0573,0.0596,0.0614,0.0575,0.0567,0.0552,0.0833,0.0618,0.0553,0.0567,0.0575,0.0597,0.0606,0.0596,0.0519,0.0676,0.0691,0.067,0.0783,0.066,0.0452,0.0609,0.0708,0.0598,0.0539,0.0714,0.055,0.0575,0.06,0.0596,0.0549,0.0609,0.0823
10253.861,0.0567,0.0616,0.0636,0.0636,0.057,0.0563,0.0619,0.0625,0.0715,0.061,0.053,0.057,0.0704,0.0556,0.0601,0.0688,0.0591,0.0561,0.0671,0.0517,0.058,0.0686,0.0609,0.0466,0.0553,0.0693,0.0747,0.0584,0.0879,0.0599,0.0627,0.0777,0.0639,0.0618,0.0637,0.0553,0.0551,0.0556,0.0635,0.0725,0.0509,0.0545,0.0768,0.0598,0.0721,0.0633,0.0646,0.0505,0.0632,0.0667,0.0703,0.0568,0.0561,0.0563,0.0634,0.0552,0.0577,0.0773,0.0626,0.0444,0.0584,0.0522,0.0559,0.0571,0.0596,0.0613,0.0574,0.0566,0.0552,0.0835,0.0622,0.0553,0.0566,0.0574,0.0596,0.0609,0.0599,0.0519,0.0691,0.0695,0.0678,0.08,0.0659,0.0452,0.0606,0.07,0.0601,0.0537,0.0719,0.055,0.0557,0.0597,0.0594,0.0549,0.0608,0.084
11186.569,0.0568,0.0608,0.0638,0.0644,0.0572,0.0566,0.0625,0.063,0.0754,0.0617,0.053,0.0573,0.0731,0.0556,0.0606,0.0753,0.0592,0.057,0.0678,0.0523,0.0582,0.0705,0.0614,0.0468,0.0556,0.0664,0.0771,0.0585,0.0874,0.0599,0.0633,0.08,0.0642,0.0638,0.0632,0.0553,0.0553,0.0558,0.0633,0.0798,0.0507,0.0546,0.0768,0.0601,0.0739,0.0636,0.0652,0.0508,0.0634,0.066,0.0731,0.0567,0.0562,0.0564,0.0636,0.0552,0.0578,0.0801,0.0622,0.0446,0.0584,0.0519,0.0564,0.0573,0.0601,0.0619,0.0576,0.0568,0.0553,0.084,0.0624,0.0552,0.0566,0.0574,0.0599,0.0609,0.0599,0.0607,0.0708,0.071,0.0685,0.0839,0.0662,0.0452,0.0611,0.071,0.06,0.054,0.0823,0.0551,0.0557,0.0599,0.0597,0.0549,0.061,0.0868
12119.218,0.0566,0.06,0.0632,0.0642,0.0569,0.0564,0.0628,0.0632,0.0779,0.0618,0.053,0.057,0.0763,0.0554,0.0609,0.073,0.0588,0.0567,0.0694,0.0523,0.0581,0.0727,0.0617,0.0466,0.0552,0.0741,0.0758,0.0581,0.0854,0.0599,0.0636,0.0797,0.064,0.0639,0.0628,0.0552,0.0551,0.057,0.0622,0.1004,0.0506,0.0544,0.0782,0.0603,0.074,0.0632,0.0649,0.0507,0.0634,0.0668,0.076,0.0568,0.0561,0.0563,0.0634,0.0553,0.0591,0.0821,0.0616,0.0444,0.0582,0.0513,0.0559,0.0572,0.06,0.0623,0.0574,0.0566,0.0552,0.0833,0.0638,0.0552,0.0567,0.0574,0.06,0.0606,0.0597,0.052,0.073,0.0743,0.0702,0.0811,0.066,0.045,0.061,0.0721,0.0604,0.0535,0.1023,0.055,0.0558,0.0594,0.0595,0.0549,0.0608,0.0894
13051.826,0.0565,0.0647,0.0628,0.0636,0.0571,0.0572,0.0628,0.0635,0.0788,0.0622,0.0529,0.0571,0.0799,0.0557,0.0622,0.0792,0.0596,0.0563,0.0693,0.0525,0.0584,0.0749,0.0615,0.0468,0.0554,0.0689,0.0892,0.0582,0.0839,0.0599,0.0647,0.0806,0.0639,0.0643,0.0626,0.0552,0.055,0.0558,0.0616,0.1643,0.0506,0.0544,0.0764,0.0599,0.0726,0.0636,0.0651,0.051,0.0636,0.0687,0.0798,0.0569,0.056,0.0563,0.0633,0.0551,0.0577,0.0842,0.0615,0.0446,0.0586,0.0515,0.0561,0.0573,0.0601,0.0622,0.0574,0.0567,0.0553,0.0814,0.0621,0.0554,0.0563,0.0573,0.0605,0.0606,0.0598,0.0516,0.0755,0.0792,0.0704,0.0802,0.0661,0.0452,0.0613,0.0719,0.0605,0.0535,0.1153,0.055,0.0568,0.0595,0.0597,0.0548,0.0609,0.093
13984.492,0.0564,0.0594,0.0625,0.0642,0.0571,0.0575,0.0629,0.0638,0.0776,0.0617,0.053,0.0571,0.0841,0.0557,0.0618,0.0762,0.0598,0.0561,0.072,0.0525,0.0584,0.0777,0.0621,0.0468,0.0552,0.0696,0.0921,0.058,0.0828,0.0598,0.0648,0.0812,0.0642,0.0644,0.0629,0.0555,0.0548,0.0561,0.0613,0.1732,0.0506,0.0545,0.0771,0.0597,0.0744,0.0639,0.0643,0.0513,0.0643,0.0688,0.0839,0.057,0.0562,0.0564,0.0632,0.0552,0.0579,0.0897,0.0613,0.0444,0.0582,0.0516,0.0561,0.0574,0.0601,0.0619,0.0575,0.0567,0.0553,0.0795,0.0626,0.0554,0.0561,0.0569,0.0607,0.0606,0.0597,0.0518,0.0783,0.0885,0.0702,0.0842,0.0659,0.0453,0.0611,0.0714,0.0605,0.0535,0.0818,0.0549,0.0556,0.0591,0.0596,0.055,0.061,0.0974
14917.132,0.0559,0.0592,0.062,0.0649,0.057,0.0562,0.0628,0.0618,0.0808,0.0621,0.0526,0.0572,0.0892,0.0553,0.0622,0.0837,0.0593,0.0557,0.0727,0.0525,0.0584,0.0812,0.0622,0.0467,0.0552,0.0701,0.097,0.0578,0.0827,0.0597,0.0652,0.0813,0.0641,0.0642,0.0627,0.0552,0.0542,0.0559,0.0612,0.1856,0.0503,0.0543,0.0773,0.0592,0.0767,0.0651,0.0652,0.0514,0.0651,0.0685,0.089,0.0567,0.0558,0.0563,0.063,0.055,0.0578,0.0911,0.0611,0.0444,0.0581,0.0529,0.0561,0.0573,0.0602,0.061,0.0573,0.0566,0.0552,0.0782,0.0627,0.0553,0.0559,0.0567,0.0608,0.0609,0.0594,0.0516,0.0822,0.0819,0.0724,0.0971,0.0659,0.0452,0.0613,0.0716,0.0608,0.0534,0.1472,0.0549,0.0554,0.0589,0.0598,0.0549,0.0609,0.1028
15849.764,0.056,0.0593,0.0615,0.0642,0.057,0.0572,0.0628,0.0615,0.0883,0.0616,0.0525,0.0571,0.0953,0.0553,0.0628,0.0901,0.06,0.0557,0.0736,0.0527,0.0585,0.0857,0.0631,0.0467,0.0553,0.0693,0.1279,0.059,0.0815,0.0598,0.0665,0.0813,0.064,0.0641,0.0628,0.0552,0.0539,0.0558,0.0612,0.1771,0.0503,0.0541,0.0775,0.0595,0.0813,0.0639,0.0659,0.0516,0.0664,0.0696,0.095,0.0566,0.0561,0.0559,0.0629,0.0552,0.061,0.0959,0.0607,0.0444,0.0585,0.0513,0.0561,0.0572,0.0603,0.0596,0.0572,0.0566,0.0551,0.0777,0.064,0.0553,0.056,0.0569,0.0614,0.0616,0.0596,0.0516,0.0867,0.094,0.075,0.1043,0.0661,0.0451,0.0616,0.0729,0.061,0.0532,0.1758,0.0548,0.0555,0.059,0.0601,0.0549,0.0608,0.1094
16782.226,0.0559,0.0587,0.0612,0.0655,0.0569,0.0566,0.0626,0.0608,0.1173,0.0618,0.0526,0.0571,0.1037,0.0551,0.0634,0.0807,0.06,0.0557,0.078,0.0526,0.0584,0.0907,0.0632,0.0469,0.0549,0.0858,0.1305,0.0588,0.0829,0.06,0.0666,0.0814,0.0637,0.0638,0.0628,0.0553,0.0539,0.0558,0.0615,0.145,0.0503,0.0541,0.0784,0.0592,0.075,0.064,0.0666,0.0518,0.0673,0.0713,0.1032,0.0568,0.056,0.0563,0.063,0.0551,0.0601,0.1031,0.0609,0.0444,0.0585,0.0513,0.0562,0.0574,0.0605,0.0608,0.0572,0.0568,0.0551,0.0771,0.0659,0.0553,0.0559,0.0567,0.0617,0.0616,0.0599,0.0518,0.0921,0.112,0.0767,0.1667,0.0661,0.0452,0.0617,0.0744,0.0615,0.0533,0.1793,0.0549,0.0555,0.0588,0.0597,0.055,0.0611,0.1169
17714.94,0.0557,0.0587,0.0611,0.065,0.0569,0.0571,0.0625,0.061,0.1315,0.0626,0.0527,0.0572,0.1126,0.0551,0.0641,0.1265,0.0597,0.0558,0.0803,0.0526,0.0584,0.0977,0.0639,0.047,0.0547,0.0767,0.1542,0.0588,0.0797,0.0598,0.066,0.0815,0.0639,0.0642,0.063,0.0552,0.0538,0.057,0.0615,0.1345,0.0501,0.0537,0.0771,0.0592,0.0779,0.064,0.0664,0.052,0.0689,0.0719,0.1127,0.0567,0.0558,0.0563,0.0629,0.0552,0.0589,0.1022,0.0608,0.0444,0.059,0.0513,0.056,0.0572,0.0604,0.0604,0.0568,0.0567,0.0551,0.0771,0.0648,0.0552,0.0616,0.0566,0.0619,0.0623,0.06,0.0514,0.098,0.1489,0.0771,0.1496,0.066,0.045,0.0617,0.0752,0.0622,0.0532,0.2146,0.0547,0.0553,0.0585,0.0599,0.0549,0.0611,0.126
18647.513,0.0557,0.0588,0.0609,0.0663,0.0569,0.0575,0.0623,0.0614,0.2071,0.063,0.0525,0.0571,0.1247,0.0549,0.0649,0.1739,0.0595,0.0559,0.0752,0.0528,0.0587,0.1047,0.0643,0.047,0.0548,0.0916,0.1394,0.0588,0.079,0.0597,0.0678,0.0816,0.0637,0.0641,0.0628,0.0553,0.0535,0.0577,0.0619,0.122,0.0501,0.0538,0.0772,0.0592,0.0754,0.0641,0.0682,0.0522,0.0707,0.0726,0.1237,0.0566,0.0556,0.0564,0.0626,0.0549,0.058,0.1069,0.0607,0.0446,0.0587,0.0512,0.0559,0.0572,0.0608,0.0596,0.0568,0.0567,0.0551,0.0784,0.0641,0.0553,0.0607,0.0565,0.0624,0.0624,0.0602,0.0516,0.1053,0.1735,0.0821,0.1301,0.0661,0.0452,0.0623,0.0768,0.0636,0.0533,0.1807,0.0547,0.0555,0.0584,0.0604,0.055,0.0614,0.137
19580.109,0.0555,0.0582,0.0607,0.0681,0.0567,0.058,0.0621,0.0617,0.2185,0.0629,0.0523,0.057,0.1387,0.0546,0.0657,0.1751,0.0596,0.0556,0.0782,0.0527,0.0585,0.1139,0.065,0.0469,0.055,0.1015,0.1697,0.0584,0.0788,0.0598,0.0692,0.0849,0.0637,0.0639,0.063,0.0551,0.0532,0.0561,0.0638,0.1634,0.0497,0.0536,0.0762,0.0591,0.0869,0.064,0.0692,0.0523,0.0734,0.0779,0.1366,0.0565,0.0556,0.0565,0.0626,0.0548,0.0581,0.1101,0.0606,0.0443,0.0601,0.0543,0.056,0.0573,0.0614,0.0591,0.0568,0.0566,0.0548,0.0797,0.0645,0.0553,0.0578,0.0564,0.0629,0.062,0.0604,0.0514,0.1142,0.1996,0.1173,0.1675,0.066,0.0452,0.0624,0.0784,0.0639,0.0532,0.2406,0.0546,0.0555,0.0582,0.0603,0.0549,0.0615,0.1503
20512.82,0.0554,0.0585,0.0608,0.0702,0.0569,0.0587,0.0618,0.0614,0.2491,0.0632,0.0523,0.0571,0.1564,0.0546,0.0665,0.186,0.0595,0.056,0.1157,0.0527,0.0584,0.1253,0.0676,0.0471,0.0548,0.0867,0.2434,0.0574,0.0776,0.0595,0.0691,0.0811,0.0645,0.0641,0.0628,0.0553,0.0532,0.0558,0.0681,0.2446,0.0498,0.0535,0.0773,0.0592,0.0924,0.0641,0.0701,0.0523,0.0766,0.0907,0.1542,0.0566,0.0555,0.0564,0.0627,0.0549,0.0578,0.1131,0.0606,0.0444,0.0608,0.051,0.0563,0.0572,0.0618,0.0589,0.0565,0.0568,0.055,0.0807,0.0642,0.0553,0.057,0.0565,0.0637,0.0621,0.061,0.0514,0.1246,0.2431,0.1502,0.1447,0.0662,0.0451,0.0632,0.0802,0.0648,0.053,0.2439,0.0547,0.056,0.0582,0.0607,0.055,0.0617,0.1666
21445.414,0.0557,0.0584,0.061,0.0731,0.0568,0.0596,0.062,0.0619,0.2257,0.0638,0.0524,0.0572,0.1766,0.0544,0.0677,0.1891,0.0599,0.0565,0.1287,0.0528,0.0586,0.1388,0.0686,0.0471,0.0547,0.1154,0.2863,0.0573,0.077,0.0596,0.071,0.0808,0.0645,0.0642,0.0631,0.0553,0.0532,0.0559,0.0671,0.2425,0.0498,0.0535,0.0765,0.059,0.1185,0.0641,0.0697,0.0528,0.0798,0.0895,0.1725,0.0567,0.0554,0.0564,0.0628,0.055,0.0578,0.1519,0.0606,0.0446,0.0599,0.051,0.0563,0.0574,0.0626,0.059,0.0568,0.0568,0.0549,0.0833,0.067,0.0553,0.0549,0.0566,0.0641,0.0629,0.0615,0.0514,0.1365,0.2255,0.1611,0.2484,0.0662,0.0453,0.0637,0.0831,0.0654,0.0532,0.2766,0.0546,0.0558,0.0584,0.061,0.0549,0.0625,0.1854
22378.212,0.0554,0.0582,0.0608,0.0762,0.0566,0.0605,0.0614,0.0623,0.3269,0.0637,0.0523,0.0572,0.199,0.0543,0.0685,0.1787,0.0604,0.0564,0.2024,0.0526,0.0587,0.1541,0.0674,0.0469,0.0547,0.1252,0.3636,0.0573,0.0769,0.0595,0.0749,0.0804,0.0645,0.0642,0.063,0.0553,0.0531,0.0557,0.0635,0.2456,0.0496,0.0533,0.0774,0.0589,0.1348,0.0641,0.0682,0.0528,0.0839,0.1532,0.1933,0.0565,0.0553,0.0564,0.0626,0.0549,0.0577,0.2104,0.0606,0.0444,0.0601,0.0509,0.0564,0.0572,0.0629,0.0577,0.0563,0.0567,0.0549,0.0858,0.0667,0.0552,0.0547,0.0562,0.0644,0.063,0.0615,0.0514,0.1486,0.2399,0.2391,0.2805,0.0659,0.0451,0.0645,0.0852,0.0667,0.0528,0.2283,0.0546,0.0559,0.0582,0.0615,0.0549,0.0624,0.2062
23310.92,0.0556,0.0581,0.0607,0.0673,0.0566,0.0607,0.0611,0.0624,0.378,0.0641,0.0522,0.0571,0.2268,0.0545,0.0694,0.1762,0.0609,0.0564,0.2506,0.0526,0.0585,0.1722,0.076,0.047,0.055,0.1453,0.4042,0.0575,0.0765,0.0594,0.0884,0.0799,0.0647,0.0641,0.0631,0.0553,0.0529,0.0559,0.0641,0.3332,0.0497,0.0532,0.0765,0.0586,0.1554,0.0643,0.0674,0.053,0.0898,0.2014,0.2223,0.0566,0.0556,0.0563,0.0628,0.0549,0.0577,0.2439,0.0606,0.0445,0.0608,0.0508,0.0568,0.0573,0.0645,0.0577,0.0565,0.0569,0.0552,0.0901,0.0666,0.0553,0.0549,0.0563,0.0654,0.0638,0.0624,0.0512,0.1647,0.3144,0.2208,0.2871,0.0659,0.0451,0.0652,0.0885,0.0694,0.0529,0.3367,0.0547,0.0556,0.0583,0.0621,0.0549,0.0627,0.2333
24243.55,0.0556,0.0581,0.0605,0.07,0.0565,0.0603,0.061,0.0634,0.3484,0.0641,0.0521,0.0572,0.2573,0.0541,0.071,0.2386,0.0604,0.0566,0.2405,0.0526,0.0587,0.1937,0.1087,0.047,0.0545,0.1266,0.4136,0.0575,0.0761,0.0596,0.1114,0.0797,0.0646,0.0643,0.0631,0.0551,0.0528,0.0559,0.0649,0.34,0.0497,0.053,0.0781,0.0587,0.174,0.0643,0.0668,0.0531,0.0963,0.2389,0.2527,0.0564,0.0556,0.0563,0.0627,0.0548,0.0578,0.2873,0.0606,0.0445,0.0615,0.0507,0.0569,0.0571,0.0657,0.0572,0.0564,0.0567,0.0548,0.0948,0.0672,0.0553,0.0548,0.0562,0.0664,0.0638,0.0631,0.0511,0.182,0.3878,0.2653,0.3143,0.0659,0.0452,0.0661,0.0915,0.0706,0.0527,0.2688,0.0548,0.0556,0.0582,0.0628,0.0548,0.0633,0.2655
25176.154,0.0556,0.0579,0.0606,0.0719,0.0565,0.0603,0.0605,0.0641,0.4044,0.0639,0.0521,0.0571,0.2908,0.0542,0.073,0.2824,0.0608,0.0561,0.2465,0.0526,0.0587,0.2187,0.1395,0.047,0.0545,0.1355,0.4373,0.0574,0.0771,0.0594,0.1404,0.0788,0.0647,0.0641,0.0631,0.0553,0.0527,0.056,0.0659,0.4189,0.0496,0.0531,0.0767,0.0586,0.1858,0.0643,0.0631,0.053,0.1041,0.3115,0.2876,0.0566,0.0553,0.0564,0.0626,0.0549,0.0628,0.3225,0.0604,0.0446,0.0617,0.051,0.0573,0.0573,0.0672,0.0562,0.0562,0.0568,0.0548,0.1007,0.0693,0.0554,0.0546,0.0563,0.068,0.0646,0.0634,0.0511,0.2041,0.424,0.2966,0.3067,0.0659,0.0452,0.0665,0.096,0.0735,0.0527,0.3297,0.0546,0.0557,0.0582,0.0635,0.055,0.0637,0.2974
26108.783,0.0557,0.058,0.0605,0.0855,0.0565,0.0615,0.0606,0.0651,0.4484,0.0641,0.0521,0.0572,0.3312,0.0542,0.0756,0.3063,0.0601,0.0554,0.1862,0.0525,0.0588,0.2481,0.1786,0.047,0.0545,0.1604,0.4547,0.0574,0.0796,0.0595,0.157,0.0783,0.0647,0.0648,0.0631,0.0553,0.0526,0.0561,0.067,0.3407,0.0497,0.0531,0.0756,0.0587,0.1829,0.0642,0.0652,0.0532,0.1129,0.2591,0.3257,0.0565,0.0553,0.0561,0.0628,0.0547,0.0578,0.307,0.0606,0.0446,0.0634,0.0509,0.0574,0.0574,0.0695,0.0556,0.0564,0.0569,0.0547,0.1076,0.0682,0.0554,0.0546,0.056,0.0687,0.065,0.0644,0.0512,0.2303,0.4302,0.2873,0.3317,0.0658,0.0451,0.0676,0.1011,0.0761,0.0527,0.3186,0.0547,0.0556,0.0582,0.0646,0.0549,0.0642,0.3371
27041.454,0.0559,0.0579,0.0605,0.1327,0.0563,0.0611,0.0603,0.0656,0.4695,0.0643,0.0521,0.0573,0.377,0.054,0.0787,0.3095,0.0608,0.0555,0.2452,0.0524,0.0589,0.2797,0.1532,0.0471,0.0546,0.2086,0.4807,0.0574,0.0841,0.0595,0.1653,0.0778,0.0649,0.0652,0.0631,0.0553,0.0525,0.056,0.0684,0.3748,0.0498,0.053,0.0754,0.0585,0.2079,0.0644,0.068,0.0533,0.1249,0.2068,0.3691,0.0564,0.0552,0.0563,0.0628,0.0546,0.0577,0.3721,0.0607,0.0446,0.0637,0.0508,0.0578,0.0571,0.0712,0.0563,0.0564,0.057,0.0548,0.1165,0.0755,0.0554,0.0546,0.0559,0.0703,0.0659,0.0654,0.0513,0.2582,0.4647,0.3651,0.3907,0.0658,0.0453,0.0675,0.1073,0.078,0.0526,0.4134,0.0545,0.0557,0.0583,0.0653,0.0551,0.065,0.3821
27974.066,0.0554,0.0596,0.0603,0.2778,0.0564,0.064,0.06,0.0675,0.4913,0.0641,0.052,0.0572,0.4232,0.0541,0.0823,0.2732,0.061,0.0559,0.3029,0.0524,0.0588,0.3156,0.2092,0.0471,0.0545,0.1969,0.5084,0.0574,0.0875,0.0593,0.1669,0.0772,0.0658,0.0649,0.0635,0.0553,0.0523,0.056,0.0706,0.4133,0.0495,0.053,0.0759,0.0586,0.2121,0.0647,0.0683,0.0532,0.1383,0.1906,0.4181,0.0563,0.0552,0.0562,0.063,0.0548,0.0578,0.4074,0.0605,0.0446,0.0658,0.0507,0.0579,0.0572,0.074,0.0544,0.0564,0.0568,0.0546,0.1264,0.0743,0.0553,0.0546,0.056,0.0716,0.0676,0.0672,0.0512,0.2893,0.4871,0.4147,0.4417,0.0657,0.0454,0.0692,0.1145,0.0777,0.0525,0.4001,0.0544,0.0556,0.0586,0.0673,0.0551,0.0659,0.4288
28906.772,0.0557,0.0589,0.0603,0.2345,0.0562,0.0613,0.0599,0.0689,0.4948,0.064,0.0519,0.0572,0.4795,0.0539,0.087,0.3157,0.0613,0.0554,0.3159,0.0524,0.0589,0.3525,0.2205,0.047,0.0545,0.1668,0.5402,0.0575,0.0928,0.0594,0.174,0.0768,0.0637,0.0649,0.0634,0.0554,0.0525,0.0561,0.0718,0.4641,0.0494,0.0528,0.0752,0.0585,0.2162,0.0644,0.068,0.0533,0.154,0.314,0.4753,0.0563,0.0551,0.0561,0.063,0.0546,0.0579,0.4457,0.0604,0.0445,0.067,0.0506,0.0586,0.0571,0.0952,0.0544,0.0562,0.0569,0.0546,0.1387,0.0759,0.0554,0.0547,0.0561,0.0739,0.0675,0.0687,0.064,0.326,0.5111,0.406,0.4381,0.0655,0.0453,0.0692,0.1235,0.0785,0.0526,0.3657,0.0545,0.0556,0.0587,0.069,0.0549,0.0669,0.4764
29839.466,0.0556,0.0588,0.0602,0.3248,0.0564,0.061,0.0597,0.0771,0.4939,0.0642,0.0519,0.0571,0.5285,0.0538,0.0921,0.4009,0.0607,0.0553,0.3157,0.0521,0.0587,0.3927,0.276,0.0468,0.0546,0.1577,0.5625,0.0573,0.1002,0.0593,0.2077,0.0762,0.064,0.0649,0.0634,0.0551,0.0523,0.0559,0.0741,0.5006,0.0493,0.0527,0.0751,0.0582,0.2226,0.0644,0.083,0.0532,0.1731,0.3678,0.5281,0.0561,0.0549,0.0563,0.0627,0.0545,0.0577,0.4695,0.0603,0.0444,0.0692,0.052,0.0588,0.057,0.1138,0.054,0.056,0.0567,0.0545,0.1543,0.0756,0.0553,0.0543,0.0558,0.0766,0.0697,0.0706,0.0509,0.3619,0.4984,0.4029,0.3922,0.0652,0.0452,0.0707,0.1337,0.0809,0.0523,0.3782,0.0544,0.0554,0.0587,0.0688,0.0549,0.068,0.5205
30772.126,0.0556,0.0578,0.0603,0.2282,0.0563,0.0609,0.0593,0.076,0.4498,0.0649,0.0518,0.0571,0.5731,0.0539,0.0987,0.4118,0.061,0.0553,0.3375,0.0521,0.0589,0.4301,0.3213,0.0471,0.0544,0.1124,0.5826,0.0574,0.1113,0.0591,0.2008,0.0758,0.0641,0.0655,0.0635,0.0552,0.0521,0.056,0.0776,0.4953,0.0493,0.0528,0.0734,0.0583,0.2599,0.0644,0.07,0.0533,0.1978,0.4027,0.5792,0.056,0.0548,0.0562,0.0628,0.0546,0.0579,0.4739,0.0602,0.0445,0.0718,0.0506,0.0594,0.0573,0.1312,0.054,0.0562,0.0569,0.0547,0.1741,0.0823,0.0553,0.0542,0.0557,0.077,0.0752,0.0734,0.0511,0.4023,0.5556,0.4133,0.4533,0.0654,0.0453,0.0717,0.1455,0.09,0.0522,0.4417,0.0548,0.0555,0.0589,0.0703,0.0549,0.0695,0.5671
31704.7,0.0557,0.0576,0.0602,0.1992,0.0562,0.0602,0.0592,0.0741,0.4218,0.0653,0.0518,0.0571,0.6234,0.0538,0.1067,0.4344,0.0611,0.0608,0.3398,0.052,0.0588,0.4784,0.3766,0.0471,0.0548,0.1077,0.6015,0.0573,0.1224,0.0593,0.1322,0.0758,0.0642,0.0656,0.0635,0.0553,0.0522,0.0562,0.0804,0.5391,0.0493,0.0528,0.0742,0.0581,0.2805,0.0645,0.0708,0.0533,0.2245,0.4113,0.6332,0.056,0.0551,0.0564,0.0632,0.0548,0.0583,0.4895,0.0604,0.0446,0.0708,0.0508,0.0601,0.0573,0.1318,0.0535,0.056,0.0569,0.0547,0.1992,0.0883,0.0553,0.0546,0.0559,0.0821,0.0791,0.0765,0.051,0.4428,0.5644,0.3935,0.4866,0.0652,0.0456,0.0733,0.1582,0.0925,0.0523,0.4178,0.055,0.0556,0.0592,0.0739,0.055,0.0714,0.6116
32637.256,0.0558,0.0577,0.06,0.2136,0.056,0.0635,0.0591,0.0776,0.3967,0.0656,0.0517,0.0571,0.6675,0.0538,0.1152,0.4148,0.0611,0.0656,0.3332,0.0518,0.0589,0.5273,0.3367,0.0471,0.0544,0.1429,0.6237,0.0575,0.1338,0.0593,0.1633,0.0754,0.0645,0.0651,0.0637,0.0552,0.0521,0.056,0.085,0.563,0.0491,0.0526,0.0739,0.0582,0.2912,0.0644,0.0789,0.0534,0.2556,0.4049,0.6842,0.0557,0.0547,0.0563,0.0635,0.0545,0.0581,0.5012,0.0603,0.0445,0.0735,0.0504,0.0606,0.057,0.1292,0.0532,0.0563,0.0568,0.0545,0.2282,0.1084,0.0553,0.0543,0.0558,0.0847,0.0721,0.0802,0.0509,0.4819,0.5727,0.4156,0.4916,0.0657,0.0458,0.0751,0.173,0.1004,0.0522,0.441,0.0544,0.0554,0.0593,0.0853,0.055,0.0735,0.6505
33569.861,0.0556,0.0578,0.0599,0.1766,0.0561,0.0596,0.059,0.1112,0.4333,0.0654,0.0516,0.0571,0.7186,0.0537,0.1246,0.4283,0.0607,0.0739,0.3388,0.0517,0.0588,0.5678,0.3903,0.0471,0.0546,0.2491,0.6473,0.0573,0.146,0.0592,0.168,0.0751,0.0651,0.0647,0.0636,0.0552,0.0521,0.0566,0.0898,0.6048,0.0492,0.0526,0.0753,0.0582,0.3077,0.0643,0.102,0.0535,0.2966,0.383,0.7386,0.0556,0.0549,0.0563,0.0635,0.0548,0.0582,0.5033,0.0602,0.0447,0.0762,0.0505,0.0614,0.057,0.1646,0.053,0.0568,0.0569,0.0546,0.263,0.1239,0.0554,0.0544,0.0559,0.0881,0.0742,0.0846,0.051,0.5168,0.6206,0.447,0.477,0.0655,0.0457,0.0781,0.1865,0.1132,0.0521,0.4538,0.0545,0.0553,0.0595,0.0856,0.0551,0.0759,0.6934
34502.505,0.0558,0.0578,0.06,0.2213,0.056,0.0596,0.0589,0.1201,0.5132,0.0654,0.0515,0.0571,0.7724,0.0535,0.1371,0.4707,0.0602,0.0575,0.3294,0.0516,0.0589,0.6169,0.4025,0.0471,0.0545,0.261,0.6616,0.0573,0.16,0.0593,0.1618,0.0751,0.0664,0.0653,0.0639,0.0552,0.052,0.0563,0.0961,0.5757,0.0492,0.0526,0.0744,0.0581,0.3539,0.0642,0.1532,0.0533,0.3423,0.3971,0.7896,0.0557,0.0545,0.0564,0.0641,0.0546,0.0585,0.5166,0.0604,0.0446,0.079,0.0531,0.0622,0.0568,0.2112,0.053,0.0569,0.0569,0.0544,0.3047,0.1366,0.0552,0.0543,0.0557,0.0902,0.1102,0.0908,0.0508,0.5582,0.6665,0.4717,0.5207,0.0657,0.0459,0.0821,0.2015,0.1502,0.0519,0.4241,0.0545,0.0554,0.0598,0.1117,0.0549,0.0789,0.7379
35435.139,0.0557,0.0577,0.0601,0.2596,0.0559,0.06,0.0586,0.1252,0.5257,0.0655,0.0514,0.0571,0.8212,0.0536,0.1483,0.5184,0.0606,0.0587,0.343,0.0517,0.0588,0.6589,0.4449,0.047,0.0543,0.2734,0.6823,0.0573,0.1772,0.0593,0.1699,0.0747,0.0689,0.0653,0.0637,0.0551,0.0518,0.0563,0.108,0.6228,0.0491,0.0522,0.0738,0.058,0.3757,0.0642,0.1811,0.0535,0.3855,0.4344,0.8419,0.0555,0.0545,0.0564,0.0639,0.0546,0.0584,0.5303,0.0602,0.0446,0.0819,0.0504,0.0626,0.0568,0.2449,0.0528,0.0561,0.0569,0.0544,0.3482,0.1452,0.0552,0.0544,0.0556,0.1008,0.0854,0.0972,0.0509,0.5945,0.7173,0.4861,0.563,0.0656,0.0459,0.083,0.2155,0.1702,0.0518,0.3539,0.0542,0.0552,0.06,0.1153,0.0548,0.082,0.7828
36367.766,0.0555,0.0577,0.06,0.3019,0.056,0.0611,0.0583,0.1167,0.563,0.0656,0.0513,0.057,0.8663,0.0534,0.1618,0.5178,0.0603,0.0564,0.2878,0.0511,0.0589,0.7121,0.4916,0.0469,0.0542,0.2824,0.7172,0.0572,0.2039,0.0592,0.1848,0.0742,0.0706,0.0649,0.0639,0.0552,0.0516,0.0567,0.1134,0.6451,0.049,0.0524,0.0732,0.0574,0.3943,0.0641,0.212,0.0533,0.4337,0.4763,0.889,0.0557,0.0543,0.0565,0.0639,0.0544,0.0583,0.5381,0.0604,0.0445,0.0883,0.0503,0.0637,0.0568,0.2618,0.0522,0.0563,0.0568,0.0543,0.3931,0.1532,0.0553,0.0542,0.0557,0.1024,0.0792,0.1042,0.0507,0.6315,0.7564,0.4756,0.5704,0.0654,0.046,0.0992,0.2241,0.2486,0.0518,0.316,0.0541,0.0553,0.0604,0.1782,0.0549,0.0864,0.8283
37300.477,0.0557,0.058,0.0601,0.3267,0.0559,0.0619,0.0585,0.147,0.5722,0.0658,0.0513,0.0572,0.9136,0.0537,0.1821,0.5683,0.0604,0.0569,0.2716,0.0512,0.0591,0.7559,0.4706,0.0471,0.0542,0.3005,0.7384,0.0573,0.2298,0.0609,0.2127,0.0741,0.0696,0.0652,0.064,0.0553,0.0518,0.0564,0.1326,0.6503,0.0489,0.0523,0.0727,0.0576,0.4104,0.0642,0.2272,0.0533,0.4804,0.5251,0.9362,0.0557,0.0545,0.0567,0.0638,0.0545,0.0611,0.5531,0.0603,0.0446,0.0943,0.0504,0.065,0.057,0.2701,0.0522,0.0572,0.0571,0.0544,0.4412,0.1743,0.0555,0.0543,0.0558,0.1249,0.0835,0.113,0.0507,0.6669,0.8117,0.4849,0.622,0.0654,0.0462,0.1301,0.2366,0.2591,0.0519,0.2934,0.0544,0.0552,0.0611,0.2221,0.055,0.0915,0.8673
38232.91,0.0556,0.0579,0.06,0.3554,0.0559,0.0631,0.0582,0.1411,0.589,0.0659,0.0511,0.0571,0.9543,0.0532,0.2014,0.571,0.0597,0.057,0.3566,0.0511,0.059,0.8122,0.5226,0.047,0.0543,0.2994,0.7492,0.0574,0.2585,0.0593,0.25,0.0741,0.071,0.0653,0.0639,0.0552,0.0512,0.0564,0.138,0.6404,0.0489,0.0524,0.0718,0.0576,0.4343,0.0641,0.2532,0.0534,0.5215,0.6247,0.9693,0.0557,0.0542,0.0566,0.0637,0.0544,0.0586,0.5641,0.0603,0.0445,0.0998,0.0503,0.0663,0.057,0.2922,0.0519,0.0559,0.0569,0.0542,0.4789,0.187,0.0552,0.0539,0.0558,0.1608,0.0899,0.1253,0.0506,0.7079,0.8553,0.5301,0.6692,0.0656,0.0462,0.1311,0.2472,0.3456,0.0515,0.2456,0.0541,0.0551,0.0615,0.2993,0.0549,0.0973,0.9057
39165.537,0.0556,0.0581,0.0603,0.4123,0.0559,0.0674,0.0581,0.2499,0.6125,0.0659,0.0511,0.0572,0.9891,0.0535,0.2253,0.587,0.06,0.0572,0.4069,0.051,0.0591,0.8633,0.5681,0.047,0.0545,0.2675,0.7702,0.0573,0.2919,0.0594,0.2652,0.0741,0.0733,0.0651,0.0641,0.0554,0.0514,0.0566,0.1534,0.6696,0.0489,0.0523,0.0719,0.0577,0.4533,0.0641,0.2548,0.0536,0.5688,0.6762,1.0087,0.0563,0.0543,0.0569,0.0649,0.0544,0.0594,0.5691,0.0605,0.0448,0.1074,0.0505,0.0676,0.0569,0.3177,0.0519,0.0562,0.057,0.0543,0.522,0.1928,0.0553,0.0543,0.0567,0.2142,0.0896,0.1357,0.0508,0.7492,0.8772,0.5775,0.7343,0.0656,0.0463,0.1012,0.2671,0.3819,0.0517,0.3765,0.0543,0.0553,0.0622,0.2551,0.0551,0.1044,0.9426
40098.142,0.0555,0.0578,0.0602,0.4751,0.0558,0.0833,0.0579,0.3693,0.6362,0.0658,0.0509,0.0571,1.0171,0.0531,0.2503,0.6272,0.0601,0.0595,0.4163,0.0507,0.0589,0.9101,0.5426,0.0469,0.0544,0.2625,0.7844,0.0573,0.3321,0.0595,0.2979,0.0735,0.0673,0.0657,0.0642,0.0552,0.0511,0.0564,0.1763,0.7065,0.0487,0.0523,0.0722,0.0574,0.4764,0.0642,0.2484,0.0534,0.6121,0.7314,1.0363,0.0563,0.054,0.0567,0.0652,0.0543,0.0594,0.588,0.0603,0.0446,0.1195,0.0503,0.0692,0.0569,0.3403,0.0518,0.0565,0.0569,0.0541,0.5621,0.2094,0.0553,0.0541,0.0561,0.3797,0.1263,0.1505,0.0505,0.7818,0.8815,0.6247,0.7667,0.0654,0.0462,0.1035,0.2976,0.426,0.0514,0.4253,0.0542,0.055,0.0626,0.2253,0.0549,0.112,0.9754
41030.691,0.0558,0.0581,0.0603,0.4768,0.0558,0.0751,0.058,0.3496,0.6592,0.0658,0.0509,0.0572,1.0501,0.0532,0.2817,0.6362,0.0603,0.058,0.4274,0.0507,0.059,0.9586,0.5919,0.0469,0.0543,0.2557,0.8116,0.0573,0.3749,0.0595,0.3312,0.0738,0.0702,0.0677,0.0642,0.0553,0.0512,0.0564,0.1955,0.7249,0.0487,0.0521,0.0718,0.0575,0.5028,0.0641,0.2691,0.0534,0.6635,0.7535,1.0753,0.0575,0.0541,0.0568,0.0651,0.0546,0.0599,0.6062,0.0608,0.0447,0.1357,0.0503,0.0707,0.0568,0.3703,0.0516,0.056,0.0568,0.0542,0.604,0.2623,0.0553,0.0539,0.0573,0.4416,0.1574,0.1689,0.0506,0.8199,0.8962,0.6504,0.7713,0.0653,0.0463,0.1278,0.3147,0.4701,0.0512,0.4674,0.0541,0.0552,0.0633,0.2573,0.0549,0.1204,1.0082
41963.402,0.0558,0.0584,0.0604,0.4999,0.0558,0.0944,0.0576,0.4267,0.6826,0.0655,0.0507,0.0571,1.0795,0.053,0.3164,0.6621,0.0599,0.0606,0.4378,0.0505,0.059,0.9975,0.6268,0.0469,0.0544,0.2715,0.8329,0.0572,0.4096,0.0592,0.352,0.0732,0.0684,0.067,0.0643,0.0551,0.0508,0.0564,0.222,0.7511,0.0485,0.052,0.0718,0.0575,0.5211,0.0639,0.3288,0.0534,0.7113,0.7664,1.1034,0.057,0.0538,0.0567,0.0663,0.0545,0.0601,0.6225,0.0608,0.0447,0.139,0.0501,0.0727,0.0567,0.404,0.0512,0.0562,0.0568,0.0541,0.6378,0.3089,0.0553,0.0539,0.0566,0.4793,0.1859,0.1925,0.0505,0.8512,0.9111,0.6736,0.7979,0.0651,0.0463,0.1452,0.339,0.4324,0.0514,0.445,0.054,0.0551,0.064,0.2692,0.0548,0.1296,1.0394
42895.967,0.056,0.0581,0.0605,0.5155,0.0558,0.0922,0.0577,0.4487,0.6964,0.0659,0.0506,0.0571,1.1043,0.0531,0.3515,0.6946,0.0596,0.0608,0.4492,0.0503,0.059,1.0353,0.6464,0.0469,0.0546,0.365,0.8539,0.0573,0.4538,0.0593,0.3755,0.0731,0.0702,0.0654,0.0641,0.0551,0.0506,0.0565,0.2526,0.7792,0.0485,0.052,0.0713,0.0575,0.5388,0.0639,0.374,0.0534,0.7566,0.769,1.1299,0.0567,0.0538,0.0566,0.067,0.0544,0.0608,0.641,0.0607,0.0448,0.1729,0.0501,0.0746,0.0569,0.394,0.051,0.0563,0.057,0.0541,0.6795,0.3613,0.0551,0.0538,0.056,0.5107,0.2395,0.2179,0.0504,0.8771,0.9274,0.6925,0.8204,0.0651,0.0463,0.1541,0.3758,0.461,0.0511,0.4945,0.0539,0.055,0.0646,0.3557,0.055,0.1405,1.0686
43828.611,0.056,0.0582,0.0608,0.5639,0.0558,0.1203,0.0578,0.4238,0.7122,0.0658,0.0506,0.0571,1.1337,0.0531,0.3906,0.7236,0.0602,0.0604,0.4637,0.0503,0.059,1.0681,0.6425,0.0469,0.0545,0.4119,0.8884,0.0578,0.484,0.0594,0.3971,0.073,0.0807,0.0644,0.0643,0.0552,0.0504,0.0565,0.2955,0.8067,0.0485,0.052,0.0719,0.0575,0.5537,0.0637,0.4016,0.0535,0.8051,0.7657,1.1584,0.0585,0.0539,0.0568,0.0679,0.0544,0.0613,0.6549,0.0607,0.0446,0.2292,0.0502,0.0777,0.0569,0.4581,0.0509,0.0571,0.0569,0.0541,0.7167,0.3862,0.0554,0.0538,0.0563,0.535,0.2827,0.2395,0.0505,0.9036,0.9466,0.6847,0.8428,0.0652,0.0464,0.1427,0.3993,0.5059,0.0511,0.5684,0.0541,0.0549,0.0664,0.2851,0.0549,0.1528,1.0945
44761.256,0.0559,0.0586,0.0607,0.552,0.0558,0.1305,0.0577,0.418,0.7268,0.066,0.0505,0.0571,1.1532,0.0535,0.4256,0.7517,0.06,0.0622,0.471,0.0501,0.059,1.0986,0.6088,0.0468,0.0546,0.4736,0.9144,0.0579,0.5305,0.0594,0.4219,0.0726,0.0808,0.0634,0.0642,0.0551,0.0502,0.0566,0.3406,0.8318,0.0483,0.0522,0.0719,0.0574,0.5706,0.0637,0.4216,0.0534,0.845,0.7713,1.1815,0.0617,0.0539,0.0566,0.0682,0.0545,0.062,0.6638,0.0606,0.0447,0.2887,0.0502,0.08,0.0568,0.5133,0.0508,0.0573,0.0568,0.054,0.7535,0.4077,0.0552,0.054,0.056,0.5323,0.3767,0.2659,0.0505,0.9311,0.9629,0.6524,0.8571,0.0649,0.0462,0.1347,0.4465,0.5732,0.0511,0.6005,0.054,0.055,0.0671,0.3271,0.0549,0.1675,1.1205
45693.836,0.0556,0.0587,0.0611,0.5668,0.0558,0.1626,0.0576,0.4026,0.7447,0.0649,0.0505,0.0571,1.1743,0.0528,0.4626,0.7813,0.0601,0.0614,0.4769,0.0498,0.059,1.1318,0.6637,0.047,0.0544,0.5131,0.9348,0.0571,0.5661,0.0595,0.447,0.0724,0.1146,0.0637,0.0643,0.0551,0.05,0.0566,0.3857,0.858,0.0483,0.0519,0.0703,0.0573,0.5764,0.0638,0.4434,0.0535,0.8865,0.7799,1.2034,0.0579,0.0536,0.0568,0.0679,0.0545,0.0692,0.6724,0.0607,0.0447,0.3481,0.05,0.0844,0.057,0.5654,0.0504,0.0575,0.0568,0.0541,0.7929,0.4329,0.0552,0.054,0.0561,0.5128,0.3926,0.3042,0.0568,0.9458,0.979,0.6518,0.8842,0.0649,0.0462,0.1583,0.4682,0.6514,0.0507,0.5402,0.054,0.0549,0.0692,0.3379,0.0549,0.183,1.1415
46626.524,0.0559,0.0589,0.0612,0.5923,0.0558,0.2073,0.0577,0.4118,0.7664,0.065,0.0506,0.0572,1.1891,0.0527,0.499,0.8116,0.0598,0.0684,0.4861,0.0499,0.0592,1.1566,0.7162,0.0469,0.0544,0.5646,0.955,0.0573,0.5958,0.0593,0.4701,0.0724,0.0963,0.0699,0.0647,0.0552,0.05,0.0567,0.4374,0.8784,0.0483,0.0519,0.0696,0.0573,0.5901,0.0638,0.4831,0.0535,0.9254,0.7909,1.2236,0.0577,0.0535,0.0567,0.0702,0.0544,0.0654,0.6837,0.0606,0.0448,0.4481,0.0501,0.088,0.0571,0.5986,0.0503,0.0582,0.0571,0.0541,0.8294,0.4556,0.0554,0.054,0.0563,0.48,0.3961,0.3394,0.0557,0.9609,0.9974,0.6743,0.9043,0.0652,0.0463,0.1609,0.5071,0.6733,0.0509,0.6224,0.0539,0.055,0.0713,0.3702,0.0551,0.2023,1.1612
47559.023,0.0555,0.0591,0.0618,0.6026,0.0557,0.2636,0.0575,0.4307,0.7818,0.065,0.0504,0.0572,1.2067,0.0527,0.5372,0.8392,0.0599,0.0945,0.4963,0.0497,0.0589,1.1807,0.7471,0.0469,0.0543,0.6072,0.9699,0.0572,0.6225,0.0596,0.5056,0.0723,0.1063,0.0685,0.0641,0.0553,0.0499,0.0566,0.5036,0.8995,0.0484,0.0517,0.0699,0.0573,0.5988,0.0639,0.5631,0.0537,0.9636,0.7977,1.2411,0.0583,0.0535,0.0567,0.0727,0.0543,0.0653,0.691,0.0609,0.0447,0.5076,0.0501,0.0924,0.0569,0.6259,0.0502,0.0585,0.0571,0.0542,0.8695,0.4838,0.0554,0.054,0.0564,0.5046,0.382,0.377,0.0503,0.9829,1.0119,0.7092,0.9278,0.065,0.0465,0.1804,0.5637,0.7348,0.0507,0.6554,0.0539,0.055,0.0708,0.4497,0.055,0.2232,1.1855
48491.692,0.0556,0.0594,0.0618,0.6252,0.0557,0.3082,0.0574,0.4323,0.8007,0.0648,0.0503,0.0571,1.2166,0.0529,0.5798,0.8627,0.06,0.1193,0.515,0.0497,0.0591,1.2017,0.7496,0.0469,0.0542,0.6523,0.9843,0.0573,0.6483,0.0594,0.5423,0.0722,0.1143,0.0692,0.0642,0.0553,0.0497,0.0568,0.5417,0.9149,0.0481,0.0519,0.0692,0.0571,0.6048,0.0637,0.5347,0.0535,1.0002,0.7962,1.2587,0.0595,0.0535,0.0566,0.073,0.0543,0.0664,0.7016,0.0606,0.0448,0.5241,0.05,0.1063,0.057,0.6493,0.0498,0.059,0.057,0.0541,0.9099,0.5058,0.0554,0.0539,0.0567,0.5201,0.4089,0.4099,0.0505,1.0043,1.029,0.7353,0.9517,0.0648,0.0464,0.2881,0.6137,0.8031,0.0507,0.5536,0.0541,0.0547,0.0724,0.4913,0.0549,0.2468,1.2011
49424.327,0.0555,0.0601,0.0625,0.6497,0.0557,0.3198,0.0574,0.4301,0.8135,0.0648,0.0504,0.0572,1.2316,0.0526,0.6213,0.8892,0.0599,0.1674,0.5358,0.0496,0.0592,1.2186,0.7539,0.0471,0.0541,0.6947,1.0061,0.0575,0.6781,0.0596,0.5665,0.0724,0.124,0.0693,0.0638,0.0553,0.0494,0.0568,0.5843,0.9365,0.0481,0.0517,0.0699,0.057,0.6161,0.0638,0.5552,0.0535,1.0328,0.8114,1.2696,0.0597,0.0535,0.0567,0.0749,0.0545,0.0689,0.706,0.0607,0.0449,0.5474,0.0499,0.118,0.0568,0.6602,0.0498,0.0603,0.0572,0.0541,0.9435,0.5295,0.0555,0.0539,0.0569,0.5298,0.4296,0.4404,0.0507,1.0284,1.0409,0.7592,0.9696,0.0649,0.0463,0.2831,0.6431,0.8316,0.0506,0.511,0.0541,0.055,0.077,0.5156,0.0549,0.2765,1.2196
50356.96,0.0554,0.0614,0.0629,0.6678,0.0554,0.3431,0.057,0.4282,0.83,0.0647,0.0502,0.0571,1.2343,0.0522,0.6508,0.9196,0.0593,0.2825,0.5503,0.0496,0.0589,1.2294,0.7822,0.0471,0.0542,0.7293,1.0162,0.0572,0.703,0.0594,0.6027,0.0721,0.1317,0.0715,0.0635,0.0552,0.0495,0.0567,0.6274,0.9583,0.0481,0.0514,0.0687,0.0565,0.6296,0.0637,0.601,0.0536,1.0614,0.8209,1.2817,0.0597,0.0531,0.0565,0.0807,0.0541,0.0707,0.7166,0.0605,0.0448,0.6182,0.05,0.1333,0.0569,0.6806,0.0495,0.0611,0.0571,0.0541,0.9813,0.5594,0.0554,0.0542,0.0568,0.5403,0.4516,0.4678,0.0503,1.0498,1.0573,0.7752,0.9871,0.0648,0.0465,0.2925,0.6567,0.8519,0.0506,0.5568,0.0539,0.0549,0.0779,0.5513,0.0549,0.3076,1.2357
51289.501,0.0554,0.0609,0.0636,0.6899,0.0555,0.3201,0.0571,0.4489,0.8403,0.0645,0.0501,0.0571,1.2404,0.0521,0.6857,0.9423,0.0601,0.2763,0.568,0.0493,0.0591,1.2392,0.8276,0.0469,0.0541,0.7611,1.0212,0.0572,0.7253,0.0594,0.6283,0.0716,0.1765,0.0759,0.0632,0.0552,0.0492,0.0565,0.6783,0.979,0.0479,0.0515,0.0695,0.0566,0.643,0.0636,0.6176,0.0535,1.0962,0.8422,1.2973,0.0608,0.0534,0.0565,0.0817,0.0543,0.0724,0.7277,0.0606,0.0449,0.6613,0.0499,0.1551,0.0569,0.696,0.0492,0.0631,0.0572,0.0541,1.0206,0.5915,0.0553,0.0536,0.0572,0.5589,0.4872,0.4943,0.0504,1.0734,1.0715,0.7841,1.0039,0.0648,0.0462,0.379,0.6653,0.8683,0.0505,0.5662,0.0538,0.0546,0.0819,0.5681,0.0549,0.3378,1.2502
52222.032,0.0555,0.0619,0.0646,0.7176,0.0555,0.3437,0.057,0.463,0.8511,0.0644,0.0502,0.0571,1.2508,0.052,0.7144,0.9545,0.0609,0.321,0.5801,0.0493,0.0592,1.2504,0.8665,0.0471,0.054,0.7929,1.0252,0.0572,0.7475,0.0595,0.6526,0.0718,0.2001,0.0805,0.064,0.0554,0.0493,0.0566,0.7266,0.9992,0.048,0.0516,0.0687,0.0567,0.6515,0.0637,0.6442,0.0536,1.127,0.8701,1.3071,0.0622,0.0531,0.0569,0.0816,0.0546,0.0752,0.7408,0.0609,0.0448,0.7045,0.0499,0.2114,0.057,0.7042,0.0492,0.063,0.0572,0.054,1.0538,0.6195,0.0555,0.0538,0.0577,0.5842,0.5221,0.5202,0.0504,1.0933,1.0852,0.8007,1.0172,0.0649,0.0465,0.4753,0.6857,0.8845,0.0504,0.5598,0.0539,0.055,0.0991,0.5812,0.055,0.3651,1.2606
53154.674,0.0555,0.0644,0.0657,0.7402,0.0553,0.4042,0.0568,0.4758,0.8604,0.0638,0.0502,0.0572,1.2565,0.0519,0.7424,0.9676,0.0613,0.3133,0.5921,0.0492,0.059,1.2559,0.8901,0.0469,0.0542,0.8221,1.0217,0.0573,0.7703,0.0593,0.673,0.0717,0.2166,0.0825,0.0655,0.0553,0.0491,0.0568,0.7686,1.0181,0.0479,0.0513,0.0666,0.0566,0.6674,0.0635,0.6574,0.0534,1.1533,0.9012,1.317,0.0647,0.0528,0.0565,0.0826,0.0544,0.0782,0.7557,0.0606,0.0447,0.7382,0.0498,0.2421,0.0569,0.7165,0.0488,0.0636,0.0573,0.054,1.089,0.6477,0.0555,0.0536,0.0579,0.6125,0.5507,0.5568,0.0504,1.1229,1.1012,0.819,1.0331,0.0645,0.0464,0.485,0.7057,0.8945,0.0504,0.6064,0.0537,0.055,0.1137,0.5919,0.055,0.3919,1.2806
54087.309,0.0554,0.0639,0.067,0.766,0.0554,0.362,0.0569,0.4903,0.8697,0.0637,0.05,0.0571,1.26,0.0519,0.7737,0.9792,0.0603,0.3339,0.6083,0.0492,0.0591,1.2619,0.9163,0.0471,0.0541,0.8405,1.0152,0.0575,0.7928,0.0593,0.7,0.0717,0.2771,0.087,0.0657,0.0552,0.0491,0.0568,0.821,1.0376,0.048,0.0515,0.0674,0.0575,0.6836,0.0635,0.6588,0.0535,1.1776,0.9311,1.3257,0.0654,0.0528,0.0567,0.0906,0.0544,0.0823,0.7632,0.0606,0.0449,0.7942,0.0499,0.3603,0.0568,0.7345,0.0489,0.0649,0.0574,0.0539,1.1174,0.666,0.0554,0.0537,0.0583,0.6335,0.5845,0.58,0.0504,1.1459,1.112,0.8354,1.0537,0.0647,0.0465,0.4843,0.7109,0.9124,0.0502,0.693,0.0539,0.0547,0.1484,0.5972,0.055,0.4191,1.2978
55019.943,0.0553,0.0652,0.0683,0.7921,0.0552,0.4033,0.0569,0.4999,0.8784,0.0635,0.05,0.0572,1.2681,0.0516,0.8083,0.9886,0.0587,0.4109,0.6209,0.0489,0.059,1.2687,0.933,0.0471,0.0542,0.861,1.01,0.0573,0.816,0.0593,0.7331,0.0716,0.3103,0.0906,0.0595,0.0553,0.049,0.0567,0.8628,1.0579,0.0478,0.0513,0.0662,0.0588,0.6973,0.0634,0.6642,0.0536,1.1988,0.9531,1.3311,0.0678,0.0527,0.0568,0.0942,0.0543,0.0863,0.7763,0.0606,0.0449,0.8348,0.0497,0.4277,0.0567,0.7566,0.0484,0.0707,0.0575,0.054,1.1394,0.6726,0.0553,0.0536,0.0589,0.652,0.6077,0.5983,0.0503,1.1644,1.1293,0.8517,1.0691,0.0646,0.0464,0.5763,0.7211,0.9202,0.0503,0.6985,0.0537,0.0548,0.1606,0.6034,0.0549,0.444,1.3048
55952.609,0.0551,0.0664,0.07,0.8171,0.0551,0.4623,0.0566,0.5159,0.8852,0.0631,0.05,0.0573,1.2684,0.0514,0.841,0.9827,0.0589,0.3963,0.6387,0.0491,0.0591,1.2754,0.9558,0.0469,0.054,0.8761,0.9993,0.0571,0.8417,0.0593,0.7622,0.0714,0.3246,0.0942,0.0598,0.0551,0.049,0.0566,0.9102,1.0748,0.0478,0.0512,0.0665,0.0589,0.7145,0.0634,0.6627,0.0536,1.2181,0.9733,1.3395,0.0882,0.0525,0.0565,0.0993,0.0544,0.0929,0.7906,0.0605,0.0449,0.8651,0.0496,0.4506,0.0567,0.7811,0.0484,0.0731,0.0576,0.0539,1.1647,0.6694,0.0555,0.0536,0.0593,0.6653,0.6165,0.6142,0.0503,1.1826,1.1444,0.8703,1.0858,0.0647,0.0464,0.6228,0.7063,0.9303,0.0502,0.7169,0.0537,0.0545,0.216,0.6295,0.055,0.4683,1.3156
56885.101,0.0552,0.0679,0.0722,0.8426,0.0553,0.4105,0.0568,0.5382,0.8929,0.0609,0.05,0.0572,1.2743,0.0513,0.8715,0.9831,0.0612,0.4702,0.6624,0.0489,0.059,1.2807,0.9742,0.0471,0.0538,0.8898,0.9956,0.0572,0.8693,0.0593,0.7905,0.0713,0.3539,0.0979,0.0622,0.0554,0.0489,0.0568,0.9495,1.0939,0.0479,0.0513,0.0667,0.0597,0.7326,0.0634,0.6696,0.0536,1.2301,0.993,1.3451,0.0856,0.0525,0.0569,0.1049,0.0542,0.0994,0.8052,0.0607,0.045,0.884,0.0497,0.4224,0.0566,0.8058,0.0483,0.0783,0.0581,0.0541,1.1817,0.6844,0.0554,0.0538,0.0599,0.6873,0.6362,0.6321,0.0533,1.2058,1.1601,0.8859,1.1024,0.0646,0.0465,0.6808,0.7158,0.9468,0.0501,0.736,0.0538,0.0545,0.246,0.6427,0.055,0.4927,1.3303
57817.629,0.0552,0.0707,0.0749,0.8605,0.0551,0.5345,0.0566,0.5722,0.898,0.0606,0.05,0.0571,1.2805,0.0511,0.9068,0.9853,0.0618,0.416,0.6872,0.0489,0.0589,1.2876,0.9916,0.0469,0.0542,0.902,0.9888,0.0574,0.8923,0.0592,0.814,0.0712,0.3939,0.1054,0.0584,0.0553,0.0489,0.0566,0.9854,1.1057,0.0477,0.051,0.0661,0.0592,0.7517,0.0632,0.6853,0.0535,1.2448,1.0033,1.3511,0.0865,0.0523,0.0566,0.1115,0.0542,0.1088,0.8178,0.0604,0.0449,0.9239,0.0496,0.408,0.0567,0.8245,0.0483,0.075,0.0593,0.054,1.1951,0.6986,0.0553,0.0539,0.0607,0.7027,0.6513,0.645,0.0501,1.2193,1.1706,0.8983,1.1167,0.0647,0.0466,0.6924,0.7154,0.9584,0.0501,0.7436,0.0539,0.0545,0.2907,0.6565,0.0549,0.5135,1.3348
58750.17,0.0551,0.073,0.0771,0.8752,0.0551,0.5565,0.0567,0.5984,0.8999,0.0609,0.05,0.0571,1.2788,0.0512,0.9301,0.9904,0.0646,0.4883,0.7094,0.0489,0.059,1.2973,1.0049,0.047,0.0538,0.9184,0.9856,0.0572,0.9171,0.0595,0.8382,0.0712,0.418,0.116,0.0588,0.0553,0.0488,0.0566,1.0194,1.1196,0.0478,0.051,0.0657,0.0611,0.777,0.0631,0.6912,0.0536,1.2591,1.018,1.3565,0.0784,0.0523,0.057,0.1207,0.0545,0.1207,0.8293,0.0608,0.045,0.9458,0.0495,0.4517,0.0564,0.8444,0.048,0.0757,0.0581,0.0539,1.2132,0.7015,0.0555,0.0535,0.0612,0.7062,0.6584,0.6569,0.0503,1.2312,1.182,0.9114,1.1276,0.0647,0.0466,0.7141,0.7299,0.9727,0.05,0.7636,0.054,0.0548,0.3268,0.6687,0.055,0.5291,1.3422
59682.83,0.0552,0.0757,0.0809,0.8944,0.055,0.5349,0.0566,0.619,0.9042,0.0609,0.0498,0.0572,1.2838,0.051,0.9556,1.0036,0.0664,0.5007,0.7305,0.0487,0.059,1.3012,1.0198,0.047,0.0539,0.9327,0.9802,0.0572,0.9406,0.0591,0.8581,0.0709,0.436,0.1248,0.0598,0.0552,0.0489,0.0566,1.0491,1.1333,0.0479,0.0509,0.0645,0.0638,0.8016,0.0631,0.7199,0.0536,1.2646,1.0237,1.3578,0.1208,0.0521,0.0565,0.132,0.0544,0.1274,0.8379,0.0607,0.0449,0.9775,0.0495,0.4576,0.0565,0.8639,0.048,0.1109,0.0596,0.054,1.2213,0.7111,0.0555,0.0538,0.0623,0.7091,0.6612,0.6674,0.0524,1.2429,1.1923,0.9233,1.1382,0.0644,0.0466,0.755,0.7271,0.9886,0.05,0.7751,0.0538,0.0546,0.3317,0.686,0.0549,0.5446,1.349
60615.442,0.0551,0.0795,0.0849,0.9127,0.055,0.5533,0.0565,0.638,0.9046,0.0608,0.0499,0.0571,1.2914,0.0508,0.9806,1.0142,0.0569,0.5004,0.7512,0.0487,0.0589,1.313,1.0304,0.0469,0.0538,0.9474,0.9777,0.0572,0.9604,0.0592,0.8797,0.0711,0.4555,0.1239,0.0605,0.0553,0.0488,0.0567,1.0832,1.1443,0.0476,0.0506,0.0655,0.0663,0.8203,0.063,0.7239,0.0536,1.2754,1.0356,1.3676,0.1537,0.0522,0.0566,0.145,0.0543,0.1424,0.8505,0.0607,0.0449,0.9996,0.0494,0.4276,0.0564,0.8837,0.0477,0.1165,0.0591,0.0538,1.2321,0.7234,0.0553,0.0536,0.0629,0.7309,0.6639,0.6846,0.0503,1.2574,1.2011,0.9343,1.1455,0.0644,0.0466,0.7568,0.7281,1.0021,0.0499,0.8039,0.0538,0.0546,0.3923,0.7007,0.055,0.5617,1.3571
61548.122,0.0549,0.0838,0.0902,0.9347,0.0548,0.5716,0.0565,0.6622,0.9062,0.061,0.0502,0.0571,1.2954,0.0506,0.9951,1.0292,0.0564,0.5328,0.7701,0.0487,0.0589,1.3205,1.0382,0.047,0.0539,0.9655,0.974,0.0571,0.9883,0.0591,0.9051,0.071,0.4704,0.1332,0.06,0.0553,0.0489,0.0567,1.1105,1.1537,0.0478,0.0506,0.0643,0.0693,0.8406,0.0628,0.737,0.0535,1.2844,1.042,1.3707,0.1702,0.052,0.0566,0.1575,0.0542,0.1617,0.8557,0.0607,0.0449,1.0284,0.0492,0.4147,0.0563,0.9015,0.0479,0.1592,0.0588,0.0538,1.2361,0.726,0.0552,0.0535,0.064,0.7442,0.6676,0.6936,0.0502,1.2607,1.2086,0.9417,1.1512,0.0644,0.0465,0.8083,0.7352,1.0147,0.0499,0.8052,0.054,0.0546,0.4141,0.7182,0.0549,0.5774,1.3627
62480.706,0.0551,0.088,0.0955,0.9487,0.0551,0.6085,0.0565,0.6932,0.91,0.0612,0.0499,0.0572,1.2958,0.0509,1.0135,1.0419,0.0577,0.5594,0.786,0.0487,0.0589,1.3255,1.0502,0.0469,0.054,0.9768,0.9724,0.0573,1.0111,0.0593,0.9222,0.0708,0.4742,0.1319,0.0609,0.0555,0.049,0.0567,1.1313,1.158,0.0477,0.0506,0.0643,0.073,0.8609,0.0628,0.7488,0.0535,1.2904,1.0457,1.3787,0.1796,0.0521,0.0569,0.1774,0.0545,0.1784,0.8652,0.0608,0.045,1.0539,0.0491,0.5142,0.0564,0.9217,0.0479,0.1904,0.0591,0.0538,1.2456,0.7345,0.0555,0.0537,0.0652,0.7552,0.6806,0.7078,0.0504,1.2762,1.2166,0.9565,1.16,0.0658,0.0466,0.8109,0.7375,1.0293,0.05,0.8226,0.0538,0.0548,0.4068,0.7391,0.0551,0.5983,1.3733
63413.408,0.0549,0.0944,0.1016,0.9579,0.0549,0.6165,0.0563,0.7243,0.9106,0.0612,0.0495,0.057,1.2961,0.0503,1.0307,1.0479,0.0566,0.5838,0.8026,0.0486,0.0588,1.3349,1.058,0.047,0.0539,0.9915,0.9683,0.057,1.0296,0.059,0.9406,0.0708,0.4847,0.1033,0.062,0.0552,0.0486,0.0566,1.156,1.1621,0.0476,0.0504,0.0637,0.0747,0.8814,0.0625,0.7706,0.0535,1.2988,1.0502,1.3826,0.2522,0.0517,0.0565,0.1996,0.0544,0.198,0.8765,0.0606,0.0449,1.0706,0.049,0.583,0.0562,0.9375,0.0476,0.2037,0.0601,0.0537,1.2541,0.7439,0.0553,0.0539,0.0668,0.7684,0.6832,0.7174,0.05,1.28,1.2235,0.9613,1.1661,0.064,0.0465,0.8008,0.7394,1.044,0.0499,0.8367,0.0536,0.0544,0.3705,0.7582,0.0549,0.6125,1.3787
64346.003,0.055,0.1025,0.1108,0.9743,0.0549,0.6216,0.0564,0.7536,0.9155,0.0615,0.0498,0.0572,1.3038,0.0503,1.051,1.0537,0.057,0.6018,0.8182,0.0485,0.059,1.3399,1.0686,0.0468,0.0538,1.0007,0.9687,0.0571,1.0509,0.0591,0.954,0.0704,0.5017,0.1474,0.0666,0.0553,0.0487,0.0573,1.1768,1.1671,0.0476,0.0503,0.0635,0.077,0.9008,0.0625,0.7876,0.0536,1.3055,1.0597,1.3894,0.1991,0.052,0.0571,0.2255,0.0546,0.2285,0.8844,0.0607,0.0449,1.0865,0.0489,0.6197,0.0563,0.9561,0.0477,0.2494,0.0607,0.0537,1.2589,0.7611,0.0554,0.0537,0.0692,0.7885,0.6951,0.7314,0.0561,1.287,1.2314,0.9693,1.169,0.0643,0.0465,0.8533,0.7567,1.0562,0.0498,0.8499,0.0537,0.0544,0.462,0.7771,0.055,0.635,1.3812
65278.557,0.055,0.113,0.1209,0.9894,0.0547,0.6322,0.0563,0.7788,0.9197,0.0613,0.0523,0.0572,1.3074,0.0502,1.0697,1.0617,0.0699,0.6123,0.8346,0.0485,0.0587,1.3459,1.0783,0.0469,0.0539,1.014,0.9719,0.0571,1.0655,0.0588,0.9638,0.0702,0.5204,0.1601,0.0723,0.0552,0.0488,0.0567,1.193,1.1678,0.0477,0.0503,0.0631,0.078,0.9207,0.0623,0.8032,0.0536,1.311,1.0819,1.3921,0.2004,0.0517,0.0564,0.2537,0.0544,0.2647,0.8905,0.0605,0.0451,1.0964,0.049,0.6303,0.0562,0.9706,0.0477,0.2695,0.0602,0.0535,1.2669,0.777,0.0553,0.0538,0.0697,0.8015,0.7094,0.737,0.0499,1.2875,1.237,0.977,1.1667,0.0645,0.0466,0.8337,0.76,1.0676,0.0499,0.8621,0.0538,0.0544,0.5005,0.7988,0.055,0.6565,1.3812
66211.072,0.0551,0.1219,0.1325,0.998,0.0551,0.6727,0.0563,0.8013,0.9214,0.0613,0.0497,0.0572,1.3096,0.0499,1.0801,1.0632,0.0658,0.6319,0.8455,0.0485,0.0586,1.3505,1.0877,0.0469,0.0538,1.0223,0.9708,0.0572,1.0776,0.0589,0.981,0.07,0.5447,0.1729,0.0741,0.0553,0.0485,0.0567,1.2078,1.169,0.0477,0.0503,0.0632,0.0789,0.9318,0.0621,0.823,0.0535,1.3156,1.0875,1.3964,0.2691,0.0518,0.0562,0.2821,0.0543,0.2985,0.8979,0.0605,0.0451,1.1073,0.0488,0.6519,0.0559,0.9846,0.0475,0.2961,0.0604,0.0535,1.2729,0.7942,0.0554,0.0536,0.0715,0.8036,0.7327,0.7563,0.0499,1.2972,1.2438,0.9829,1.1692,0.0644,0.0465,0.8124,0.7626,1.0736,0.0498,0.8804,0.0538,0.0544,0.5674,0.8224,0.0549,0.6758,1.3896
67143.598,0.0551,0.1348,0.1478,1.0133,0.0549,0.67,0.0564,0.8217,0.9268,0.0614,0.0497,0.0572,1.3118,0.0498,1.0941,1.0643,0.0748,0.6485,0.8564,0.0485,0.0589,1.36,1.0943,0.0472,0.0543,1.0314,0.9712,0.0574,1.0839,0.0589,0.9927,0.0702,0.5676,0.1707,0.0875,0.0554,0.0487,0.0568,1.2197,1.1697,0.0477,0.0503,0.0626,0.0823,0.9487,0.0621,0.8459,0.0536,1.319,1.0994,1.4012,0.3111,0.0517,0.0562,0.3152,0.0546,0.3441,0.9021,0.0608,0.0452,1.1153,0.049,0.6437,0.056,0.9945,0.0476,0.3244,0.0615,0.0535,1.2802,0.8101,0.0555,0.054,0.0734,0.8016,0.7517,0.7728,0.0501,1.3013,1.2482,0.9877,1.1648,0.0643,0.0467,0.7862,0.7671,1.0854,0.05,0.8924,0.0545,0.0545,0.5839,0.8429,0.0551,0.6924,1.3914
68076.222,0.055,0.1517,0.1652,1.0232,0.0545,0.6952,0.0563,0.8418,0.931,0.0614,0.053,0.0572,1.3111,0.0499,1.1051,1.0704,0.0845,0.6648,0.8675,0.0485,0.0587,1.3648,1.1034,0.0471,0.0541,1.0366,0.9714,0.0572,1.0955,0.0587,1.0049,0.07,0.5819,0.1749,0.1063,0.0553,0.0487,0.0569,1.2289,1.1722,0.0477,0.05,0.0619,0.084,0.9597,0.0619,0.8578,0.0536,1.325,1.1054,1.4037,0.3223,0.0516,0.0564,0.3429,0.0545,0.3875,0.9062,0.0607,0.0449,1.1287,0.0486,0.6296,0.0558,1.0071,0.0476,0.3445,0.0626,0.0535,1.284,0.8208,0.0554,0.0537,0.0761,0.7958,0.7717,0.7841,0.0548,1.3093,1.2547,0.9925,1.1711,0.0642,0.0466,0.8305,0.778,1.0981,0.0497,0.9099,0.054,0.0544,0.609,0.8631,0.055,0.7094,1.3911
69008.823,0.0548,0.1719,0.1871,1.0353,0.0552,0.7097,0.0557,0.859,0.9348,0.0613,0.0497,0.0571,1.3158,0.05,1.1148,1.0688,0.094,0.6753,0.8777,0.0484,0.0588,1.3691,1.1125,0.0469,0.054,1.046,0.97,0.0571,1.1007,0.0586,1.0142,0.0701,0.5999,0.1727,0.1302,0.0552,0.0485,0.0568,1.2359,1.1744,0.0475,0.0498,0.061,0.0854,0.9706,0.0618,0.8701,0.0537,1.3239,1.1088,1.4016,0.35,0.0516,0.0564,0.3698,0.0544,0.421,0.9066,0.0605,0.0451,1.1301,0.0485,0.6562,0.0557,1.0139,0.0473,0.379,0.0637,0.0534,1.2903,0.8373,0.0552,0.0537,0.0779,0.7874,0.7825,0.7944,0.0533,1.3161,1.2585,0.9965,1.1781,0.064,0.0466,0.9042,0.7856,1.1084,0.0498,0.925,0.0538,0.0544,0.6409,0.8826,0.0551,0.724,1.3913
69941.397,0.0548,0.1923,0.2109,1.042,0.0546,0.729,0.0558,0.8733,0.9374,0.0613,0.0495,0.0571,1.3116,0.0496,1.1259,1.0697,0.0913,0.683,0.8891,0.0484,0.0586,1.3776,1.1203,0.047,0.0539,1.0504,0.9719,0.057,1.1116,0.0583,1.0234,0.0704,0.6101,0.195,0.1455,0.0553,0.0485,0.057,1.244,1.1799,0.0477,0.0499,0.0611,0.0869,0.9764,0.0616,0.8923,0.0535,1.3302,1.1134,1.4077,0.4319,0.0514,0.0562,0.4061,0.0543,0.4498,0.904,0.0606,0.045,1.132,0.0484,0.7284,0.0553,1.0187,0.0475,0.4293,0.0649,0.0533,1.2987,0.8508,0.0553,0.0538,0.0807,0.7891,0.7935,0.8108,0.0497,1.3243,1.2619,1.0027,1.1857,0.0644,0.0464,0.8745,0.8021,1.117,0.0497,0.939,0.0538,0.0545,0.6518,0.9007,0.055,0.7405,1.3983
70873.982,0.0547,0.2189,0.2412,1.0513,0.0547,0.749,0.0557,0.8869,0.9424,0.0611,0.0558,0.0571,1.314,0.0496,1.1332,1.0703,0.064,0.6945,0.8978,0.0484,0.0585,1.3814,1.1271,0.0469,0.0536,1.0527,0.9694,0.0569,1.1147,0.0582,1.0326,0.0703,0.6208,0.2154,0.1521,0.0551,0.0483,0.057,1.2509,1.1823,0.0476,0.0496,0.0615,0.0892,0.9817,0.0614,0.8945,0.0535,1.3336,1.1137,1.4086,0.5173,0.0514,0.0563,0.4352,0.0544,0.4754,0.9173,0.0606,0.0449,1.1367,0.0483,0.7599,0.0551,1.0223,0.0475,0.4509,0.0658,0.0532,1.3041,0.8633,0.0552,0.0537,0.0858,0.7855,0.8013,0.8198,0.0495,1.3251,1.2648,1.0084,1.1889,0.0638,0.0464,0.9102,0.791,1.1288,0.0497,0.9519,0.0536,0.0543,0.6818,0.9162,0.0548,0.7559,1.3967
71806.668,0.0548,0.251,0.2776,1.056,0.0551,0.7673,0.0559,0.8987,0.9457,0.0601,0.0498,0.0573,1.3145,0.0496,1.1445,1.0692,0.0587,0.6978,0.9018,0.0484,0.0586,1.3832,1.1262,0.0473,0.054,1.0609,0.9753,0.0571,1.1281,0.0584,1.0365,0.0706,0.6271,0.2184,0.1699,0.0554,0.0486,0.057,1.2568,1.1843,0.0477,0.0499,0.0613,0.0911,0.9841,0.0615,0.9091,0.0537,1.3363,1.1143,1.4113,0.4566,0.0515,0.0567,0.4605,0.0547,0.4994,0.9259,0.061,0.0451,1.1401,0.0483,0.7754,0.0553,1.0231,0.0475,0.4761,0.0681,0.0532,1.3122,0.8757,0.0555,0.0544,0.086,0.795,0.8167,0.8316,0.0494,1.3272,1.2677,1.0153,1.1936,0.0641,0.0466,0.9696,0.8144,1.1356,0.0509,0.9637,0.0539,0.0545,0.7093,0.93,0.055,0.7767,1.4013
72739.312,0.0547,0.2851,0.3143,1.0633,0.0545,0.7863,0.0556,0.9118,0.951,0.0613,0.0496,0.057,1.3154,0.0495,1.1522,1.0707,0.0688,0.709,0.9041,0.0483,0.0585,1.3903,1.1359,0.0469,0.0539,1.0681,0.9732,0.0571,1.1329,0.0581,1.0432,0.0706,0.6363,0.2351,0.1875,0.0553,0.0485,0.0572,1.2596,1.1908,0.0476,0.0495,0.0606,0.0923,0.9891,0.0612,0.9223,0.0536,1.3395,1.1206,1.411,0.4656,0.0512,0.0572,0.4837,0.0549,0.52,0.9368,0.0607,0.0453,1.1516,0.0483,0.7964,0.0549,1.0231,0.0474,0.5318,0.0697,0.0531,1.3173,0.8849,0.0554,0.0541,0.089,0.8012,0.8305,0.8434,0.05,1.3289,1.2693,1.0207,1.2018,0.0645,0.0466,0.9566,0.8161,1.1432,0.0496,0.9766,0.0542,0.0543,0.7315,0.945,0.055,0.7899,1.3983
73671.843,0.0547,0.3199,0.3531,1.0683,0.0547,0.8004,0.0556,0.9243,0.9515,0.06,0.0519,0.0571,1.3124,0.0494,1.1595,1.0671,0.082,0.7203,0.9075,0.0486,0.0585,1.392,1.1409,0.047,0.0538,1.0801,0.9737,0.0571,1.1387,0.0578,1.0441,0.0705,0.6411,0.2458,0.191,0.0553,0.0485,0.057,1.2684,1.1942,0.0475,0.0497,0.0603,0.0985,0.9847,0.0611,0.9319,0.0535,1.3439,1.1312,1.4102,0.5113,0.0514,0.0614,0.5055,0.0551,0.5345,0.9437,0.0609,0.0454,1.1571,0.0482,0.7935,0.055,1.025,0.0474,0.5911,0.072,0.0532,1.3236,0.896,0.0552,0.0542,0.0932,0.802,0.8479,0.8574,0.0493,1.3303,1.2727,1.0276,1.2092,0.0642,0.0467,0.9443,0.8289,1.1552,0.0496,0.989,0.054,0.0543,0.7557,0.9582,0.0548,0.8081,1.3986
74604.312,0.0546,0.3624,0.3946,1.0703,0.0548,0.8218,0.0557,0.9364,0.9543,0.0598,0.0505,0.0571,1.3184,0.0494,1.1658,1.0634,0.1023,0.731,0.9077,0.0483,0.0588,1.3981,1.1473,0.0471,0.054,1.093,0.975,0.057,1.1485,0.0578,1.0476,0.0707,0.65,0.2556,0.1954,0.0553,0.0486,0.0571,1.2736,1.2024,0.0476,0.0496,0.0598,0.0884,0.9818,0.0609,0.9399,0.0536,1.3449,1.1309,1.4102,0.5722,0.0513,0.0561,0.5161,0.0545,0.5426,0.9489,0.061,0.0453,1.1643,0.0482,0.7898,0.0545,1.0256,0.0473,0.6082,0.0754,0.0531,1.3257,0.9046,0.0554,0.0543,0.0972,0.8038,0.86,0.8766,0.0492,1.3338,1.2782,1.0328,1.216,0.0651,0.0465,0.9689,0.841,1.1645,0.0496,1.0002,0.0541,0.0542,0.7784,0.9708,0.055,0.8237,1.3977
75536.884,0.0547,0.3986,0.4343,1.0736,0.0543,0.8374,0.0555,0.948,0.9595,0.0594,0.0504,0.057,1.3158,0.0493,1.1761,1.0518,0.1256,0.7409,0.9066,0.0483,0.0586,1.3995,1.1535,0.0469,0.0536,1.1035,0.9752,0.0571,1.1512,0.0577,1.05,0.0706,0.6587,0.2764,0.2147,0.0553,0.0485,0.0572,1.2767,1.2053,0.0476,0.0495,0.0589,0.0969,0.977,0.0607,0.9505,0.0536,1.3483,1.1324,1.4108,0.5895,0.0512,0.0561,0.5332,0.0545,0.555,0.9537,0.0612,0.0453,1.1729,0.048,0.7856,0.0545,1.0239,0.0472,0.6187,0.0797,0.053,1.3306,0.9128,0.0554,0.0543,0.1024,0.8124,0.8744,0.8845,0.0491,1.3363,1.2829,1.0373,1.2228,0.0656,0.0464,1.0045,0.8544,1.1716,0.0496,1.0102,0.0542,0.0541,0.796,0.9859,0.055,0.8402,1.3978
76469.605,0.0548,0.4344,0.4744,1.075,0.0544,0.8603,0.0553,0.9602,0.9626,0.0599,0.0506,0.0571,1.3167,0.0493,1.1789,1.0465,0.1296,0.7559,0.9078,0.0483,0.0587,1.3965,1.1591,0.047,0.0538,1.1122,0.9768,0.057,1.1583,0.0574,1.0485,0.0706,0.659,0.2839,0.2125,0.0552,0.0483,0.0571,1.281,1.2102,0.0475,0.0495,0.0592,0.1052,0.9724,0.0606,0.952,0.0536,1.3512,1.131,1.4117,0.6181,0.0511,0.0577,0.5475,0.0547,0.5733,0.9611,0.0611,0.0454,1.1777,0.048,0.7763,0.0545,1.0228,0.0473,0.6382,0.0837,0.0529,1.3368,0.9148,0.0554,0.0547,0.1095,0.813,0.8919,0.8945,0.0491,1.3411,1.2876,1.0417,1.2266,0.0644,0.0466,1.016,0.8606,1.1758,0.0495,1.0163,0.0541,0.0543,0.8156,0.9954,0.0549,0.8555,1.4016
77402.211,0.0547,0.4675,0.5182,1.079,0.054,0.8798,0.0553,0.9752,0.9669,0.0598,0.0505,0.0571,1.3158,0.0495,1.1817,1.0457,0.1151,0.7661,0.9083,0.0483,0.0589,1.4061,1.1625,0.047,0.0538,1.118,0.9757,0.057,1.167,0.0577,1.0473,0.0706,0.6472,0.2922,0.2245,0.0553,0.0497,0.0572,1.2855,1.2168,0.0475,0.0494,0.0591,0.1141,0.967,0.0605,0.9558,0.0536,1.3554,1.1372,1.4082,0.6509,0.0513,0.0565,0.5582,0.0547,0.5875,0.9643,0.0614,0.0455,1.174,0.048,0.7721,0.0545,1.0213,0.0474,0.6505,0.087,0.0529,1.3403,0.9197,0.0555,0.0549,0.1163,0.815,0.9045,0.9098,0.0491,1.3453,1.291,1.0401,1.2323,0.0643,0.0467,1.015,0.8688,1.1773,0.0495,1.0256,0.0542,0.054,0.8427,1.0055,0.0551,0.8709,1.3953
78334.9,0.0547,0.5032,0.5667,1.0833,0.0536,0.8996,0.055,0.9906,0.9724,0.06,0.0505,0.0571,1.3135,0.0491,1.19,1.0496,0.1347,0.775,0.9098,0.0483,0.0588,1.4094,1.1669,0.0469,0.0537,1.1257,0.9775,0.057,1.1768,0.0574,1.0434,0.0705,0.6366,0.3309,0.2248,0.0551,0.0483,0.0572,1.2906,1.2202,0.0475,0.0493,0.0589,0.1295,0.9626,0.0602,0.964,0.0535,1.358,1.1407,1.4096,0.697,0.051,0.0559,0.5652,0.0546,0.5943,0.9703,0.0614,0.0453,1.1755,0.0478,0.7833,0.0542,1.0187,0.0471,0.6683,0.0927,0.0528,1.3419,0.922,0.0553,0.0551,0.139,0.8326,0.9246,0.9208,0.0489,1.3485,1.2949,1.0429,1.2391,0.0642,0.0467,0.9981,0.8689,1.177,0.0497,1.0304,0.0542,0.0538,0.8726,1.0156,0.0549,0.8817,1.3984
79267.488,0.0565,0.544,0.6216,1.0912,0.0538,0.9224,0.0551,1.0011,0.9771,0.0581,0.0507,0.0573,1.3161,0.0492,1.1909,1.0538,0.1406,0.7867,0.9116,0.0486,0.0594,1.4098,1.1739,0.0471,0.0536,1.1272,0.9817,0.0573,1.1836,0.0573,1.0422,0.0707,0.6373,0.3387,0.2258,0.0553,0.0508,0.0628,1.2951,1.2287,0.0477,0.0494,0.058,0.1086,0.9601,0.0603,0.9663,0.0536,1.3602,1.1433,1.4115,0.7456,0.0512,0.0564,0.578,0.0551,0.6099,0.9755,0.0616,0.0455,1.1754,0.0478,0.7606,0.0543,1.0219,0.0474,0.6949,0.1028,0.0528,1.3453,0.9275,0.0554,0.0557,0.1585,0.8433,0.9337,0.9357,0.0489,1.352,1.2969,1.0432,1.2433,0.0643,0.0467,1.0073,0.8878,1.1783,0.0497,1.0399,0.054,0.0541,0.8963,1.021,0.0552,0.8953,1.3996
80200.072,0.0561,0.5794,0.6683,1.0968,0.0535,0.938,0.0549,1.0113,0.9836,0.0577,0.0505,0.0572,1.3109,0.0492,1.1945,1.0574,0.1484,0.7976,0.9151,0.0483,0.0592,1.4113,1.1765,0.047,0.0535,1.1292,0.9813,0.0572,1.1935,0.057,1.0436,0.0705,0.6424,0.3584,0.2509,0.0552,0.0514,0.0612,1.2979,1.2333,0.0475,0.0494,0.0577,0.1241,0.956,0.0602,0.9649,0.0537,1.3622,1.1427,1.4057,0.7718,0.0511,0.0563,0.5856,0.0553,0.6205,0.9755,0.0617,0.0454,1.1758,0.0478,0.75,0.0542,1.0192,0.0472,0.7306,0.1114,0.0527,1.3477,0.9293,0.0553,0.0556,0.1768,0.8522,0.9429,0.9476,0.0488,1.3556,1.297,1.0433,1.247,0.0677,0.0467,1.0179,0.8946,1.179,0.0496,1.0435,0.0542,0.0539,0.9187,1.018,0.0549,0.9077,1.4032
81132.717,0.0559,0.6212,0.7187,1.1046,0.0536,0.9544,0.0549,1.019,0.9895,0.0585,0.0507,0.0571,1.3135,0.0492,1.2008,1.0607,0.1574,0.8118,0.9179,0.0483,0.0594,1.4135,1.1769,0.0471,0.0536,1.1271,0.9859,0.0573,1.2009,0.0567,1.0429,0.0706,0.6554,0.3696,0.2455,0.0552,0.0484,0.0611,1.3022,1.2368,0.0474,0.0493,0.0581,0.1708,0.955,0.0598,0.9612,0.0534,1.3666,1.1413,1.4092,0.7926,0.051,0.0569,0.5937,0.0564,0.6387,0.9792,0.0619,0.0452,1.1732,0.0478,0.7355,0.054,1.0208,0.0476,0.7593,0.1199,0.0526,1.3504,0.9309,0.0553,0.0563,0.1888,0.8584,0.9573,0.9575,0.0486,1.3543,1.2935,1.0418,1.2493,0.0672,0.0466,1.0012,0.8972,1.1808,0.0495,1.045,0.0542,0.0539,0.942,1.0287,0.0549,0.9162,1.4011
82065.3,0.0556,0.67,0.7638,1.1131,0.0534,0.9662,0.0547,1.026,0.9964,0.0577,0.0529,0.0571,1.313,0.0491,1.2095,1.0649,0.1392,0.8215,0.9204,0.0481,0.0598,1.4115,1.1833,0.047,0.0534,1.1251,0.9855,0.0575,1.2077,0.0565,1.0441,0.0704,0.6663,0.3881,0.2312,0.0553,0.0483,0.0608,1.3066,1.2407,0.0475,0.0492,0.0575,0.1895,0.9549,0.0598,0.9586,0.0537,1.3703,1.142,1.408,0.8115,0.0515,0.0564,0.5981,0.0558,0.6597,0.9814,0.0622,0.0452,1.1757,0.0478,0.7537,0.0538,1.022,0.0474,0.7879,0.1316,0.0526,1.3527,0.9335,0.0553,0.0569,0.2322,0.8658,0.9863,0.9719,0.0485,1.3555,1.2941,1.045,1.2466,0.0649,0.0467,0.9921,0.9075,1.1857,0.0494,1.0482,0.0545,0.0539,0.9612,1.0354,0.055,0.9321,1.4
82998.039,0.0554,0.7144,0.7999,1.1192,0.0533,0.9796,0.0545,1.0305,1.0021,0.0575,0.0509,0.0571,1.3089,0.0491,1.2133,1.067,0.1439,0.8322,0.9231,0.0478,0.0602,1.4176,1.1851,0.047,0.0534,1.1261,0.9857,0.0575,1.215,0.0561,1.0432,0.0704,0.6809,0.4058,0.2691,0.0551,0.0482,0.0611,1.3106,1.246,0.0474,0.049,0.057,0.1889,0.9548,0.0595,0.9533,0.0534,1.3708,1.1418,1.4015,0.8319,0.052,0.0561,0.6002,0.0553,0.6652,0.9823,0.0625,0.0452,1.1778,0.0476,0.7485,0.0537,1.0245,0.0471,0.8151,0.1429,0.0524,1.3535,0.9346,0.0552,0.0573,0.2763,0.8676,0.9941,0.9909,0.0485,1.3609,1.2977,1.0479,1.2539,0.0634,0.0465,0.9814,0.9113,1.1881,0.0493,1.0532,0.0544,0.0539,0.9812,1.0365,0.0547,0.9404,1.4031
83930.648,0.0553,0.7587,0.8336,1.1282,0.0534,0.9902,0.0543,1.035,1.0086,0.0577,0.0505,0.0571,1.3073,0.0492,1.22,1.0703,0.1503,0.8427,0.9269,0.0482,0.0607,1.4234,1.1889,0.047,0.0535,1.1285,0.9886,0.0578,1.2246,0.0562,1.045,0.0704,0.6995,0.4178,0.269,0.0552,0.0493,0.0612,1.3135,1.2525,0.0475,0.0492,0.0571,0.1415,0.9573,0.0595,0.9526,0.0535,1.372,1.1394,1.4093,0.8495,0.0512,0.0564,0.6002,0.0559,0.6737,0.9862,0.0631,0.0453,1.18,0.0478,0.7628,0.0541,1.0281,0.0475,0.8396,0.1574,0.0525,1.3551,0.937,0.0554,0.0582,0.3014,0.8728,0.9968,1.0077,0.0486,1.3641,1.3024,1.0535,1.2619,0.0632,0.0469,0.9715,0.9176,1.1891,0.0496,1.0591,0.055,0.054,0.9989,1.0421,0.055,0.9485,1.4032
84863.247,0.0551,0.8008,0.8661,1.1366,0.053,1,0.0541,1.0403,1.0131,0.0574,0.0501,0.057,1.3056,0.049,1.2312,1.07,0.1555,0.852,0.9307,0.0481,0.0612,1.4278,1.1953,0.0468,0.0534,1.1346,0.9919,0.0581,1.2357,0.0558,1.047,0.0706,0.7185,0.4451,0.2749,0.0552,0.0493,0.0613,1.3169,1.2575,0.0474,0.0492,0.0565,0.1931,0.9608,0.0594,0.9524,0.0535,1.3775,1.1369,1.4091,0.8721,0.051,0.0575,0.6103,0.0562,0.6883,0.9897,0.0631,0.045,1.1819,0.0476,0.7755,0.0535,1.0305,0.0473,0.8644,0.1747,0.0523,1.3579,0.9382,0.0553,0.0584,0.3737,0.8751,0.9921,1.0252,0.0483,1.3677,1.3033,1.0574,1.2697,0.0631,0.0465,0.9779,0.919,1.1905,0.0493,1.0586,0.0545,0.0538,1.0149,1.0485,0.0547,0.9555,1.402
85795.967,0.055,0.8391,0.897,1.144,0.0536,1.0078,0.054,1.0412,1.0179,0.057,0.0498,0.0571,1.3064,0.0491,1.2378,1.066,0.1328,0.8635,0.9323,0.048,0.062,1.4257,1.1974,0.0469,0.0536,1.1377,0.9929,0.0583,1.2444,0.0558,1.0484,0.0704,0.7436,0.4427,0.2978,0.0552,0.0483,0.0613,1.3205,1.2612,0.0476,0.0491,0.056,0.1787,0.9633,0.0592,0.9509,0.0536,1.379,1.1311,1.4078,0.8914,0.0517,0.0592,0.6167,0.0599,0.7013,0.992,0.0639,0.0452,1.1814,0.0477,0.7604,0.0537,1.0352,0.0473,0.8813,0.1959,0.0524,1.3584,0.9385,0.0555,0.0596,0.4053,0.8763,0.9861,1.0474,0.0483,1.3716,1.3057,1.0594,1.278,0.0636,0.0465,0.9851,0.9208,1.1927,0.0493,1.0587,0.0545,0.0536,1.0291,1.0501,0.055,0.9652,1.4032
86728.554,0.0548,0.8697,0.9247,1.1492,0.0535,1.017,0.054,1.0466,1.0206,0.0561,0.0498,0.057,1.302,0.049,1.2482,1.0597,0.1273,0.8765,0.9322,0.0482,0.0628,1.4318,1.2014,0.0468,0.0535,1.1389,0.9953,0.0584,1.2555,0.0557,1.0471,0.0703,0.7696,0.4167,0.3245,0.0552,0.0481,0.0614,1.3235,1.2671,0.0473,0.049,0.0562,0.2379,0.9679,0.0592,0.9531,0.0535,1.3765,1.1204,1.4025,0.908,0.0511,0.0587,0.6241,0.0606,0.7108,0.9936,0.0643,0.0453,1.1809,0.0478,0.7595,0.0537,1.037,0.0474,0.9026,0.2149,0.0523,1.3587,0.9389,0.0553,0.0609,0.4525,0.8779,0.9996,1.0687,0.0482,1.3734,1.3062,1.0591,1.2812,0.0686,0.0465,1.0015,0.9281,1.1927,0.0493,1.0592,0.0548,0.0545,1.0449,1.0497,0.0549,0.9746,1.4011
87661.18,0.0548,0.9007,0.9494,1.1565,0.0538,1.0331,0.0539,1.0564,1.0225,0.0559,0.0498,0.0571,1.3003,0.0489,1.2548,1.0523,0.1323,0.8889,0.9318,0.048,0.0635,1.4319,1.2066,0.0469,0.0531,1.1422,0.9986,0.0589,1.263,0.0555,1.0504,0.0701,0.7893,0.4382,0.3518,0.0551,0.049,0.0608,1.326,1.2738,0.0473,0.0493,0.0555,0.2252,0.97,0.0591,0.9516,0.0535,1.3756,1.1197,1.404,0.9281,0.0513,0.0595,0.6312,0.057,0.7253,0.9945,0.0649,0.0454,1.182,0.0476,0.7634,0.0535,1.0419,0.0474,0.9173,0.237,0.0522,1.3581,0.9434,0.0553,0.0621,0.4765,0.8798,1.0031,1.0876,0.0483,1.3773,1.3051,1.0569,1.2849,0.0661,0.0466,1.0081,0.9386,1.1923,0.0495,1.0701,0.0552,0.054,1.0501,1.0533,0.055,0.9853,1.4018
88593.742,0.0548,0.924,0.9696,1.1598,0.0537,1.0486,0.0539,1.0621,1.024,0.0558,0.0499,0.0571,1.2988,0.0489,1.2603,1.0509,0.1325,0.9018,0.9335,0.0481,0.0645,1.4338,1.2108,0.0469,0.0532,1.1463,1.0028,0.0594,1.2745,0.0557,1.0564,0.0702,0.8155,0.4601,0.3527,0.0552,0.0483,0.0608,1.3306,1.2787,0.0475,0.0491,0.0555,0.3093,0.9743,0.0591,0.9517,0.0534,1.3785,1.1185,1.4054,0.9486,0.0512,0.0605,0.6448,0.0571,0.7443,0.9977,0.0657,0.0454,1.1855,0.0476,0.7743,0.0536,1.0476,0.047,0.9347,0.26,0.0523,1.3578,0.9469,0.0552,0.0645,0.5098,0.8815,1.014,1.1104,0.0483,1.3757,1.3062,1.0566,1.2881,0.0665,0.0467,1.0077,0.9371,1.195,0.0494,1.0812,0.0553,0.0536,1.0447,1.0561,0.055,0.994,1.3967
89526.402,0.0546,0.9544,0.9951,1.1652,0.0539,1.0629,0.0538,1.0709,1.0245,0.0557,0.0497,0.057,1.3007,0.0491,1.2661,1.055,0.1922,0.9178,0.9331,0.0481,0.0661,1.4339,1.2147,0.0472,0.0532,1.1493,1.0016,0.0599,1.2828,0.0553,1.0584,0.0701,0.8293,0.4836,0.3408,0.0551,0.0504,0.0602,1.3331,1.2845,0.0475,0.0492,0.0548,0.3207,0.98,0.0591,0.9504,0.0538,1.3838,1.1161,1.407,0.9688,0.0512,0.0695,0.6536,0.0584,0.7605,0.9999,0.0662,0.0453,1.1918,0.0477,0.7849,0.0535,1.0508,0.047,0.9475,0.288,0.0523,1.359,0.9489,0.0553,0.0654,0.5719,0.8777,1.0189,1.1291,0.0481,1.3796,1.3069,1.0575,1.2923,0.0676,0.0466,1.0165,0.9359,1.1964,0.0494,1.0916,0.0556,0.0536,1.0523,1.0577,0.0549,1.0084,1.3983
90458.863,0.0541,0.9737,1.0114,1.1717,0.0537,1.0784,0.0537,1.0766,1.021,0.0556,0.0497,0.0571,1.2943,0.049,1.2709,1.0595,0.1828,0.9268,0.9339,0.048,0.0617,1.434,1.2196,0.0469,0.0532,1.1496,1.0062,0.0605,1.2918,0.0551,1.0618,0.0701,0.8471,0.5087,0.34,0.0552,0.0483,0.0601,1.3345,1.2861,0.0473,0.0491,0.0551,0.3427,0.9831,0.059,0.9514,0.0536,1.385,1.1144,1.4092,0.9857,0.0513,0.1204,0.6715,0.0699,0.7858,1.0042,0.0673,0.0451,1.1969,0.0476,0.8018,0.0536,1.0577,0.047,0.9595,0.3182,0.0521,1.357,0.9515,0.0553,0.0662,0.6587,0.8689,1.0493,1.1469,0.0481,1.3843,1.3065,1.0558,1.2972,0.0654,0.0467,1.0337,0.9343,1.2001,0.0493,1.0931,0.056,0.0534,1.058,1.0598,0.0549,1.0233,1.3993
91391.404,0.0541,0.9956,1.026,1.1763,0.0538,1.0945,0.0536,1.0794,1.0165,0.0555,0.0497,0.0572,1.2928,0.0491,1.274,1.0603,0.161,0.9329,0.9333,0.0481,0.0604,1.4406,1.2252,0.047,0.0532,1.1544,1.0081,0.0613,1.3,0.0552,1.0653,0.07,0.8586,0.5263,0.3274,0.0554,0.0483,0.0603,1.3372,1.2911,0.0476,0.0492,0.0551,0.3465,0.9886,0.0591,0.9517,0.0537,1.3844,1.1095,1.4079,0.997,0.0512,0.1471,0.6731,0.072,0.7987,1.0068,0.0687,0.0452,1.1995,0.0477,0.8165,0.0536,1.0603,0.0472,0.9679,0.3455,0.0523,1.3565,0.9589,0.0554,0.0687,0.7111,0.863,1.0577,1.1565,0.0482,1.3798,1.3024,1.0509,1.3007,0.0623,0.0468,1.0318,0.9389,1.2035,0.0494,1.1039,0.0567,0.0537,1.0709,1.063,0.0552,1.0391,1.3983
92324.02,0.0539,1.0104,1.0373,1.1797,0.0535,1.1065,0.0534,1.0816,1.016,0.0551,0.0496,0.0571,1.2947,0.0488,1.2802,1.0479,0.1834,0.9442,0.9353,0.0479,0.0615,1.4429,1.2273,0.047,0.0529,1.1538,1.0105,0.0618,1.3061,0.0552,1.0677,0.0699,0.8689,0.541,0.318,0.0551,0.0482,0.0617,1.3414,1.2952,0.0472,0.049,0.0539,0.3471,0.9924,0.0589,0.9523,0.0535,1.3845,1.1044,1.4036,1.0031,0.051,0.1741,0.6749,0.089,0.8068,1.0067,0.0698,0.0451,1.2065,0.0476,0.8315,0.0532,1.0663,0.0469,0.9748,0.3817,0.0521,1.3552,0.9639,0.0552,0.0714,0.7064,0.8664,1.0538,1.1636,0.048,1.3788,1.3031,1.0479,1.3026,0.0622,0.0465,1.009,0.9401,1.2065,0.0492,1.1062,0.0567,0.0533,1.0852,1.0633,0.055,1.0575,1.398