Name,Sample,Target,tech1,tech1_well,outlier_tech1,tech2,tech2_well,outlier_tech2,tech3,tech3_well,outlier_tech3,cq_min,cq_max,cq_range,range_flag,note
0hpi-Mock,16,FRK1,26.56,M02,FALSE,27.22,M07,FALSE,26.9,M12,FALSE,26.56,27.22,0.6600000000000001,FALSE,
0hpi-Mock,16,PP2A,25.2,M17,TRUE,26.03,N17,FALSE,26.12,M22,FALSE,25.2,26.12,0.9200000000000017,TRUE,"rep1,range"
0hpi-Mock,16,WRKY29,26.58,N02,FALSE,27.05,N07,FALSE,27.12,N12,FALSE,26.58,27.12,0.5400000000000027,FALSE,
0hpi-OBC,31,FRK1,28.06,I04,FALSE,27.85,I09,FALSE,27.83,I14,FALSE,27.83,28.06,0.23000000000000043,FALSE,
0hpi-OBC,31,PP2A,26.05,I19,FALSE,26.14,J19,FALSE,26.24,I24,FALSE,26.05,26.24,0.18999999999999773,FALSE,
0hpi-OBC,31,WRKY29,26.81,J04,FALSE,26.46,J09,FALSE,26.61,J14,FALSE,26.46,26.81,0.34999999999999787,FALSE,
0hpi-WT,01,FRK1,28.93,A01,FALSE,28.84,A05,FALSE,28.58,A11,FALSE,28.58,28.93,0.3500000000000014,FALSE,
0hpi-WT,01,PP2A,25.99,A16,FALSE,26.27,B16,FALSE,26.19,A21,FALSE,25.99,26.27,0.28000000000000114,FALSE,
0hpi-WT,01,WRKY29,27.98,B01,FALSE,27.59,B05,FALSE,27.55,B11,FALSE,27.55,27.98,0.4299999999999997,FALSE,
0hpi-rmlC,17,FRK1,26.88,O02,FALSE,26.46,O07,FALSE,27.17,O12,FALSE,26.46,27.17,0.7100000000000009,FALSE,
0hpi-rmlC,17,PP2A,25.06,O17,FALSE,25.45,P17,FALSE,25.58,O22,FALSE,25.06,25.58,0.5199999999999996,FALSE,
0hpi-rmlC,17,WRKY29,26.26,P02,FALSE,26.67,P07,FALSE,26.74,P12,FALSE,26.26,26.74,0.4799999999999969,FALSE,
0hpi-tagG,32,FRK1,27.74,K04,FALSE,27.38,K09,FALSE,27.58,K14,FALSE,27.38,27.74,0.35999999999999943,FALSE,
0hpi-tagG,32,PP2A,25.38,K19,FALSE,25.57,L19,FALSE,25.77,K24,FALSE,25.38,25.77,0.39000000000000057,FALSE,
0hpi-tagG,32,WRKY29,26.92,L04,FALSE,26.87,L09,FALSE,26.63,L14,FALSE,26.63,26.92,0.2900000000000027,FALSE,
0hpi-wfgD,18,FRK1,26.79,A03,FALSE,26,A08,TRUE,26.56,A13,FALSE,26,26.79,0.7899999999999991,TRUE,"rep2,range"
0hpi-wfgD,18,PP2A,25.54,A18,FALSE,25.51,B18,FALSE,25.86,A23,FALSE,25.51,25.86,0.34999999999999787,FALSE,
0hpi-wfgD,18,WRKY29,26.14,B03,FALSE,25.83,B08,FALSE,26.19,B13,FALSE,25.83,26.19,0.360000000000003,FALSE,
10hpi-Mock,06,FRK1,27.02,K01,FALSE,27.24,K05,FALSE,26.37,K11,TRUE,26.37,27.24,0.8699999999999974,TRUE,"rep3,range"
10hpi-Mock,06,PP2A,25.34,K16,FALSE,26.2,L16,TRUE,25.69,K21,FALSE,25.34,26.2,0.8599999999999994,TRUE,"rep2,range"
10hpi-Mock,06,WRKY29,27.36,L01,FALSE,27.62,L05,FALSE,27.54,L11,FALSE,27.36,27.62,0.26000000000000156,FALSE,
10hpi-OBC,22,FRK1,26.2,I03,FALSE,26.03,I08,FALSE,26.22,I13,FALSE,26.03,26.22,0.18999999999999773,FALSE,
10hpi-OBC,22,PP2A,26.08,I18,FALSE,26.49,J18,FALSE,26.83,I23,FALSE,26.08,26.83,0.75,FALSE,
10hpi-OBC,22,WRKY29,27.81,J03,FALSE,27.21,J08,FALSE,27.5,J13,FALSE,27.21,27.81,0.5999999999999979,FALSE,
10hpi-WT,07,FRK1,25.45,M01,FALSE,25.93,M05,FALSE,24.84,M11,TRUE,24.84,25.93,1.0899999999999999,TRUE,"rep3,range"
10hpi-WT,07,PP2A,24.89,M16,TRUE,26.06,N16,TRUE,25.46,M21,TRUE,24.89,26.06,1.1699999999999982,TRUE,"rep1,rep2,rep3,range"
10hpi-WT,07,WRKY29,26.5,N01,FALSE,26.79,N05,FALSE,26.32,N11,FALSE,26.32,26.79,0.46999999999999886,FALSE,
10hpi-rmlC,08,FRK1,26.36,O01,TRUE,27.07,O05,TRUE,25.82,O11,TRUE,25.82,27.07,1.25,TRUE,"rep1,rep2,rep3,range"
10hpi-rmlC,08,PP2A,25.49,O16,FALSE,25.95,P16,FALSE,25.58,O21,FALSE,25.49,25.95,0.46000000000000085,FALSE,
10hpi-rmlC,08,WRKY29,27.44,P01,FALSE,27.29,P05,FALSE,27.16,P11,FALSE,27.16,27.44,0.28000000000000114,FALSE,
10hpi-tagG,38,FRK1,24.72,G06,FALSE,24.61,G10,FALSE,24.48,G15,FALSE,24.48,24.72,0.23999999999999844,FALSE,
10hpi-tagG,38,PP2A,25.7,G20,FALSE,25.85,H20,FALSE,26.09,H21,FALSE,25.7,26.09,0.39000000000000057,FALSE,
10hpi-tagG,38,WRKY29,26.24,H06,FALSE,26.42,H10,FALSE,26.7,H15,FALSE,26.24,26.7,0.46000000000000085,FALSE,
10hpi-wfgD,09,FRK1,25.38,A02,FALSE,25.58,A07,FALSE,26.36,A12,TRUE,25.38,26.36,0.9800000000000004,TRUE,"rep3,range"
10hpi-wfgD,09,PP2A,25.49,A17,FALSE,26.04,B17,FALSE,25.94,A22,FALSE,25.49,26.04,0.5500000000000007,FALSE,
10hpi-wfgD,09,WRKY29,26.31,B02,TRUE,26.85,B07,FALSE,26.93,B12,FALSE,26.31,26.93,0.620000000000001,FALSE,rep1
24hpi-Mock,10,FRK1,26.11,C02,FALSE,26.21,C07,FALSE,26.79,C12,TRUE,26.11,26.79,0.6799999999999997,FALSE,rep3
24hpi-Mock,10,PP2A,25.1,C17,TRUE,25.63,D17,FALSE,25.76,C22,FALSE,25.1,25.76,0.6600000000000001,FALSE,rep1
24hpi-Mock,10,WRKY29,28.12,D02,FALSE,27.77,D07,FALSE,28.17,D12,FALSE,27.77,28.17,0.40000000000000213,FALSE,
24hpi-OBC,23,FRK1,25.35,K03,FALSE,24.88,K08,FALSE,24.91,K13,FALSE,24.88,25.35,0.4700000000000024,FALSE,
24hpi-OBC,23,PP2A,24.96,K18,FALSE,25.29,L18,FALSE,25.76,K23,FALSE,24.96,25.76,0.8000000000000007,TRUE,range
24hpi-OBC,23,WRKY29,27.78,L03,FALSE,27.45,L08,FALSE,27.79,L13,FALSE,27.45,27.79,0.33999999999999986,FALSE,
24hpi-WT,39,FRK1,26.23,I06,FALSE,25.71,I10,FALSE,26.1,I15,FALSE,25.71,26.23,0.5199999999999996,FALSE,
24hpi-WT,39,PP2A,25.57,I20,FALSE,25.46,J20,FALSE,26.04,J21,FALSE,25.46,26.04,0.5799999999999983,FALSE,
24hpi-WT,39,WRKY29,27.79,J06,FALSE,27.85,J10,FALSE,28.37,J15,TRUE,27.79,28.37,0.5800000000000018,FALSE,rep3
24hpi-rmlC,24,FRK1,25,M03,FALSE,24.98,M08,FALSE,25.05,M13,FALSE,24.98,25.05,0.07000000000000028,FALSE,
24hpi-rmlC,24,PP2A,25.2,M18,FALSE,25.5,N18,FALSE,26.33,M23,TRUE,25.2,26.33,1.129999999999999,TRUE,"rep3,range"
24hpi-rmlC,24,WRKY29,27.37,N03,FALSE,27.32,N08,FALSE,27.44,N13,FALSE,27.32,27.44,0.120000000000001,FALSE,
24hpi-tagG,40,FRK1,25.43,K06,FALSE,24.96,K10,FALSE,25.05,K15,FALSE,24.96,25.43,0.46999999999999886,FALSE,
24hpi-tagG,40,PP2A,25.4,K20,FALSE,25.8,L20,FALSE,26.3,L21,FALSE,25.4,26.3,0.9000000000000021,TRUE,range
24hpi-tagG,40,WRKY29,27.06,L06,TRUE,28.26,L10,FALSE,27.97,L15,FALSE,27.06,28.26,1.2000000000000028,TRUE,"rep1,range"
24hpi-wfgD,11,FRK1,25.29,E02,FALSE,25.54,E07,FALSE,25.88,E12,FALSE,25.29,25.88,0.5899999999999999,FALSE,
24hpi-wfgD,11,PP2A,24.76,E17,FALSE,25.19,F17,FALSE,25.33,E22,FALSE,24.76,25.33,0.5699999999999967,FALSE,
24hpi-wfgD,11,WRKY29,26.88,F02,FALSE,27.05,F07,FALSE,27.33,F12,FALSE,26.88,27.33,0.4499999999999993,FALSE,
2hpi-Mock,19,FRK1,25,C03,FALSE,24.69,C08,FALSE,24.94,C13,FALSE,24.69,25,0.3099999999999987,FALSE,
2hpi-Mock,19,PP2A,25.42,C18,FALSE,25.43,D18,FALSE,26.07,C23,TRUE,25.42,26.07,0.6499999999999986,FALSE,rep3
2hpi-Mock,19,WRKY29,26.26,D03,FALSE,26,D08,FALSE,26.4,D13,FALSE,26,26.4,0.3999999999999986,FALSE,
2hpi-OBC,33,FRK1,24.34,M04,FALSE,24.14,M09,FALSE,23.79,M14,FALSE,23.79,24.34,0.5500000000000007,FALSE,
2hpi-OBC,33,PP2A,25.27,M19,TRUE,25.86,N19,FALSE,26.05,M24,FALSE,25.27,26.05,0.7800000000000011,TRUE,"rep1,range"
2hpi-OBC,33,WRKY29,25.77,N04,FALSE,25.72,N09,FALSE,25.21,N14,TRUE,25.21,25.77,0.5599999999999987,FALSE,rep3
2hpi-WT,02,FRK1,24.03,C01,FALSE,24.17,C05,FALSE,23.75,C11,FALSE,23.75,24.17,0.4200000000000017,FALSE,
2hpi-WT,02,PP2A,25.21,C16,FALSE,25.71,D16,FALSE,25.49,C21,FALSE,25.21,25.71,0.5,FALSE,
2hpi-WT,02,WRKY29,25.58,D01,FALSE,25.47,D05,FALSE,25.82,D11,FALSE,25.47,25.82,0.3500000000000014,FALSE,
2hpi-rmlC,34,FRK1,24.8,O04,FALSE,24.44,O09,FALSE,24.2,O14,FALSE,24.2,24.8,0.6000000000000014,FALSE,
2hpi-rmlC,34,PP2A,25.54,O19,FALSE,25.87,P19,FALSE,26.32,O24,FALSE,25.54,26.32,0.7800000000000011,TRUE,range
2hpi-rmlC,34,WRKY29,26.31,P04,FALSE,25.86,P09,FALSE,25.75,P14,FALSE,25.75,26.31,0.5599999999999987,FALSE,
2hpi-tagG,20,FRK1,23.68,E03,FALSE,23.13,E08,FALSE,23.48,E13,FALSE,23.13,23.68,0.5500000000000007,FALSE,
2hpi-tagG,20,PP2A,24.98,E18,FALSE,25.32,F18,FALSE,25.75,E23,FALSE,24.98,25.75,0.7699999999999996,TRUE,range
2hpi-tagG,20,WRKY29,25.44,F03,FALSE,25.14,F08,FALSE,25.48,F13,FALSE,25.14,25.48,0.33999999999999986,FALSE,
2hpi-wfgD,21,FRK1,24.52,G03,FALSE,24.3,G08,FALSE,24.67,G13,FALSE,24.3,24.67,0.370000000000001,FALSE,
2hpi-wfgD,21,PP2A,24.97,G18,FALSE,25.22,H18,FALSE,25.69,G23,FALSE,24.97,25.69,0.7200000000000024,FALSE,
2hpi-wfgD,21,WRKY29,25.61,H03,FALSE,25.58,H08,FALSE,25.62,H13,FALSE,25.58,25.62,0.0400000000000027,FALSE,
48hpi-Mock,41,FRK1,25.93,M06,FALSE,25.08,M10,TRUE,25.64,M15,FALSE,25.08,25.93,0.8500000000000014,TRUE,"rep2,range"
48hpi-Mock,41,PP2A,25.41,M20,FALSE,25.7,N20,FALSE,26,N21,FALSE,25.41,26,0.5899999999999999,FALSE,
48hpi-Mock,41,WRKY29,27.09,N06,FALSE,27.22,N10,FALSE,27.42,N15,FALSE,27.09,27.42,0.33000000000000185,FALSE,
48hpi-OBC,26,FRK1,26.56,A04,FALSE,26.15,A09,FALSE,26.02,A14,FALSE,26.02,26.56,0.5399999999999991,FALSE,
48hpi-OBC,26,PP2A,25.57,A19,FALSE,25.45,B19,FALSE,25.65,A24,FALSE,25.45,25.65,0.1999999999999993,FALSE,
48hpi-OBC,26,WRKY29,26.94,B04,FALSE,26.55,B09,FALSE,27.02,B14,FALSE,26.55,27.02,0.46999999999999886,FALSE,
48hpi-WT,25,FRK1,24.1,O03,FALSE,24.27,O08,FALSE,24.16,O13,FALSE,24.1,24.27,0.16999999999999815,FALSE,
48hpi-WT,25,PP2A,25.18,O18,TRUE,26,P18,FALSE,26.44,O23,FALSE,25.18,26.44,1.2600000000000016,TRUE,"rep1,range"
48hpi-WT,25,WRKY29,26.4,P03,FALSE,26.11,P08,FALSE,26.29,P13,FALSE,26.11,26.4,0.28999999999999915,FALSE,
48hpi-rmlC,42,FRK1,24.96,O06,TRUE,23.74,O10,TRUE,24.36,O15,TRUE,23.74,24.96,1.2200000000000024,TRUE,"rep1,rep2,rep3,range"
48hpi-rmlC,42,PP2A,24.58,O20,FALSE,24.75,P20,FALSE,25.47,P21,TRUE,24.58,25.47,0.8900000000000006,TRUE,"rep3,range"
48hpi-rmlC,42,WRKY29,26.73,P06,FALSE,27.39,P10,FALSE,27.23,P15,FALSE,26.73,27.39,0.6600000000000001,FALSE,
48hpi-tagG,27,FRK1,26.8,C04,TRUE,26.04,C09,FALSE,25.81,C14,FALSE,25.81,26.8,0.990000000000002,TRUE,"rep1,range"
48hpi-tagG,27,PP2A,25.46,C19,FALSE,25.64,D19,FALSE,25.74,C24,FALSE,25.46,25.74,0.2799999999999976,FALSE,
48hpi-tagG,27,WRKY29,26.57,D04,FALSE,25.97,D09,FALSE,26.37,D14,FALSE,25.97,26.57,0.6000000000000014,FALSE,
48hpi-wfgD,43,FRK1,27.13,B22,FALSE,25.17,B23,TRUE,26.74,B24,FALSE,25.17,27.13,1.9599999999999973,TRUE,"rep2,range"
48hpi-wfgD,43,PP2A,26.62,F22,FALSE,26.92,F23,FALSE,24.54,F24,TRUE,24.54,26.92,2.3800000000000026,TRUE,"rep3,range"
48hpi-wfgD,43,WRKY29,28.16,D22,FALSE,27.63,D23,FALSE,27.77,D24,FALSE,27.63,28.16,0.5300000000000011,FALSE,
6hpi-Mock,03,FRK1,25.74,E01,FALSE,25.79,E05,FALSE,25.44,E11,FALSE,25.44,25.79,0.34999999999999787,FALSE,
6hpi-Mock,03,PP2A,25.61,E16,FALSE,25.74,F16,FALSE,25.84,E21,FALSE,25.61,25.84,0.23000000000000043,FALSE,
6hpi-Mock,03,WRKY29,26.35,F01,FALSE,26.56,F05,FALSE,26.25,F11,FALSE,26.25,26.56,0.3099999999999987,FALSE,
6hpi-OBC,05,FRK1,26.31,I01,TRUE,26.96,I05,TRUE,25.74,I11,TRUE,25.74,26.96,1.2200000000000024,TRUE,"rep1,rep2,rep3,range"
6hpi-OBC,05,PP2A,25.77,I16,FALSE,26.14,J16,FALSE,25.99,I21,FALSE,25.77,26.14,0.370000000000001,FALSE,
6hpi-OBC,05,WRKY29,26.45,J01,FALSE,26.44,J05,FALSE,26.49,J11,FALSE,26.44,26.49,0.04999999999999716,FALSE,
6hpi-WT,04,FRK1,25.27,G01,FALSE,25.53,G05,FALSE,24.98,G11,FALSE,24.98,25.53,0.5500000000000007,FALSE,
6hpi-WT,04,PP2A,26.21,G16,FALSE,26.81,H16,FALSE,26.37,G21,FALSE,26.21,26.81,0.5999999999999979,FALSE,
6hpi-WT,04,WRKY29,26.56,H01,FALSE,26.4,H05,FALSE,26.63,H11,FALSE,26.4,26.63,0.23000000000000043,FALSE,
6hpi-rmlC,37,FRK1,25.35,E06,FALSE,24.85,E10,FALSE,25.12,E15,FALSE,24.85,25.35,0.5,FALSE,
6hpi-rmlC,37,PP2A,25.93,E20,FALSE,25.89,F20,FALSE,26.62,F21,TRUE,25.89,26.62,0.7300000000000004,FALSE,rep3
6hpi-rmlC,37,WRKY29,26.17,F06,FALSE,26.67,F10,FALSE,26.27,F15,FALSE,26.17,26.67,0.5,FALSE,
6hpi-tagG,35,FRK1,24.58,A06,FALSE,24.29,A10,FALSE,24.23,A15,FALSE,24.23,24.58,0.34999999999999787,FALSE,
6hpi-tagG,35,PP2A,26.41,A20,TRUE,25.86,B20,TRUE,27.13,B21,TRUE,25.86,27.13,1.2699999999999996,TRUE,"rep1,rep2,rep3,range"
6hpi-tagG,35,WRKY29,25.21,B06,TRUE,26.51,B10,FALSE,26.27,B15,FALSE,25.21,26.51,1.3000000000000007,TRUE,"rep1,range"
6hpi-wfgD,36,FRK1,23.36,C06,FALSE,22.52,C10,TRUE,23.17,C15,FALSE,22.52,23.36,0.8399999999999999,TRUE,"rep2,range"
6hpi-wfgD,36,PP2A,25.73,C20,FALSE,25.67,D20,FALSE,26.67,D21,TRUE,25.67,26.67,1,TRUE,"rep3,range"
6hpi-wfgD,36,WRKY29,24.41,D06,TRUE,25.04,D10,TRUE,25.87,D15,TRUE,24.41,25.87,1.4600000000000009,TRUE,"rep1,rep2,rep3,range"
72hpi-Mock,12,FRK1,27.11,G02,FALSE,27.51,G07,FALSE,27.4,G12,FALSE,27.11,27.51,0.40000000000000213,FALSE,
72hpi-Mock,12,PP2A,25.91,G17,FALSE,26.12,H17,FALSE,25.97,G22,FALSE,25.91,26.12,0.21000000000000085,FALSE,
72hpi-Mock,12,WRKY29,26.82,H02,FALSE,26.85,H07,FALSE,27.08,H12,FALSE,26.82,27.08,0.259999999999998,FALSE,
72hpi-OBC,44,FRK1,25.65,H22,TRUE,26.28,H23,FALSE,26.63,H24,FALSE,25.65,26.63,0.9800000000000004,TRUE,"rep1,range"
72hpi-OBC,44,PP2A,25.81,L22,FALSE,26.21,L23,FALSE,26.18,L24,FALSE,25.81,26.21,0.40000000000000213,FALSE,
72hpi-OBC,44,WRKY29,26.46,J22,FALSE,27.55,J23,TRUE,26.74,J24,FALSE,26.46,27.55,1.0899999999999999,TRUE,"rep2,range"
72hpi-WT,28,FRK1,27.63,E04,FALSE,27.14,E09,FALSE,27.64,E14,FALSE,27.14,27.64,0.5,FALSE,
72hpi-WT,28,PP2A,26.79,E19,FALSE,27.2,F19,FALSE,27.12,E24,FALSE,26.79,27.2,0.41000000000000014,FALSE,
72hpi-WT,28,WRKY29,26.23,F04,FALSE,26.26,F09,FALSE,26.34,F14,FALSE,26.23,26.34,0.10999999999999943,FALSE,
72hpi-rmlC,13,FRK1,26.62,I02,FALSE,26.52,I07,FALSE,26.94,I12,FALSE,26.52,26.94,0.4200000000000017,FALSE,
72hpi-rmlC,13,PP2A,25.39,I17,FALSE,25.57,J17,FALSE,25.7,I22,FALSE,25.39,25.7,0.3099999999999987,FALSE,
72hpi-rmlC,13,WRKY29,26.39,J02,FALSE,26.84,J07,FALSE,26.83,J12,FALSE,26.39,26.84,0.4499999999999993,FALSE,
72hpi-tagG,14,FRK1,25.99,K02,FALSE,26.24,K07,FALSE,26.67,K12,FALSE,25.99,26.67,0.6800000000000033,FALSE,
72hpi-tagG,14,PP2A,25.69,K17,FALSE,26.12,L17,FALSE,26.09,K22,FALSE,25.69,26.12,0.4299999999999997,FALSE,
72hpi-tagG,14,WRKY29,26.66,L02,FALSE,27.12,L07,FALSE,27.33,L12,FALSE,26.66,27.33,0.6699999999999982,FALSE,
72hpi-wfgD,29,FRK1,26.63,G04,FALSE,26.93,G09,FALSE,26.65,G14,FALSE,26.63,26.93,0.3000000000000007,FALSE,
72hpi-wfgD,29,PP2A,27.48,G19,FALSE,27.18,H19,FALSE,27.4,G24,FALSE,27.18,27.48,0.3000000000000007,FALSE,
72hpi-wfgD,29,WRKY29,26.7,H04,FALSE,26.6,H09,FALSE,26.45,H14,FALSE,26.45,26.7,0.25,FALSE,
NA,NCT,FRK1,31.14,N24,FALSE,31.68,P22,FALSE,NA,NA,FALSE,31.14,31.68,0.5399999999999991,FALSE,
NA,NCT,PP2A,30.36,N22,FALSE,30.05,N23,FALSE,NA,NA,FALSE,30.05,30.36,0.3099999999999987,FALSE,
NA,NCT,WRKY29,31.11,P23,FALSE,30.03,P24,FALSE,NA,NA,FALSE,30.03,31.11,1.0799999999999983,TRUE,range
