"","strain","ecotype","batch","replicate","lux_0dpi","lux_7dpi","log_lux_7dpi","log_lux_0dpi","fold_change_7dpi","normalized_value_7dpi"
"1","buffer","Eyach","1",1,60,110.6666667,2.04401682911519,1.77815125038364,1.14951797754785,0.252872714135707
"2","buffer","Eyach","1",4,60,92.33333333,1.96535851432911,1.77815125038364,1.10528196850806,0.208636705095921
"3","buffer","Eyach","1",6,60,76,1.88081359228079,1.77815125038364,1.05773543835205,0.161090174939909
"4","buffer","Eyach","1",7,60,100.6666667,2.00288568838129,1.77815125038364,1.12638657029269,0.22974130688055
"5","buffer","Eyach","1",2,60,109.3333333,2.03875258885961,1.77815125038364,1.14655746434379,0.249912200931647
"6","buffer","Eyach","1",5,60,84.66666667,1.92771246191737,1.77815125038364,1.08411051169098,0.187465248278841
"7","buffer","Eyach","1",3,60,79,1.89762709129044,1.77815125038364,1.0671910451268,0.170545781714654
"8","buffer","Eyach","1",8,60,57,1.75587485567249,1.77815125038364,0.987472159802859,0.0908268963907167
"9","epsE","Eyach","1",2,430.555555533333,418.3333333,2.62152247106279,2.63402919738059,0.99525186496405,0.0986066015519069
"10","epsE","Eyach","1",8,430.555555533333,62.33333333,1.79472035179361,2.63402919738059,0.681359323419183,-0.215285939992959
"11","epsE","Eyach","1",7,430.555555533333,145,2.16136800223497,2.63402919738059,0.820555825419228,-0.0760894379929149
"12","epsE","Eyach","1",1,430.555555533333,470.6666667,2.67271344202688,2.63402919738059,1.01468633858909,0.118041075176952
"13","epsE","Eyach","1",5,430.555555533333,238.6666667,2.37779176764885,2.63402919738059,0.902720353295037,0.00607508988289474
"14","epsE","Eyach","1",6,430.555555533333,136,2.13353890837022,2.63402919738059,0.809990606972738,-0.0866546564394044
"15","epsE","Eyach","1",4,430.555555533333,87,1.93951925261862,2.63402919738059,0.736331721207713,-0.16031354220443
"16","epsE","Eyach","1",3,430.555555533333,127.6666667,2.10607751936235,2.63402919738059,0.799564986392992,-0.0970802770191509
"17","OBC","Eyach","1",3,312.333333333333,339.3333333,2.53062652323842,2.49461833616812,1.01443434714972,0.117789083737575
"18","OBC","Eyach","1",4,312.333333333333,107.3333333,2.03073461684129,2.49461833616812,0.8140462159677,-0.0825990474444424
"19","OBC","Eyach","1",1,312.333333333333,117,2.06818586174616,2.49461833616812,0.829059031500194,-0.067586231911949
"20","OBC","Eyach","1",9,312.333333333333,70.66666667,1.84921460622957,2.49461833616812,0.741281573785784,-0.155363689626358
"21","OBC","Eyach","1",5,312.333333333333,88.33333333,1.94612461920076,2.49461833616812,0.780129204930852,-0.11651605848129
"22","OBC","Eyach","1",2,312.333333333333,660.6666667,2.81998239545151,2.49461833616812,1.13042638810359,0.233781124691446
"23","OBC","Eyach","1",6,312.333333333333,84,1.92427928606188,2.49461833616812,0.77137222081743,-0.125273042594712
"24","OBC","Eyach","1",7,312.333333333333,77,1.88649072517248,2.49461833616812,0.756224187813133,-0.14042107559901
"25","OBC","Eyach","1",8,312.333333333333,65.66666667,1.81734497146398,2.49461833616812,0.728506218813226,-0.168139044598916
"26","rmlC","Eyach","1",3,232.777777766667,622.3333333,2.79402306320615,2.36694151784226,1.18043603618615,0.283790772774011
"27","rmlC","Eyach","1",2,232.777777766667,168.6666667,2.22702926220597,2.36694151784226,0.940889010319173,0.0442437469070307
"28","rmlC","Eyach","1",8,232.777777766667,84.66666667,1.92771246191737,2.36694151784226,0.8144318088918,-0.0822134545203429
"29","rmlC","Eyach","1",7,232.777777766667,92,1.96378782734556,2.36694151784226,0.829673151001962,-0.0669721124101802
"30","rmlC","Eyach","1",1,232.777777766667,217.6666667,2.33779192662192,2.36694151784226,0.987684701543909,0.0910394381317662
"31","rmlC","Eyach","1",6,232.777777766667,164,2.2148438480477,2.36694151784226,0.935740841652388,0.0390955782402458
"32","rmlC","Eyach","1",4,232.777777766667,303,2.4814426285023,2.36694151784226,1.04837513297093,0.151729869558792
"33","rmlC","Eyach","1",5,232.777777766667,207.6666667,2.31736679200922,2.36694151784226,0.979055365137101,0.0824101017249583
"34","tagG","Eyach","1",7,1214.00000033333,76,1.88081359228079,3.08421868685848,0.609818493187507,-0.286826770224636
"35","tagG","Eyach","1",2,1214.00000033333,254.6666667,2.40597210391287,3.08421868685848,0.78009128022097,-0.116553983191173
"36","tagG","Eyach","1",5,1214.00000033333,88.33333333,1.94612461920076,3.08421868685848,0.630994367388078,-0.265650896024065
"37","tagG","Eyach","1",8,1214.00000033333,75.33333333,1.87698718440852,3.08421868685848,0.608577852279463,-0.28806741113268
"38","tagG","Eyach","1",4,1214.00000033333,114.3333333,2.05817286519649,3.08421868685848,0.667323907337096,-0.229321356075046
"39","tagG","Eyach","1",1,1214.00000033333,71.66666667,1.85531720521614,3.08421868685848,0.601551768401328,-0.295093495010815
"40","tagG","Eyach","1",3,1214.00000033333,119,2.07554696139253,3.08421868685848,0.672957131813061,-0.223688131599082
"41","tagG","Eyach","1",6,1214.00000033333,75.33333333,1.87698718440852,3.08421868685848,0.608577852279463,-0.28806741113268
"42","wfgD","Eyach","1",5,1011.44444433333,1702,3.23095955574857,3.00494203324416,1.07521526871532,0.178570005303175
"43","wfgD","Eyach","1",7,1011.44444433333,78,1.89209460269048,3.00494203324416,0.629660932476545,-0.266984330935598
"44","wfgD","Eyach","1",4,1011.44444433333,594.6666667,2.77427359534479,3.00494203324416,0.923236975839318,0.0265917124271753
"45","wfgD","Eyach","1",1,1011.44444433333,6268.333333,3.79715208301566,3.00494203324416,1.26363571776332,0.366990454351181
"46","wfgD","Eyach","1",6,1011.44444433333,290.3333333,2.46289690023814,3.00494203324416,0.819615444488019,-0.077029818924124
"47","wfgD","Eyach","1",9,1011.44444433333,78.33333333,1.89394660753359,3.00494203324416,0.630277252133505,-0.266368011278638
"48","wfgD","Eyach","1",2,1011.44444433333,640,2.80617997398389,3.00494203324416,0.933854943935246,0.0372096805231039
"49","wfgD","Eyach","1",10,1011.44444433333,83,1.91907809237607,3.00494203324416,0.638640636373349,-0.258004627038793
"50","wfgD","Eyach","1",8,1011.44444433333,98.33333333,1.99270076124378,3.00494203324416,0.663141165186619,-0.233504098225523
"51","wfgD","Eyach","1",3,1011.44444433333,2432.666667,3.38608260436848,3.00494203324416,1.12683791131666,0.230192647904515
"52","wfgD","Eyach","1",11,1011.44444433333,209.6666667,2.32152939079465,3.00494203324416,0.772570440664479,-0.124074822747664
"53","WT","Eyach","1",5,226.333333333333,355.3333333,2.55063594993015,2.35474851956084,1.08318825927358,0.18654299586144
"54","WT","Eyach","1",10,226.333333333333,1044.666667,3.01897773755148,2.35474851956084,1.28208074555432,0.385435482142174
"55","WT","Eyach","1",7,226.333333333333,81.33333333,1.91026857160127,2.35474851956084,0.811241011824708,-0.0854042515874346
"56","WT","Eyach","1",6,226.333333333333,107,2.02938377768521,2.35474851956084,0.861826118936765,-0.0348191444753779
"57","WT","Eyach","1",9,226.333333333333,77.66666667,1.890234666325,2.35474851956084,0.802733137157901,-0.0939121262542413
"58","WT","Eyach","1",3,226.333333333333,112,2.04921802267018,2.35474851956084,0.870249203109112,-0.0263960603030304
"59","WT","Eyach","1",2,226.333333333333,1725,3.23678909940929,2.35474851956084,1.37457952410687,0.477934260694727
"60","WT","Eyach","1",8,226.333333333333,114,2.05690485133647,2.35474851956084,0.873513597842748,-0.0231316655693945
"61","WT","Eyach","1",4,226.333333333333,1435.666667,3.15705361714377,2.35474851956084,1.34071795392086,0.444072690508713
"62","WT","Eyach","1",1,226.333333333333,187.3333333,2.27261506077212,2.35474851956084,0.96512007201345,0.0684748086013077
"63","WT","Eyach","1",11,226.333333333333,76.66666667,1.88460658131681,2.35474851956084,0.800343036915166,-0.0963022264969766
"64","buffer","Eyach","2",3,60,77.33333333,1.88836673015252,1.77815125038364,1.06198318604511,NA
"65","buffer","Eyach","2",4,60,66.66666667,1.82390874096603,1.77815125038364,1.02573318246832,NA
"66","buffer","Eyach","2",7,60,103.3333333,2.01424043897452,1.77815125038364,1.13277227600292,NA
"67","buffer","Eyach","2",6,60,59,1.77085201164214,1.77815125038364,0.995895040570972,NA
"68","buffer","Eyach","2",9,60,59.66666667,1.77573177628449,1.77815125038364,0.998639331666174,NA
"69","buffer","Eyach","2",1,60,87,1.93951925261862,1.77815125038364,1.09075043655603,NA
"70","buffer","Eyach","2",10,60,61,1.78532983501077,1.77815125038364,1.00403710574428,NA
"71","buffer","Eyach","2",2,60,52.66666667,1.72153583226225,1.77815125038364,0.968160516092666,NA
"72","buffer","Eyach","2",8,60,57,1.75587485567249,1.77815125038364,0.987472159802859,NA
"73","buffer","Eyach","2",5,60,72.33333333,1.85933847910885,1.77815125038364,1.04565822435391,NA
"74","epsE","Eyach","2",1,206,83.33333333,1.920818753935,2.31386722036915,0.830133525824596,NA
"75","epsE","Eyach","2",3,206,75.33333333,1.87698718440852,2.31386722036915,0.81119053327056,NA
"76","epsE","Eyach","2",4,206,280.3333333,2.44767474102661,2.31386722036915,1.05782852165394,NA
"77","epsE","Eyach","2",9,206,63.66666667,1.8039121125508,2.31386722036915,0.779609174057536,NA
"78","epsE","Eyach","2",2,206,89,1.94939000664491,2.31386722036915,0.842481361715262,NA
"79","epsE","Eyach","2",8,206,70,1.84509804001426,2.31386722036915,0.79740878118317,NA
"80","epsE","Eyach","2",11,206,76.33333333,1.88271422760126,2.31386722036915,0.813665629137049,NA
"81","epsE","Eyach","2",5,206,74,1.86923171973098,2.31386722036915,0.807838800461835,NA
"82","epsE","Eyach","2",7,206,89,1.94939000664491,2.31386722036915,0.842481361715262,NA
"83","epsE","Eyach","2",12,206,89.33333333,1.95101353929292,2.31386722036915,0.843183015048572,NA
"84","epsE","Eyach","2",6,206,68,1.83250891270624,2.31386722036915,0.791968050964428,NA
"85","epsE","Eyach","2",10,206,79.33333333,1.8994557023186,2.31386722036915,0.82090090805451,NA
"86","OBC","Eyach","2",NA,126,NA,NA,2.10037054511756,NA,NA
"87","rmlC","Eyach","2",2,327,98.66666667,1.99417045635395,2.51454775266029,0.793053325093627,NA
"88","rmlC","Eyach","2",6,327,140.3333333,2.14716084101285,2.51454775266029,0.853895432584743,NA
"89","rmlC","Eyach","2",9,327,90.66666667,1.9574476493305,2.51454775266029,0.778449185249954,NA
"90","rmlC","Eyach","2",11,327,94.33333333,1.97466518078928,2.51454775266029,0.785296353469593,NA
"91","rmlC","Eyach","2",4,327,161.6666667,2.20862048397215,2.51454775266029,0.878337061459866,NA
"92","rmlC","Eyach","2",7,327,151.3333333,2.17993459804178,2.51454775266029,0.866929091219486,NA
"93","rmlC","Eyach","2",5,327,179.6666667,2.25446751054765,2.51454775266029,0.896569774092585,NA
"94","rmlC","Eyach","2",8,327,415,2.61804809671209,2.51454775266029,1.04116061981416,NA
"95","rmlC","Eyach","2",1,327,248,2.39445168082622,2.51454775266029,0.952239494474896,NA
"96","rmlC","Eyach","2",12,327,72,1.85733249643127,2.51454775266029,0.738634807975426,NA
"97","rmlC","Eyach","2",10,327,81.66666667,1.9120448296626,2.51454775266029,0.760393127408192,NA
"98","rmlC","Eyach","2",3,327,274,2.43775056282039,2.51454775266029,0.969458846125054,NA
"100","tagG","Eyach","2",6,203,62.66666667,1.79703659456712,2.30749603791321,0.778782093247827,NA
"101","tagG","Eyach","2",7,203,87,1.93951925261862,2.30749603791321,0.840529830063165,NA
"102","tagG","Eyach","2",11,203,60.33333333,1.78055732012553,2.30749603791321,0.771640466926122,NA
"103","tagG","Eyach","2",1,203,70.66666667,1.84921460622957,2.30749603791321,0.801394488157784,NA
"104","tagG","Eyach","2",8,203,80,1.90308998699194,2.30749603791321,0.824742472239738,NA
"105","tagG","Eyach","2",9,203,51.66666667,1.71321044347865,2.30749603791321,0.742454338091948,NA
"106","tagG","Eyach","2",10,203,72,1.85733249643127,2.30749603791321,0.804912539789645,NA
"107","tagG","Eyach","2",2,203,82.66666667,1.91733042612407,2.30749603791321,0.830913854074482,NA
"108","tagG","Eyach","2",12,203,65.33333333,1.81513481661466,2.30749603791321,0.786625323203664,NA
"109","tagG","Eyach","2",3,203,98.33333333,1.99270076124378,2.30749603791321,0.86357711064409,NA
"110","tagG","Eyach","2",4,203,74.33333333,1.87118360830902,2.30749603791321,0.810915198797581,NA
"111","tagG","Eyach","2",5,203,73,1.86332286012046,2.30749603791321,0.807508584849209,NA
"112","wfgD","Eyach","2",2,803,63.33333333,1.80163234621031,2.90471554527868,0.620243985383932,NA
"113","wfgD","Eyach","2",1,803,101.3333333,2.00575232874623,2.90471554527868,0.690515920571423,NA
"114","wfgD","Eyach","2",9,803,96.66666667,1.98527674319427,2.90471554527868,0.683466835994022,NA
"115","wfgD","Eyach","2",3,803,66.33333333,1.82173182166822,2.90471554527868,0.627163587370632,NA
"116","wfgD","Eyach","2",7,803,67,1.82607480270083,2.90471554527868,0.628658735850719,NA
"117","wfgD","Eyach","2",4,803,80.33333333,1.90489578783719,2.90471554527868,0.655794262172556,NA
"118","wfgD","Eyach","2",6,803,73,1.86332286012046,2.90471554527868,0.641482042243034,NA
"119","wfgD","Eyach","2",11,803,2650,3.42324587393681,2.90471554527868,1.1785132900538,NA
"120","wfgD","Eyach","2",12,803,253,2.40312052117582,2.90471554527868,0.827316989810533,NA
"121","wfgD","Eyach","2",5,803,60.66666667,1.78295013328927,2.90471554527868,0.613812301237992,NA
"122","wfgD","Eyach","2",8,803,186,2.26951294421792,2.90471554527868,0.781320204626156,NA
"123","WT","Eyach","2",6,210,329.6666667,2.51807503692143,2.32221929473392,1.08433989960881,NA
"124","WT","Eyach","2",2,210,79.66666667,1.90127664624665,2.32221929473392,0.81873260228186,NA
"125","WT","Eyach","2",3,210,109.3333333,2.03875258885961,2.32221929473392,0.877932843587544,NA
"126","WT","Eyach","2",4,210,126.6666667,2.10266234201144,2.32221929473392,0.90545382461494,NA
"127","WT","Eyach","2",7,210,171.3333333,2.23384186419112,2.32221929473392,0.961942685282475,NA
"128","WT","Eyach","2",9,210,72.66666667,1.86133523890486,2.32221929473392,0.801532931504704,NA
"129","WT","Eyach","2",11,210,242.3333333,2.38441315607964,2.32221929473392,1.02678207931816,NA
"130","WT","Eyach","2",8,210,58.66666667,1.76839141311916,2.32221929473392,0.761509224012277,NA
"131","WT","Eyach","2",5,210,69,1.83884909073726,2.32221929473392,0.791849888986454,NA
"132","WT","Eyach","2",1,210,129,2.11058971029925,2.32221929473392,0.908867528181089,NA
"133","WT","Eyach","2",12,210,89.66666667,1.95263102529889,2.32221929473392,0.840846956067783,NA
"134","buffer","Eyach","3",5,60,65.33333333,1.81513481661466,1.77815125038364,1.02079888660935,0.163165219816945
"135","buffer","Eyach","3",4,60,61.66666667,1.79005047370683,1.77815125038364,1.00669190729451,0.149058240502099
"136","buffer","Eyach","3",6,60,52,1.7160033436348,1.77815125038364,0.96504914487143,0.10741547807902
"137","buffer","Eyach","3",2,60,66,1.81954393554187,1.77815125038364,1.02327849509388,0.165644828301466
"138","buffer","Eyach","3",1,60,54.66666667,1.73772259335452,1.77815125038364,0.977263656834364,0.119629990041954
"139","buffer","Eyach","3",3,60,74.33333333,1.87118360830902,1.77815125038364,1.05231971009514,0.194686043302728
"140","buffer","Eyach","3",7,60,56.66666667,1.75332766668416,1.77815125038364,0.986039666932647,0.128406000140237
"141","buffer","Eyach","3",8,60,68.66666667,1.83674596567057,1.77815125038364,1.03295260472037,0.175318937927963
"142","spsA","Eyach","3",2,531,97.33333333,1.98826159671388,2.72509452108147,0.72961197541318,-0.128021691379231
"143","spsA","Eyach","3",8,531,91.33333333,1.96062930808488,2.72509452108147,0.71947203772836,-0.13816162906405
"144","spsA","Eyach","3",6,531,65.66666667,1.81734497146398,2.72509452108147,0.66689245360295,-0.19074121318946
"145","spsA","Eyach","3",1,531,106.3333333,2.02666942820138,2.72509452108147,0.743706103594925,-0.113927563197486
"146","spsA","Eyach","3",3,531,125.6666667,2.09922009560133,2.72509452108147,0.770329278254995,-0.0873043885374155
"147","spsA","Eyach","3",5,531,494.3333333,2.69401989627943,2.72509452108147,0.988596863498994,0.130963196706584
"148","spsA","Eyach","3",7,531,62.66666667,1.79703659456712,2.72509452108147,0.659440096725142,-0.198193570067268
"149","tagH","Eyach","3",1,659,81.66666667,1.9120448296626,2.81888541459401,0.67829817408097,-0.17933549271144
"150","tagH","Eyach","3",6,659,93,1.96848294855394,2.81888541459401,0.698319604749683,-0.159314062042727
"151","tagH","Eyach","3",7,659,70.66666667,1.84921460622957,2.81888541459401,0.656009143420932,-0.201624523371478
"152","tagH","Eyach","3",2,659,90,1.95424250943932,2.81888541459401,0.693267806957235,-0.164365859835175
"153","tagH","Eyach","3",4,659,597,2.77597433112937,2.81888541459401,0.984777287064426,0.127143620272016
"154","tagH","Eyach","3",8,659,64.66666667,1.81068047523295,2.81888541459401,0.642339154993192,-0.215294511799218
"155","tagH","Eyach","3",3,659,116.3333333,2.06570417211508,2.81888541459401,0.732808847575165,-0.124824819217245
"156","tagH","Eyach","3",5,659,79.33333333,1.8994557023186,2.81888541459401,0.673832179372985,-0.183801487419425
"157","WT","Eyach","3",1,256,202.3333333,2.30606743628405,2.40823996531185,0.957573775662106,0.0999401088696962
"158","WT","Eyach","3",7,256,147.3333333,2.16830101453117,2.40823996531185,0.900367507292984,0.0427338405005742
"159","WT","Eyach","3",3,256,275.3333333,2.43985879254814,2.40823996531185,1.01312943381545,0.155495767023044
"160","WT","Eyach","3",4,256,148,2.17026171539496,2.40823996531185,0.901181670703619,0.0435480039112087
"161","WT","Eyach","3",2,256,314,2.49692964807321,2.40823996531185,1.03682759361145,0.179193926819043
"162","WT","Eyach","3",5,256,159,2.20139712432045,2.40823996531185,0.914110369410544,0.0564767026181343
"163","WT","Eyach","3",6,256,224.6666667,2.35153864188009,2.40823996531185,0.976455285084344,0.118821618291934
"164","WT","Eyach","3",8,256,77.66666667,1.890234666325,2.40823996531185,0.78490295549938,-0.0727307112930298
"165","buffer","Eyach","4",8,60,62,1.79239168949825,1.77815125038364,1.00800856457601,NA
"166","buffer","Eyach","4",2,60,62,1.79239168949825,1.77815125038364,1.00800856457601,NA
"167","buffer","Eyach","4",1,60,72,1.85733249643127,1.77815125038364,1.04453009609309,NA
"168","buffer","Eyach","4",7,60,52,1.7160033436348,1.77815125038364,0.96504914487143,NA
"169","buffer","Eyach","4",6,60,57.33333333,1.75840719216264,1.77815125038364,0.988896299897578,NA
"170","buffer","Eyach","4",3,60,60,1.77815125038364,1.77815125038364,1,NA
"171","buffer","Eyach","4",4,60,58,1.76342799356294,1.77815125038364,0.991719907506445,NA
"172","buffer","Eyach","4",5,60,436.6666667,2.64015004096925,1.77815125038364,1.48477247950625,NA
"173","epsE","Eyach","4",1,510,496,2.6954816764902,2.70757017609794,0.995535295921615,NA
"174","epsE","Eyach","4",7,510,78.33333333,1.89394660753359,2.70757017609794,0.69950046881632,NA
"175","epsE","Eyach","4",2,510,92,1.96378782734556,2.70757017609794,0.725295264618295,NA
"176","epsE","Eyach","4",5,510,70.66666667,1.84921460622957,2.70757017609794,0.682979382235109,NA
"177","epsE","Eyach","4",3,510,362.6666667,2.55950764068242,2.70757017609794,0.9453153470508,NA
"178","epsE","Eyach","4",6,510,57.33333333,1.75840719216264,2.70757017609794,0.649441040415358,NA
"179","epsE","Eyach","4",9,510,108.6666667,2.0360963454815,2.70757017609794,0.752001319654013,NA
"180","OBC","Eyach","4",1,416.3,129.3333333,2.11171047076261,2.61940641088678,0.806179011392017,NA
"181","OBC","Eyach","4",7,416.3,1885.333333,3.2753881459924,2.61940641088678,1.25043144598686,NA
"182","OBC","Eyach","4",4,416.3,141.3333333,2.15024460177064,2.61940641088678,0.820890027921515,NA
"183","OBC","Eyach","4",2,416.3,128,2.10720996964787,2.61940641088678,0.804460873612389,NA
"184","OBC","Eyach","4",8,416.3,50,1.69897000433602,2.61940641088678,0.648608782995552,NA
"185","OBC","Eyach","4",5,416.3,132.3333333,2.12166925193406,2.61940641088678,0.80998093427426,NA
"186","OBC","Eyach","4",6,416.3,2653,3.42373724998233,2.61940641088678,1.30706607258522,NA
"187","OBC","Eyach","4",3,416.3,118.3333333,2.0731070982131,2.61940641088678,0.791441560804328,NA
"188","rmlC","Eyach","4",7,627.7,370.3333333,2.56859280418211,2.79775212865071,0.918091627159582,NA
"189","rmlC","Eyach","4",5,627.7,76.66666667,1.88460658131681,2.79775212865071,0.67361456435589,NA
"190","rmlC","Eyach","4",3,627.7,134.6666667,2.12926011049844,2.79775212865071,0.761061027777801,NA
"191","rmlC","Eyach","4",4,627.7,107,2.02938377768521,2.79775212865071,0.725362249537072,NA
"192","rmlC","Eyach","4",6,627.7,538.6666667,2.73132010174578,2.79775212865071,0.976255213524949,NA
"193","rmlC","Eyach","4",2,627.7,114.6666667,2.05943718797812,2.79775212865071,0.736104234141476,NA
"194","rmlC","Eyach","4",8,627.7,1703.333333,3.23129964533006,2.79775212865071,1.15496280468865,NA
"195","rmlC","Eyach","4",1,627.7,553.3333333,2.74298683329423,2.79775212865071,0.980425251116548,NA
"197","spsA","Eyach","4",1,484.3,1334.333333,3.12526433527695,2.68511446904654,1.16392219821701,NA
"198","spsA","Eyach","4",3,484.3,79,1.89762709129044,2.68511446904654,0.70672111493417,NA
"199","spsA","Eyach","4",4,484.3,73.66666667,1.8672710189851,2.68511446904654,0.695415797170149,NA
"200","spsA","Eyach","4",2,484.3,133.6666667,2.12602311800882,2.68511446904654,0.791781185687683,NA
"201","spsA","Eyach","4",7,484.3,57,1.75587485567249,2.68511446904654,0.653929236877557,NA
"202","spsA","Eyach","4",6,484.3,543,2.73479982958885,2.68511446904654,1.01850400089645,NA
"203","spsA","Eyach","4",8,484.3,72,1.85733249643127,2.68511446904654,0.691714456810771,NA
"204","spsA","Eyach","4",5,484.3,711,2.85186960072977,2.68511446904654,1.06210354664784,NA
"205","tagG","Eyach","4",8,249.7,59.33333333,1.77329874756483,2.39741854235135,0.739670072721475,NA
"206","tagG","Eyach","4",7,249.7,846.6666667,2.92771246191737,2.39741854235135,1.22119371740819,NA
"207","tagG","Eyach","4",6,249.7,69,1.83884909073726,2.39741854235135,0.767012125022501,NA
"208","tagG","Eyach","4",5,249.7,71.33333333,1.85329251860923,2.39741854235135,0.773036700046357,NA
"209","tagG","Eyach","4",2,249.7,318.3333333,2.50288211681861,2.39741854235135,1.04399047250374,NA
"210","tagG","Eyach","4",1,249.7,7707.666667,3.88692292448201,2.39741854235135,1.62129509546121,NA
"211","tagG","Eyach","4",9,249.7,100.3333333,2.0014452407299,2.39741854235135,0.834833469990148,NA
"212","tagG","Eyach","4",3,249.7,117.6666667,2.07065345079119,2.39741854235135,0.863701274605279,NA
"213","tagG","Eyach","4",4,249.7,74.66666667,1.87312676363389,2.39741854235135,0.781309867486366,NA
"214","tagH","Eyach","4",3,611.7,85.33333333,1.93111871057522,2.7865384804978,0.693017061881822,NA
"215","tagH","Eyach","4",2,611.7,91.66666667,1.96221143912639,2.7865384804978,0.704175252866364,NA
"216","tagH","Eyach","4",4,611.7,541.6666667,2.73373211062196,2.7865384804978,0.981049474017523,NA
"217","tagH","Eyach","4",7,611.7,61,1.78532983501077,2.7865384804978,0.640698073077328,NA
"218","tagH","Eyach","4",8,611.7,735,2.8662873390842,2.7865384804978,1.02861932793842,NA
"219","tagH","Eyach","4",6,611.7,79,1.89762709129044,2.7865384804978,0.68099798533966,NA
"220","tagH","Eyach","4",1,611.7,110.3333333,2.04270673892485,2.7865384804978,0.73306245480591,NA
"221","tagH","Eyach","4",5,611.7,367.3333333,2.56506033975669,2.7865384804978,0.920518542165783,NA
"222","wfgD","Eyach","4",4,841.7,6097.666667,3.78516367968182,2.9251573271759,1.29400345223011,NA
"223","wfgD","Eyach","4",1,841.7,125.3333333,2.09806659009249,2.9251573271759,0.717249144379553,NA
"224","wfgD","Eyach","4",3,841.7,4928.333333,3.6927000741131,2.9251573271759,1.26239366334467,NA
"225","wfgD","Eyach","4",6,841.7,2876,3.45878888171084,2.9251573271759,1.18242832601764,NA
"226","wfgD","Eyach","4",5,841.7,1745.666667,3.24196131926475,2.9251573271759,1.10830323181103,NA
"227","wfgD","Eyach","4",7,841.7,65.66666667,1.81734497146398,2.9251573271759,0.621281103269251,NA
"228","wfgD","Eyach","4",2,841.7,385.3333333,2.58583657932728,2.9251573271759,0.883999146064319,NA
"229","wfgD","Eyach","4",8,841.7,199.3333333,2.29957992919612,2.9251573271759,0.786138888268365,NA
"230","WT","Eyach","4",3,486.3,795,2.90036712865647,2.68690426956818,1.07944565108105,NA
"231","WT","Eyach","4",5,486.3,1714.666667,3.23417970528093,2.68690426956818,1.20368252114941,NA
"232","WT","Eyach","4",9,486.3,123,2.0899051114394,2.68690426956818,0.777811526487795,NA
"233","WT","Eyach","4",4,486.3,158.3333333,2.19957235481377,2.68690426956818,0.818626990074073,NA
"234","WT","Eyach","4",1,486.3,512.6666667,2.70983508077399,2.68690426956818,1.00853428663817,NA
"235","WT","Eyach","4",7,486.3,62.33333333,1.79472035179361,2.68690426956818,0.667950984380269,NA
"236","WT","Eyach","4",2,486.3,89.33333333,1.95101353929292,2.68690426956818,0.726119483075769,NA
"237","WT","Eyach","4",6,486.3,56,1.7481880270062,2.68690426956818,0.650632792096891,NA
"238","WT","Eyach","4",8,486.3,1541,3.18780263871842,2.68690426956818,1.18642211217698,NA
"239","buffer","Eyach","5",1,60.4,108.6666667,2.0360963454815,1.78103693862113,1.14320837559822,0.210377986007769
"240","buffer","Eyach","5",3,60.4,143.6666667,2.15735601554183,1.78103693862113,1.21129212357159,0.278461733981136
"241","buffer","Eyach","5",8,60.4,104.3333333,2.01842308268803,1.78103693862113,1.13328535692847,0.200454967338014
"242","buffer","Eyach","5",5,60.4,116,2.06445798922692,1.78103693862113,1.15913260666295,0.2263022170725
"243","buffer","Eyach","5",6,60.4,108,2.03342375548695,1.78103693862113,1.14170779470819,0.208877405117732
"244","buffer","Eyach","5",10,60.4,120.6666667,2.08158731593347,1.78103693862113,1.16875022117454,0.235919831584087
"245","buffer","Eyach","5",9,60.4,112.6666667,2.05179544568648,1.78103693862113,1.15202295988031,0.219192570289856
"246","buffer","Eyach","5",1,60.4,175,2.24303804868629,1.78103693862113,1.25940007197315,0.326569682382698
"247","buffer","Eyach","5",2,60.4,141.3333333,2.15024460177064,1.78103693862113,1.2072992733297,0.274468883739244
"248","buffer","Eyach","5",7,60.4,114.6666667,2.05943718797812,1.78103693862113,1.15631357403094,0.223483184440482
"249","buffer","Eyach","5",4,60.4,144,2.15836249209525,1.78103693862113,1.21185723063455,0.279026841044101
"250","epsE","Eyach","5",1,1021.8,6686.666667,3.82520967398639,3.00936589834624,1.27110155534376,0.338271165753308
"251","epsE","Eyach","5",5,1021.8,126.6666667,2.10266234201144,3.00936589834624,0.69870611053542,-0.234124279055033
"252","epsE","Eyach","5",3,1021.8,1322.333333,3.12134094564501,3.00936589834624,1.03720885099426,0.104378461403804
"253","epsE","Eyach","5",4,1021.8,1163.666667,3.06582859421892,3.00936589834624,1.01876232328668,0.0859319336962242
"254","epsE","Eyach","5",6,1021.8,146,2.16435285578444,3.00936589834624,0.719205616363842,-0.213624773226612
"255","epsE","Eyach","5",2,1021.8,798.6666667,2.90236555901574,3.00936589834624,0.964444224150573,0.0316138345601198
"256","epsE","Eyach","5",6,1021.8,1146.333333,3.05931092097607,3.00936589834624,1.01659652708143,0.0837661374909716
"257","epsE","Eyach","5",3,1021.8,5934.333333,3.77337193709655,3.00936589834624,1.25387608704218,0.321045697451722
"258","epsE","Eyach","5",4,1021.8,172.3333333,2.23636928829028,3.00936589834624,0.743136382823785,-0.189694006766669
"259","epsE","Eyach","5",2,1021.8,2656.666667,3.42433706673094,3.00936589834624,1.13789322481947,0.205062835229013
"260","epsE","Eyach","5",1,1021.8,1874,3.27276958655176,3.00936589834624,1.08752797004521,0.154697580454752
"261","epsE","Eyach","5",5,1021.8,142.6666667,2.15432251439498,3.00936589834624,0.715872574876607,-0.216957814713846
"262","OBC","Eyach","5",1,558.2,135,2.13033376849501,2.74678983215261,0.775572176494297,-0.157258213096157
"263","OBC","Eyach","5",3,558.2,533,2.72672720902657,2.74678983215261,0.992695974445807,0.0598655848553535
"264","OBC","Eyach","5",4,558.2,282.6666667,2.45127459758827,2.74678983215261,0.8924143263146,-0.0404160632758541
"265","OBC","Eyach","5",2,558.2,121.3333333,2.08398012881008,2.74678983215261,0.758696608097207,-0.174133781493247
"266","OBC","Eyach","5",5,558.2,2055.333333,3.31288226560039,2.74678983215261,1.20609237256574,0.273261982975286
"267","OBC","Eyach","5",5,558.2,1222.333333,3.08718965512251,2.74678983215261,1.12392641729824,0.191096027707782
"268","OBC","Eyach","5",2,558.2,184,2.26481782300954,2.74678983215261,0.824532622226374,-0.108297767364079
"269","OBC","Eyach","5",3,558.2,3184,3.50297305906563,2.74678983215261,1.27529708245658,0.342466692866129
"270","OBC","Eyach","5",1,558.2,233,2.36735592102602,2.74678983215261,0.861862780076903,-0.0709676095135511
"271","OBC","Eyach","5",6,558.2,1328.666667,3.12341603975376,2.74678983215261,1.137115043602,0.204284654011551
"272","OBC","Eyach","5",4,558.2,1545,3.18892848376085,2.74678983215261,1.16096559206415,0.228135202473699
"273","rmlC","Eyach","5",6,2414.1,1499,3.17580163284828,3.38275525604662,0.938820988356042,0.00599059876558794
"274","rmlC","Eyach","5",4,2414.1,759,2.88024177589548,3.38275525604662,0.851448466674347,-0.0813819229161067
"275","rmlC","Eyach","5",5,2414.1,183.3333333,2.26324143469562,3.38275525604662,0.66905266961011,-0.263777719980344
"276","rmlC","Eyach","5",1,2414.1,675.6666667,2.82973249399477,3.38275525604662,0.836517063697314,-0.0963133258931397
"277","rmlC","Eyach","5",1,2414.1,180.3333333,2.25607601030663,3.38275525604662,0.666934448264897,-0.265895941325557
"278","rmlC","Eyach","5",2,2414.1,1304.333333,3.11538859307003,3.38275525604662,0.920961866070957,-0.0118685235194967
"279","rmlC","Eyach","5",2,2414.1,162,2.20951501454263,3.38275525604662,0.653170225836812,-0.279660163753642
"280","rmlC","Eyach","5",3,2414.1,432.3333333,2.63581872133093,3.38275525604662,0.779192853700974,-0.153637535889479
"281","rmlC","Eyach","5",3,2414.1,325.6666667,2.51277330904356,3.38275525604662,0.742818536621005,-0.190011852969448
"282","rmlC","Eyach","5",4,2414.1,648.6666667,2.81202158123499,3.38275525604662,0.831281416593337,-0.101548972997117
"283","spsA","Eyach","5",1,1120.1,4613.666667,3.66404621395795,3.04925679723223,1.20161942978491,0.268789040194456
"284","spsA","Eyach","5",3,1120.1,4067,3.60927417240459,3.04925679723223,1.18365700641569,0.250826616825235
"285","spsA","Eyach","5",2,1120.1,123.3333333,2.09108046922996,3.04925679723223,0.685767256837143,-0.247063132753311
"286","spsA","Eyach","5",5,1120.1,112.6666667,2.05179544568648,3.04925679723223,0.672883781893631,-0.259946607696823
"287","spsA","Eyach","5",4,1120.1,908.6666667,2.95840459679492,3.04925679723223,0.970205133093491,0.037374743503037
"288","spsA","Eyach","5",6,1120.1,153,2.1846914308176,3.04925679723223,0.716466856055094,-0.21636353353536
"289","spsA","Eyach","5",1,1120.1,168.3333333,2.226170123313,3.04925679723223,0.730069742021619,-0.202760647568835
"290","spsA","Eyach","5",5,1120.1,1808,3.25719842613934,3.04925679723223,1.06819420033625,0.135363810745793
"291","spsA","Eyach","5",3,1120.1,118.6666667,2.07432874337521,3.04925679723223,0.680273549035964,-0.252556840554489
"292","spsA","Eyach","5",2,1120.1,136.3333333,2.1346020531815,3.04925679723223,0.700040106533188,-0.232790283057266
"293","spsA","Eyach","5",4,1120.1,132.3333333,2.12166925193406,3.04925679723223,0.695798810339579,-0.237031579250875
"294","tagG","Eyach","5",5,571,196.3333333,2.2929940399937,2.75663610824585,0.83180875166466,-0.101021637925794
"295","tagG","Eyach","5",3,571,115.6666667,2.06320822019637,2.75663610824585,0.748451423829482,-0.184378965760971
"296","tagG","Eyach","5",7,571,3861.666667,3.58677478344382,2.75663610824585,1.3011419144931,0.36831152490265
"297","tagG","Eyach","5",1,571,720.6666667,2.85773443491772,2.75663610824585,1.03667452746826,0.10384413787781
"298","tagG","Eyach","5",2,571,175.6666667,2.24468936057529,2.75663610824585,0.814285699102909,-0.118544690487545
"299","tagG","Eyach","5",1,571,1428.666667,3.15493091208748,2.75663610824585,1.14448581103985,0.211655421449393
"300","tagG","Eyach","5",4,571,1387,3.14207646107328,2.75663610824585,1.1398227178678,0.206992328277342
"301","tagG","Eyach","5",2,571,466,2.66838591669,2.75663610824585,0.967986274542415,0.0351558849519614
"302","tagG","Eyach","5",3,571,4965,3.6959192528314,2.75663610824585,1.34073526853105,0.407904878940601
"303","tagG","Eyach","5",6,571,1219.333333,3.08612244630201,2.75663610824585,1.11952478496185,0.186694395371399
"304","tagG","Eyach","5",4,571,150,2.17609125905568,2.75663610824585,0.789400984970922,-0.143429404619532
"305","tagH","Eyach","5",1,319.8,190.3333333,2.27951485345013,2.50487845941022,0.910030123372472,-0.0228002662179814
"306","tagH","Eyach","5",7,319.8,92.66666667,1.96692354121404,2.50487845941022,0.785237117523521,-0.147593272066933
"307","tagH","Eyach","5",2,319.8,114,2.05690485133647,2.50487845941022,0.821159543134392,-0.111670846456062
"308","tagH","Eyach","5",2,319.8,120,2.07918124604762,2.50487845941022,0.830052746965287,-0.102777642625167
"309","tagH","Eyach","5",3,319.8,128.3333333,2.10833947467603,2.50487845941022,0.84169332318521,-0.0911370664052433
"310","tagH","Eyach","5",5,319.8,111,2.04532297878666,2.50487845941022,0.816535816779006,-0.116294572811448
"311","tagH","Eyach","5",4,319.8,132.6666667,2.12276181746314,2.50487845941022,0.847451024814576,-0.0853793647758772
"312","tagH","Eyach","5",1,319.8,118.6666667,2.07432874337521,2.50487845941022,0.82811552615755,-0.104714863432903
"313","tagH","Eyach","5",3,319.8,1855.333333,3.26842194720034,2.50487845941022,1.30482256930338,0.371992179712929
"314","tagH","Eyach","5",4,319.8,112.3333333,2.05050864602281,2.50487845941022,0.818606043865939,-0.114224345724514
"315","tagH","Eyach","5",6,319.8,94.33333333,1.97466518078928,2.50487845941022,0.788327742358495,-0.144502647231958
"316","wfgD","Eyach","5",3,6230.4,2645.333333,3.42248040437174,3.79451592983994,0.901954417283499,-0.0308759723069546
"317","wfgD","Eyach","5",1,6230.4,405,2.60745502321467,3.79451592983994,0.687164073475021,-0.245666316115433
"318","wfgD","Eyach","5",3,6230.4,195.6666667,2.29151684660194,3.79451592983994,0.603902286608295,-0.328928102982159
"319","wfgD","Eyach","5",5,6230.4,149.6666667,2.17512508638039,3.79451592983994,0.573228608496615,-0.359601781093839
"320","wfgD","Eyach","5",6,6230.4,575.6666667,2.76017108287294,3.79451592983994,0.727410593052741,-0.205419796537712
"321","wfgD","Eyach","5",1,6230.4,380.6666667,2.5805448492282,3.79451592983994,0.680072213937721,-0.252758175652733
"322","wfgD","Eyach","5",7,6230.4,8378,3.9231403560252,3.79451592983994,1.03389745320971,0.10106706361926
"323","wfgD","Eyach","5",4,6230.4,412,2.61489721603313,3.79451592983994,0.689125375774463,-0.24370501381599
"324","wfgD","Eyach","5",2,6230.4,375.3333333,2.5744171357571,3.79451592983994,0.678457327194747,-0.254373062395706
"325","wfgD","Eyach","5",2,6230.4,1969.333333,3.29431923184674,3.79451592983994,0.868179049122006,-0.064651340468448
"326","wfgD","Eyach","5",4,6230.4,184.3333333,2.2656038765065,3.79451592983994,0.597073228416271,-0.335757161174182
"327","WT","Eyach","5",4,701.4,1035.666667,3.01521999867509,2.84596576154548,1.05947163504795,0.126641245457501
"328","WT","Eyach","5",3,701.4,1342.333333,3.12786037477992,2.84596576154548,1.09905059893671,0.166220209346253
"329","WT","Eyach","5",5,701.4,116.6666667,2.0669467897547,2.84596576154548,0.726272542587531,-0.206557847002923
"330","WT","Eyach","5",2,701.4,2062,3.3142886609475,2.84596576154548,1.1645567581065,0.231726368516044
"331","WT","Eyach","5",1,701.4,184.3333333,2.2656038765065,2.84596576154548,0.796075591322708,-0.136754798267746
"332","WT","Eyach","5",4,701.4,437.3333333,2.64081258028688,2.84596576154548,0.927914388840996,-0.00491600074945764
"333","WT","Eyach","5",2,701.4,1429.666667,3.15523479162067,2.84596576154548,1.10866927292451,0.175838883334052
"334","WT","Eyach","5",5,701.4,204,2.3096301674259,2.84596576154548,0.81154531042976,-0.121285079160693
"335","WT","Eyach","5",1,701.4,832.6666667,2.92047117933584,2.84596576154548,1.02617930925139,0.0933489196609326
"336","WT","Eyach","5",6,701.4,374,2.57287160220048,2.84596576154548,0.904041656777803,-0.0287887328126508
"337","WT","Eyach","5",3,701.4,952.3333333,2.97878898564788,2.84596576154548,1.04667070345578,0.113840313865328
"338","buffer","Col0","1",1,60,1198,3.07845681805329,1.77815125038364,1.73126825819182,0.912410823435735
"339","buffer","Col0","1",2,60,70.66666667,1.84921460622957,1.77815125038364,1.03996474193666,0.221107307180577
"340","buffer","Col0","1",3,60,72,1.85733249643127,1.77815125038364,1.04453009609309,0.225672661337003
"341","buffer","Col0","1",4,60,63.66666667,1.8039121125508,1.77815125038364,1.01448744147136,0.195630006715278
"342","buffer","Col0","1",5,60,64,1.80617997398389,1.77815125038364,1.01576284559269,0.196905410836606
"343","buffer","Col0","1",6,60,66.33333333,1.82173182166822,1.77815125038364,1.02450892255379,0.205651487797707
"344","buffer","Col0","1",7,60,64.33333333,1.80843605426561,1.77815125038364,1.01703162420825,0.198174189452168
"345","buffer","Col0","1",8,60,58.66666667,1.76839141311916,1.77815125038364,0.994511244607356,0.175653809851273
"346","epsE","Col0","1",1,786,211.3333333,2.32496800309357,2.89542254603941,0.802980555039833,-0.0158768797162498
"347","epsE","Col0","1",2,786,89.66666667,1.95263102529889,2.89542254603941,0.674385515153861,-0.144471919602221
"348","epsE","Col0","1",3,786,162,2.20951501454263,2.89542254603941,0.763106240767857,-0.0557511939882254
"349","epsE","Col0","1",4,786,74.33333333,1.87118360830902,2.89542254603941,0.646255798093642,-0.17260163666244
"350","epsE","Col0","1",5,786,124.6666667,2.09575034759694,2.89542254603941,0.723815026744084,-0.0950424080119983
"351","epsE","Col0","1",6,786,119.3333333,2.0767617718029,2.89542254603941,0.717256890412649,-0.101600544343434
"352","epsE","Col0","1",7,786,78.66666667,1.89579074826885,2.89542254603941,0.654754433290596,-0.164103001465487
"353","epsE","Col0","1",8,786,821.3333333,2.9145194487551,2.89542254603941,1.0065955494965,0.18773811474042
"354","OBC","Col0","1",1,701,242.3333333,2.38441315607964,2.84571801796666,0.837895090457123,0.0190376557010401
"355","OBC","Col0","1",2,701,102.3333333,2.01001712061606,2.84571801796666,0.706330391108909,-0.112527043647173
"356","OBC","Col0","1",3,701,99.33333333,1.99709500934202,2.84571801796666,0.701789494508313,-0.11706794024777
"357","OBC","Col0","1",4,701,76.66666667,1.88460658131681,2.84571801796666,0.662260480278863,-0.15659695447722
"358","OBC","Col0","1",5,701,73.66666667,1.8672710189851,2.84571801796666,0.656168674196087,-0.162688760559995
"359","OBC","Col0","1",6,701,75,1.8750612633917,2.84571801796666,0.65890620629077,-0.159951228465313
"360","OBC","Col0","1",7,701,322.3333333,2.50830521931843,2.84571801796666,0.881431400961744,0.0625739662056609
"361","OBC","Col0","1",8,701,70.33333333,1.84716120055745,2.84571801796666,0.649101980201571,-0.169755454554512
"362","rmlC","Col0","1",1,580,78.33333333,1.89394660753359,2.76342799356294,0.685361301957318,-0.133496132798765
"363","rmlC","Col0","1",2,580,102,2.00860017176192,2.76342799356294,0.726850917208881,-0.092006517547202
"364","rmlC","Col0","1",3,580,195.6666667,2.29151684660194,2.76342799356294,0.829229801514547,0.0103723667584644
"365","rmlC","Col0","1",4,580,112.3333333,2.05050864602281,2.76342799356294,0.742016311190019,-0.076841123566064
"366","rmlC","Col0","1",5,580,93.66666667,1.97158506520087,2.76342799356294,0.713456283208188,-0.105401151547895
"367","rmlC","Col0","1",6,580,87.33333333,1.94118003658351,2.76342799356294,0.70245363407523,-0.116403800680853
"368","rmlC","Col0","1",7,580,261,2.41664050733828,2.76342799356294,0.874508224193844,0.055650789437761
"369","rmlC","Col0","1",8,580,101.6666667,2.00717858476952,2.76342799356294,0.726336488392312,-0.0925209463637711
"370","tagG","Col0","1",1,3997,85,1.92941892571429,3.6017341482601,0.535691654712034,-0.283165780044049
"371","tagG","Col0","1",2,3997,96.33333333,1.98377658802186,3.6017341482601,0.550783735379293,-0.268073699376789
"372","tagG","Col0","1",3,3997,98.33333333,1.99270076124378,3.6017341482601,0.553261478836908,-0.265595955919174
"373","tagG","Col0","1",4,3997,81.33333333,1.91026857160127,3.6017341482601,0.530374673134624,-0.288482761621458
"374","tagG","Col0","1",5,3997,79,1.89762709129044,3.6017341482601,0.526864841539493,-0.29199259321659
"375","tagG","Col0","1",6,3997,66,1.81954393554187,3.6017341482601,0.505185519153555,-0.313671915602527
"376","tagG","Col0","1",7,3997,62.66666667,1.79703659456712,3.6017341482601,0.498936490200204,-0.319920944555879
"377","tagG","Col0","1",8,3997,278.3333333,2.44456522071193,3.6017341482601,0.678718950395833,-0.14013848436025
"378","wfgD","Col0","1",1,915,344.6666667,2.53739928408026,2.96142109406645,0.856818130040418,0.0379606952843352
"379","wfgD","Col0","1",2,915,189.6666667,2.27799101175173,2.96142109406645,0.769222254922123,-0.0496351798339594
"380","wfgD","Col0","1",3,915,527,2.72181061521255,2.96142109406645,0.919089359046578,0.100231924290495
"381","wfgD","Col0","1",4,915,4084.333333,3.61112117875647,2.96142109406645,1.2193879438462,0.400530509090122
"382","wfgD","Col0","1",5,915,224,2.35024801833416,2.96142109406645,0.793621691640935,-0.0252357431151479
"383","wfgD","Col0","1",6,915,186,2.26951294421792,2.96142109406645,0.766359417363897,-0.0524980173921861
"384","wfgD","Col0","1",7,915,427.3333333,2.63076677042926,2.96142109406645,0.888346063212796,0.0694886284567131
"385","wfgD","Col0","1",8,915,72,1.85733249643127,2.96142109406645,0.627176087910176,-0.191681346845907
"386","WT","Col0","1",1,318,179,2.25285303097989,2.50242711998443,0.900267189796883,0.0814097550408007
"387","WT","Col0","1",2,318,126,2.10037054511756,2.50242711998443,0.839333352945211,0.0204759181891289
"388","WT","Col0","1",3,318,324.3333333,2.51099158550405,2.50242711998443,1.00342246351601,0.184565028759928
"389","WT","Col0","1",4,318,715,2.85430604180108,2.50242711998443,1.14061505288467,0.321757618128589
"390","WT","Col0","1",5,318,437,2.64048143697042,2.50242711998443,1.05516816689025,0.236310732134168
"391","WT","Col0","1",6,318,126.3333333,2.10151795513382,2.50242711998443,0.839791871799605,0.0209344370435219
"392","WT","Col0","1",7,318,535,2.72835378202123,2.50242711998443,1.09028301373196,0.271425578975882
"393","WT","Col0","1",8,318,720.6666667,2.85773443491772,2.50242711998443,1.14198508004321,0.323127645287125
"394","buffer","Col0","2",5,60,64.33333333,1.80843605426561,1.77815125038364,1.01703162420825,NA
"395","buffer","Col0","2",4,60,170,2.23044892137827,1.77815125038364,1.25436400356665,NA
"396","buffer","Col0","2",8,60,60.66666667,1.78295013328927,1.77815125038364,1.00269880467401,NA
"397","buffer","Col0","2",6,60,46.33333333,1.66589354550319,1.77815125038364,0.936868303606774,NA
"398","buffer","Col0","2",7,60,57.33333333,1.75840719216264,1.77815125038364,0.988896299897578,NA
"399","buffer","Col0","2",9,60,88.66666667,1.94776038192773,1.77815125038364,1.09538509815039,NA
"400","buffer","Col0","2",1,60,77,1.88649072517248,1.77815125038364,1.06092815488304,NA
"401","epsE","Col0","2",1,206,99,1.99563519459755,2.31386722036915,0.862467464437811,NA
"402","epsE","Col0","2",6,206,82,1.91381385238372,2.31386722036915,0.827106169073257,NA
"403","epsE","Col0","2",3,206,82.66666667,1.91733042612407,2.31386722036915,0.828625951068262,NA
"404","epsE","Col0","2",5,206,122.6666667,2.08872656407187,2.31386722036915,0.902699405430289,NA
"405","epsE","Col0","2",9,206,56,1.7481880270062,2.31386722036915,0.755526510603878,NA
"406","epsE","Col0","2",10,206,126.6666667,2.10266234201144,2.31386722036915,0.908722126966291,NA
"407","epsE","Col0","2",12,206,58.33333333,1.76591679394182,2.31386722036915,0.763188474427708,NA
"408","epsE","Col0","2",2,206,155.6666667,2.19219562593945,2.31386722036915,0.947416345519474,NA
"409","epsE","Col0","2",11,206,347.3333333,2.54074646420216,2.31386722036915,1.0980519719696,NA
"410","epsE","Col0","2",7,206,78.66666667,1.89579074826885,2.31386722036915,0.819316999514948,NA
"411","OBC",NA,"2",NA,126,NA,NA,2.10037054511756,NA,NA
"412","rmlC","Col0","2",5,327,85.33333333,1.93111871057522,2.51454775266029,0.767978539493704,NA
"413","rmlC","Col0","2",1,327,291,2.46389298898591,2.51454775266029,0.979855318467988,NA
"414","rmlC","Col0","2",4,327,77,1.88649072517248,2.51454775266029,0.750230622256688,NA
"415","rmlC","Col0","2",2,327,94.33333333,1.97466518078928,2.51454775266029,0.785296353469593,NA
"416","rmlC","Col0","2",9,327,378.3333333,2.57787460677122,2.51454775266029,1.02518419228425,NA
"417","rmlC","Col0","2",3,327,86.66666667,1.93785209326786,2.51454775266029,0.770656310351511,NA
"418","rmlC","Col0","2",6,327,141.6666667,2.15126767543284,2.51454775266029,0.855528662423247,NA
"419","rmlC","Col0","2",8,327,272,2.4345689040342,2.51454775266029,0.96819354552266,NA
"420","rmlC","Col0","2",7,327,76.66666667,1.88460658131681,2.51454775266029,0.749481324951168,NA
"421","rmlC","Col0","2",11,327,68.66666667,1.83674596567057,2.51454775266029,0.730447836485655,NA
"423","tagG","Col0","2",8,203,132.6666667,2.12276181746314,2.30749603791321,0.919941695493816,NA
"424","tagG","Col0","2",3,203,81.66666667,1.9120448296626,2.30749603791321,0.828623234123408,NA
"425","tagG","Col0","2",9,203,117.6666667,2.07065345079119,2.30749603791321,0.897359482646734,NA
"426","tagG","Col0","2",1,203,93.33333333,1.97003677660705,2.30749603791321,0.853755215280305,NA
"427","tagG","Col0","2",7,203,70.33333333,1.84716120055745,2.30749603791321,0.800504603348281,NA
"428","tagG","Col0","2",6,203,56.33333333,1.75076544986831,2.30749603791321,0.758729558405491,NA
"429","tagG","Col0","2",5,203,81.33333333,1.91026857160127,2.30749603791321,0.82785345682709,NA
"430","tagG","Col0","2",2,203,94,1.9731278535997,2.30749603791321,0.855094795908772,NA
"431","tagG","Col0","2",4,203,88.33333333,1.94612461920076,2.30749603791321,0.843392399044263,NA
"432","tagG","Col0","2",10,203,58,1.76342799356294,2.30749603791321,0.764217127392208,NA
"433","tagG","Col0","2",11,203,59,1.77085201164214,2.30749603791321,0.767434475529421,NA
"434","wfgD","Col0","2",3,803,102.6666667,2.01142946192179,2.90471554527868,0.692470374660665,NA
"435","wfgD","Col0","2",2,803,95.33333333,1.9792447783942,2.90471554527868,0.68139022480575,NA
"436","wfgD","Col0","2",9,803,279,2.4456042032736,2.90471554527868,0.841942753137627,NA
"437","wfgD","Col0","2",4,803,90.66666667,1.9574476493305,2.90471554527868,0.673886175364791,NA
"438","wfgD","Col0","2",1,803,159.3333333,2.2023066418016,2.90471554527868,0.758183239450495,NA
"439","wfgD","Col0","2",7,803,118.6666667,2.07432874337521,2.90471554527868,0.714124571249951,NA
"440","wfgD","Col0","2",10,803,74.33333333,1.87118360830902,2.90471554527868,0.644188244646,NA
"441","wfgD","Col0","2",11,803,80,1.90308998699194,2.90471554527868,0.655172583107224,NA
"442","wfgD","Col0","2",5,803,120.3333333,2.08038594706569,2.90471554527868,0.716209871375236,NA
"443","WT","Col0","2",10,210,563.6666667,2.75102235290376,2.32221929473392,1.18465226739879,NA
"444","WT","Col0","2",2,210,143.3333333,2.15634720075893,2.32221929473392,0.928571735515616,NA
"445","WT","Col0","2",5,210,246.3333333,2.3915231836164,2.32221929473392,1.02984381752388,NA
"446","WT","Col0","2",4,210,122.6666667,2.08872656407187,2.32221929473392,0.89945276434851,NA
"447","WT","Col0","2",9,210,399.3333333,2.60133556329738,2.32221929473392,1.12019375999347,NA
"448","WT","Col0","2",11,210,778.6666667,2.89135158373929,2.32221929473392,1.2450811989617,NA
"449","buffer","Col0","3",1,60,63,1.79934054945358,1.77815125038364,1.01191647733305,0.180522821961028
"450","buffer","Col0","3",8,60,62,1.79239168949825,1.77815125038364,1.00800856457601,0.176614909203985
"451","buffer","Col0","3",4,60,67.66666667,1.83037478321494,1.77815125038364,1.02936956730764,0.197975911935611
"452","buffer","Col0","3",2,60,65.66666667,1.81734497146398,1.77815125038364,1.02204183759502,0.190648182222991
"453","buffer","Col0","3",3,60,58.33333333,1.76591679394182,1.77815125038364,0.993119563682117,0.161725908310092
"454","buffer","Col0","3",6,60,61.66666667,1.79005047370683,1.77815125038364,1.00669190729451,0.175298251922484
"455","buffer","Col0","3",5,60,70,1.84509804001426,1.77815125038364,1.03764965978916,0.206256004417134
"456","buffer","Col0","3",7,60,60.66666667,1.78295013328927,1.77815125038364,1.00269880467401,0.171305149301984
"457","spsA","Col0","3",3,531,60,1.77815125038364,2.72509452108147,0.652509935573895,-0.17888371979813
"458","spsA","Col0","3",2,531,117.6666667,2.07065345079119,2.72509452108147,0.759846469460971,-0.0715471859110544
"459","spsA","Col0","3",4,531,588.3333333,2.76962345497957,2.72509452108147,1.01634032638267,0.184946671010647
"460","spsA","Col0","3",6,531,67.33333333,1.82823011470546,2.72509452108147,0.670886863028853,-0.160506792343172
"461","spsA","Col0","3",5,531,86,1.93449845124357,2.72509452108147,0.709883065074694,-0.121510590297332
"462","spsA","Col0","3",8,531,64.33333333,1.80843605426561,2.72509452108147,0.66362323958874,-0.167770415783286
"463","spsA","Col0","3",7,531,80,1.90308998699194,2.72509452108147,0.698357422933239,-0.133036232438786
"464","tagH","Col0","3",1,659,61.33333333,1.78769656826627,2.81888541459401,0.63418561074209,-0.197208044629936
"465","tagH","Col0","3",7,659,66.33333333,1.82173182166822,2.81888541459401,0.646259621706048,-0.185134033665978
"466","tagH","Col0","3",2,659,108.6666667,2.0360963454815,2.81888541459401,0.722305466884238,-0.109088188487787
"467","tagH","Col0","3",3,659,67,1.82607480270083,2.81888541459401,0.64780029484236,-0.183593360529666
"468","tagH","Col0","3",6,659,58.33333333,1.76591679394182,2.81888541459401,0.626459232716329,-0.204934422655696
"469","tagH","Col0","3",4,659,56.33333333,1.75076544986831,2.81888541459401,0.621084291260724,-0.210309364111301
"470","tagH","Col0","3",5,659,68.66666667,1.83674596567057,2.81888541459401,0.651585891416984,-0.179807763955041
"471","tagH","Col0","3",8,659,59,1.77085201164214,2.81888541459401,0.62821000189438,-0.203183653477645
"472","WT","Col0","3",1,256,99.66666667,1.99854993361929,2.40823996531185,0.82987989669065,-0.00151375868137549
"473","WT","Col0","3",2,256,510.6666667,2.70813751060527,2.40823996531185,1.12452976016225,0.293136104790221
"474","WT","Col0","3",8,256,102,2.00860017176192,2.40823996531185,0.834053167746437,0.00265951237441153
"475","WT","Col0","3",3,256,78.33333333,1.89394660753359,2.40823996531185,0.786444305722806,-0.0449493496492189
"476","WT","Col0","3",4,256,98,1.9912260756925,2.40823996531185,0.826838730514401,-0.00455492485762432
"477","WT","Col0","3",5,256,122,2.08635983067475,2.40823996531185,0.866342167195361,0.0349485118233355
"478","WT","Col0","3",6,256,77,1.88649072517248,2.40823996531185,0.783348317586863,-0.0480453377851627
"479","WT","Col0","3",7,256,1088,3.03662889536216,2.40823996531185,1.26093285515629,0.429539199784267
"480","buffer","Col0","4",6,60,62.33333333,1.79472035179361,1.77815125038364,1.0093181619991,NA
"481","buffer","Col0","4",9,60,52.33333333,1.71877839766191,1.77815125038364,0.966609784905011,NA
"482","buffer","Col0","4",1,60,68,1.83250891270624,1.77815125038364,1.03056976301137,NA
"483","buffer","Col0","4",3,60,55.33333333,1.74298683329423,1.77815125038364,0.980224169860789,NA
"484","buffer","Col0","4",8,60,42.66666667,1.63008871496214,1.77815125038364,0.91673231656218,NA
"485","buffer","Col0","4",4,60,59,1.77085201164214,1.77815125038364,0.995895040570972,NA
"486","buffer","Col0","4",2,60,61.33333333,1.78769656826627,1.77815125038364,1.00536811358458,NA
"487","buffer","Col0","4",5,60,50.33333333,1.70185569254475,1.77815125038364,0.957092762596862,NA
"488","buffer","Col0","4",7,60,57,1.75587485567249,1.77815125038364,0.987472159802859,NA
"489","epsE","Col0","4",4,700.7,57.66666667,1.76092484843424,2.84553211749358,0.618838507430135,NA
"490","epsE","Col0","4",3,700.7,68.66666667,1.83674596567057,2.84553211749358,0.645484180051508,NA
"491","epsE","Col0","4",2,700.7,73,1.86332286012046,2.84553211749358,0.654824048080583,NA
"492","epsE","Col0","4",1,700.7,88.66666667,1.94776038192773,2.84553211749358,0.68449776755406,NA
"493","epsE","Col0","4",7,700.7,232.3333333,2.36611152331604,2.84553211749358,0.831518122311751,NA
"494","epsE","Col0","4",5,700.7,66.66666667,1.82390874096603,2.84553211749358,0.640972818318629,NA
"495","epsE","Col0","4",6,700.7,126.6666667,2.10266234201144,2.84553211749358,0.7389346720372,NA
"496","OBC",NA,"4",NA,527.3,NA,NA,2.72205777133146,NA,NA
"497","rmlC","Col0","4",7,709.3,74.33333333,1.87118360830902,2.85082995984853,0.656364509515833,NA
"498","rmlC","Col0","4",1,709.3,82,1.91381385238372,2.85082995984853,0.671318135188042,NA
"499","rmlC","Col0","4",4,709.3,119,2.07554696139253,2.85082995984853,0.728050073355763,NA
"500","rmlC","Col0","4",2,709.3,85.33333333,1.93111871057522,2.85082995984853,0.677388247553644,NA
"501","rmlC","Col0","4",3,709.3,71,1.85125834871908,2.85082995984853,0.649375225738625,NA
"502","rmlC","Col0","4",5,709.3,105.3333333,2.02256582776131,2.85082995984853,0.709465613960634,NA
"503","rmlC","Col0","4",8,709.3,77.66666667,1.890234666325,2.85082995984853,0.663047145198876,NA
"504","rmlC","Col0","4",6,709.3,121,2.08278537031645,2.85082995984853,0.730589126552855,NA
"506","spsA","Col0","4",4,679,355.3333333,2.55063594993015,2.8318697742805,0.900689704412059,NA
"507","spsA","Col0","4",8,679,72.33333333,1.85933847910885,2.8318697742805,0.656576264910084,NA
"508","spsA","Col0","4",2,679,112.3333333,2.05050864602281,2.8318697742805,0.724082959126813,NA
"509","spsA","Col0","4",3,679,83,1.91907809237607,2.8318697742805,0.677671731166966,NA
"510","spsA","Col0","4",5,679,68.66666667,1.83674596567057,2.8318697742805,0.648598315626021,NA
"511","spsA","Col0","4",6,679,407.3333333,2.60994995115133,2.8318697742805,0.92163487701847,NA
"512","spsA","Col0","4",1,679,70,1.84509804001426,2.8318697742805,0.65154763003996,NA
"513","spsA","Col0","4",7,679,69.66666667,1.84302503141217,2.8318697742805,0.650815601815741,NA
"514","tagG","Col0","4",1,188,109,2.03742649794062,2.27415784926368,0.895903729198171,NA
"515","tagG","Col0","4",6,188,68.66666667,1.83674596567057,2.27415784926368,0.807659840439514,NA
"516","tagG","Col0","4",8,188,77,1.88649072517248,2.27415784926368,0.829533765997503,NA
"517","tagG","Col0","4",5,188,69,1.83884909073726,2.27415784926368,0.808584633354555,NA
"518","tagG","Col0","4",4,188,91.66666667,1.96221143912639,2.27415784926368,0.862829921749588,NA
"519","tagG","Col0","4",7,188,62.66666667,1.79703659456712,2.27415784926368,0.790198708127915,NA
"520","tagG","Col0","4",3,188,97.33333333,1.98826159671388,2.27415784926368,0.874284780784956,NA
"521","tagG","Col0","4",2,188,77.33333333,1.88836673015252,2.27415784926368,0.830358688937941,NA
"522","tagH","Col0","4",7,702,66,1.81954393554187,2.8463371121298,0.639258058291055,NA
"523","tagH","Col0","4",6,702,63.66666667,1.8039121125508,2.8463371121298,0.633766149787157,NA
"524","tagH","Col0","4",8,702,63,1.79934054945358,2.8463371121298,0.632160028334523,NA
"525","tagH","Col0","4",3,702,66.66666667,1.82390874096603,2.8463371121298,0.640791539833197,NA
"526","tagH","Col0","4",4,702,59.33333333,1.77329874756483,2.8463371121298,0.623010795175256,NA
"527","tagH","Col0","4",5,702,67.66666667,1.83037478321494,2.8463371121298,0.643063246238372,NA
"528","tagH","Col0","4",1,702,61.66666667,1.79005047370683,2.8463371121298,0.628896157829808,NA
"529","tagH","Col0","4",2,702,91.66666667,1.96221143912639,2.8463371121298,0.689381250999515,NA
"530","wfgD","Col0","4",1,1443,107,2.02938377768521,3.15926633109349,0.642359195143511,NA
"531","wfgD","Col0","4",4,1443,79.66666667,1.90127664624665,3.15926633109349,0.601809549114073,NA
"532","wfgD","Col0","4",5,1443,75.33333333,1.87698718440852,3.15926633109349,0.594121225531136,NA
"533","wfgD","Col0","4",3,1443,159.6666667,2.20321425878557,3.15926633109349,0.69738161582059,NA
"534","wfgD","Col0","4",6,1443,104.6666667,2.01980839349186,3.15926633109349,0.639328306579573,NA
"535","wfgD","Col0","4",2,1443,161.6666667,2.20862048397215,3.15926633109349,0.699092843877994,NA
"536","wfgD","Col0","4",7,1443,180.3333333,2.25607601030663,3.15926633109349,0.714113902997773,NA
"537","WT","Col0","4",6,469,78.66666667,1.89579074826885,2.67117284271508,0.709722230607096,NA
"538","WT","Col0","4",2,469,79.33333333,1.8994557023186,2.67117284271508,0.71109426988181,NA
"539","WT","Col0","4",3,469,91.66666667,1.96221143912639,2.67117284271508,0.734587971152,NA
"540","WT","Col0","4",4,469,747.3333333,2.87351435351992,2.67117284271508,1.07575006288218,NA
"541","WT","Col0","4",5,469,285,2.45484486000851,2.67117284271508,0.919013858164757,NA
"542","WT","Col0","4",1,469,113,2.05307844348342,2.67117284271508,0.768605614227715,NA
"543","buffer","Col0","5",1,58.3,103.3333333,2.01424043897452,1.76566855475901,1.1407806032143,0.229950804603957
"544","buffer","Col0","5",3,58.3,129,2.11058971029925,1.76566855475901,1.19534875592056,0.284518957310218
"545","buffer","Col0","5",2,58.3,124,2.09342168516224,1.76566855475901,1.18562551251186,0.274795713901516
"546","buffer","Col0","5",4,58.3,121.3333333,2.08398012881008,1.76566855475901,1.18027821427364,0.269448415663291
"547","buffer","Col0","5",5,58.3,117.3333333,2.06942140863509,1.76566855475901,1.17203277084896,0.261202972238616
"548","buffer","Col0","5",1,58.3,132.3333333,2.12166925193406,1.76566855475901,1.20162373975315,0.2907939411428
"549","buffer","Col0","5",5,58.3,112.3333333,2.05050864602281,1.76566855475901,1.16132138191851,0.250491583308169
"550","buffer","Col0","5",6,58.3,98,1.9912260756925,1.76566855475901,1.12774624111957,0.21691644250922
"551","buffer","Col0","5",2,58.3,108,2.03342375548695,1.76566855475901,1.15164522243218,0.240815423821833
"552","buffer","Col0","5",4,58.3,101.3333333,2.00575232874623,1.76566855475901,1.13597329653978,0.225143497929437
"553","buffer","Col0","5",3,58.3,99.66666667,1.99854993361929,1.76566855475901,1.13189416452629,0.221064365915941
"554","epsE","Col0","5",3,404.3,118.6666667,2.07432874337521,2.60670374133367,0.795766972089399,-0.115062826520947
"555","epsE","Col0","5",4,404.3,285.3333333,2.45535250990676,2.60670374133367,0.941937693560265,0.0311078949499191
"556","epsE","Col0","5",6,404.3,122.6666667,2.08872656407187,2.60670374133367,0.801290354155555,-0.109539444454791
"557","epsE","Col0","5",5,404.3,190.6666667,2.28027477414929,2.60670374133367,0.874773277067007,-0.0360565215433387
"558","epsE","Col0","5",3,404.3,2104.333333,3.3231145345389,2.60670374133367,1.27483399123779,0.364004192627448
"559","epsE","Col0","5",5,404.3,1329.666667,3.12374278169905,2.60670374133367,1.1983497518981,0.287519953287751
"560","epsE","Col0","5",4,404.3,100.6666667,2.00288568838129,2.60670374133367,0.768359540296878,-0.142470258313468
"561","epsE","Col0","5",1,404.3,120.6666667,2.08158731593347,2.60670374133367,0.798551551112773,-0.112278247497573
"562","epsE","Col0","5",2,404.3,294.3333333,2.46883944880872,2.60670374133367,0.947111637452741,0.0362818388423947
"563","epsE","Col0","5",1,404.3,169.3333333,2.22874245747877,2.60670374133367,0.855004127296211,-0.0558256713141355
"564","epsE","Col0","5",2,404.3,194.3333333,2.28854729996486,2.60670374133367,0.877946835183489,-0.0328829634268576
"565","OBC","Col0","5",8,212.7,129.6666667,2.11282834671769,2.32776748990273,0.907662967148828,-0.00316683146151864
"566","OBC","Col0","5",2,212.7,180.6666667,2.25687803189885,2.32776748990273,0.969546160296775,0.0587163616864289
"567","OBC","Col0","5",9,212.7,118.6666667,2.07432874337521,2.32776748990273,0.891123684978471,-0.0197061136318752
"568","OBC","Col0","5",5,212.7,118,2.07188200730613,2.32776748990273,0.89007257653242,-0.0207572220779263
"569","OBC","Col0","5",6,212.7,112.3333333,2.05050864602281,2.32776748990273,0.880890662369587,-0.0299391362407594
"570","OBC","Col0","5",3,212.7,124.3333333,2.09458757697259,2.32776748990273,0.89982680231526,-0.0110029962950858
"571","OBC","Col0","5",4,212.7,335.3333333,2.52547672595708,2.32776748990273,1.08493513072588,0.174105332115536
"572","OBC","Col0","5",7,212.7,107.3333333,2.03073461684129,2.32776748990273,0.872395815153408,-0.0384339834569378
"573","OBC","Col0","5",1,212.7,135.6666667,2.13247315461226,2.32776748990273,0.916102301394962,0.00527250278461588
"574","OBC","Col0","5",1,212.7,213.6666667,2.32973677486691,2.32776748990273,1.00084599727968,0.0900161986693311
"575","OBC","Col0","5",2,212.7,140,2.14612803567824,2.32776748990273,0.921968386012608,0.0111385874022616
"576","rmlC","Col0","5",1,279.2,208,2.31806333496276,2.44591541395112,0.947728331789761,0.036898533179415
"577","rmlC","Col0","5",2,279.2,322,2.50785587169583,2.44591541395112,1.02532403916808,0.114494240557733
"578","rmlC","Col0","5",5,279.2,253.6666667,2.40426340210798,2.44591541395112,0.982970788112472,0.0721409895021259
"579","rmlC","Col0","5",7,279.2,296,2.47129171105894,2.44591541395112,1.0103749692091,0.0995451705987576
"580","rmlC","Col0","5",4,279.2,196.6666667,2.29373075699609,2.44591541395112,0.937780081810273,0.0269502831999263
"581","rmlC","Col0","5",6,279.2,228,2.35793484700045,2.44591541395112,0.964029595443554,0.0531997968332076
"582","rmlC","Col0","5",4,279.2,498,2.69722934275972,2.44591541395112,1.10274841369212,0.191918615081778
"583","rmlC","Col0","5",1,279.2,227.6666667,2.35729944902546,2.44591541395112,0.963769816233131,0.0529400176227848
"584","rmlC","Col0","5",3,279.2,149,2.17318626841227,2.44591541395112,0.888496084540273,-0.0223337140700732
"585","rmlC","Col0","5",3,279.2,251.6666667,2.40082569696705,2.44591541395112,0.981565299958089,0.070735501347743
"586","rmlC","Col0","5",2,279.2,256.3333333,2.40880508502529,2.44591541395112,0.984827631931113,0.073997833320767
"587","spsA","Col0","5",4,785.7,334.3333333,2.52417967825746,2.8952567531449,0.871832757324764,-0.0389970412855826
"588","spsA","Col0","5",6,785.7,422.6666667,2.6259979988603,2.8952567531449,0.907000042745046,-0.00382975586530043
"589","spsA","Col0","5",1,785.7,146.6666667,2.16633142186523,2.8952567531449,0.748234649487341,-0.162595149123005
"590","spsA","Col0","5",8,785.7,178.6666667,2.25204353505413,2.8952567531449,0.777838971486004,-0.132990827124342
"591","spsA","Col0","5",5,785.7,113,2.05307844348342,2.8952567531449,0.709117918904193,-0.201711879706153
"592","spsA","Col0","5",3,785.7,112.6666667,2.05179544568648,2.8952567531449,0.708674781073483,-0.202155017536863
"593","spsA","Col0","5",2,785.7,130.3333333,2.11505550256513,2.8952567531449,0.730524330965711,-0.180305467644635
"594","spsA","Col0","5",2,785.7,126.3333333,2.10151795513382,2.8952567531449,0.725848563465435,-0.184981235144912
"595","spsA","Col0","5",1,785.7,118,2.07188200730613,2.8952567531449,0.715612529028937,-0.19521726958141
"596","spsA","Col0","5",7,785.7,171.6666667,2.23468597440586,2.8952567531449,0.771843800028612,-0.138985998581734
"597","spsA","Col0","5",3,785.7,130.6666667,2.11616481241158,2.8952567531449,0.73090747827907,-0.179922320331276
"598","tagG","Col0","5",5,688.3,164,2.2148438480477,2.83777776955373,0.780485305019499,-0.130344493590848
"599","tagG","Col0","5",3,688.3,154,2.18752072083646,2.83777776955373,0.7708569516282,-0.139972846982146
"600","tagG","Col0","5",8,688.3,123,2.0899051114394,2.83777776955373,0.736458342109028,-0.174371456501318
"601","tagG","Col0","5",1,688.3,146.3333333,2.16534326542353,2.83777776955373,0.763041873347274,-0.147787925263072
"602","tagG","Col0","5",1,688.3,169.3333333,2.22874245747877,2.83777776955373,0.785383013916997,-0.125446784693349
"603","tagG","Col0","5",10,688.3,199.3333333,2.29957992919612,2.83777776955373,0.810345318040092,-0.100484480570254
"604","tagG","Col0","5",9,688.3,122.6666667,2.08872656407187,2.83777776955373,0.736043035674475,-0.174786762935871
"605","tagG","Col0","5",4,688.3,278.6666667,2.4450850227713,2.83777776955373,0.861619626809542,-0.0492101718008038
"606","tagG","Col0","5",2,688.3,108.3333333,2.03476210612558,2.83777776955373,0.717026586068989,-0.193803212541357
"607","tagG","Col0","5",6,688.3,220.6666667,2.34373673478564,2.83777776955373,0.825905664612425,-0.0849241339979212
"608","tagG","Col0","5",7,688.3,889.6666667,2.94922731908412,2.83777776955373,1.03927352970557,0.128443731095227
"609","tagH","Col0","5",3,277.9,118,2.07188200730613,2.44388854677737,0.847780890023896,-0.0630489085864504
"610","tagH","Col0","5",3,277.9,135,2.13033376849501,2.44388854677737,0.871698413294733,-0.039131385315613
"611","tagH","Col0","5",1,277.9,649,2.81224469680037,2.44388854677737,1.15072542915622,0.239895630545877
"612","tagH","Col0","5",4,277.9,103.6666667,2.01563913444682,2.44388854677737,0.824767208432945,-0.0860625901774011
"613","tagH","Col0","5",2,277.9,280.3333333,2.44767474102661,2.44388854677737,1.00154924996651,0.0907194513561593
"614","tagH","Col0","5",2,277.9,391,2.59217675739587,2.44388854677737,1.06067715764454,0.149847359034193
"615","tagH","Col0","5",1,277.9,123.6666667,2.09225265501244,2.44388854677737,0.856116232375404,-0.0547135662349425
"616","tagH","Col0","5",5,277.9,117,2.06818586174616,2.44388854677737,0.846268486536905,-0.0645613120734415
"617","tagH","Col0","5",4,277.9,122,2.08635983067475,2.44388854677737,0.853704983161332,-0.0571248154490142
"618","tagH","Col0","5",5,277.9,122.3333333,2.08754480941409,2.44388854677737,0.854189857457627,-0.056639941152719
"619","tagH","Col0","5",6,277.9,127.6666667,2.10607751936235,2.44388854677737,0.861773145154073,-0.0490566534562729
"620","wfgD","Col0","5",3,2223.7,155.6666667,2.19219562593945,3.34707619606973,0.6549583868194,-0.255871411790946
"621","wfgD","Col0","5",4,2223.7,157,2.19589965240923,3.34707619606973,0.656065032217594,-0.254764766392752
"622","wfgD","Col0","5",7,2223.7,288,2.45939248775923,3.34707619606973,0.734788317830094,-0.176041480780252
"623","wfgD","Col0","5",6,2223.7,399.6666667,2.60169792841541,3.34707619606973,0.777304661145875,-0.133525137464472
"624","wfgD","Col0","5",1,2223.7,426.3333333,2.62974928972504,3.34707619606973,0.785685516455523,-0.125144282154823
"625","wfgD","Col0","5",3,2223.7,197.3333333,2.2952004519299,3.34707619606973,0.685732955414941,-0.225096843195405
"626","wfgD","Col0","5",2,2223.7,219.6666667,2.34176415994025,3.34707619606973,0.699644711611298,-0.211185086999048
"627","wfgD","Col0","5",1,2223.7,186.6666667,2.27106677236409,3.34707619606973,0.678522578909576,-0.23230721970077
"628","wfgD","Col0","5",5,2223.7,515,2.71180722904119,3.34707619606973,0.810201820987971,-0.100627977622375
"629","wfgD","Col0","5",2,2223.7,396.6666667,2.59842570670936,3.34707619606973,0.776327025288679,-0.134502773321667
"630","wfgD","Col0","5",4,2223.7,171.3333333,2.23384186419112,3.34707619606973,0.667400959325092,-0.243428839285254
"631","WT","Col0","5",2,279.2,137.3333333,2.13777596120806,2.44591541395112,0.874018761652393,-0.0368110369579534
"632","WT","Col0","5",5,279.2,686,2.83632411570675,2.44591541395112,1.15961659979278,0.248786801182434
"633","WT","Col0","5",2,279.2,320.3333333,2.50560213290369,2.44591541395112,1.02440260959644,0.113572810986095
"634","WT","Col0","5",1,279.2,269,2.42975228000241,2.44591541395112,0.99339178540005,0.0825619867897035
"635","WT","Col0","5",6,279.2,310.6666667,2.49229465768092,2.44591541395112,1.01896191645273,0.108132117842387
"636","WT","Col0","5",1,279.2,210,2.32221929473392,2.44591541395112,0.949427474674038,0.0385976760636917
"637","WT","Col0","5",3,279.2,305,2.48429983934679,2.44591541395112,1.01569327589038,0.104863477280032
"638","WT","Col0","5",3,279.2,471.3333333,2.6733281547105,2.44591541395112,1.09297653527275,0.1821467366624
"639","WT","Col0","5",4,279.2,142.6666667,2.15432251439498,2.44591541395112,0.880783735245732,-0.0300460633646146
"640","WT","Col0","5",4,279.2,575.3333333,2.75991953663437,2.44591541395112,1.12837897864015,0.217549180029803
"641","WT","Col0","5",5,279.2,169.6666667,2.22959652770242,2.44591541395112,0.911559130371045,0.000729331760698337
