"contrast","parameter","shapiro_p","levene_p","method","anova_p","welch_p","kruskal_p","p.adj","p.adj.signif","statistic","lwr","upr"
"rmlC-epsE","k",0.636688598287821,0.875953750872294,"Tukey",0.000412978429507288,0.00171540132447023,0.0184835472394796,0.0173313503589712,"*",0.359251020397371,0.0526422614433222,0.66585977935142
"spsA-epsE","k",0.636688598287821,0.875953750872294,"Tukey",0.000412978429507288,0.00171540132447023,0.0184835472394796,0.974793391104115,"NS",0.0761833129561428,-0.230425445997906,0.382792071910192
"tagG-epsE","k",0.636688598287821,0.875953750872294,"Tukey",0.000412978429507288,0.00171540132447023,0.0184835472394796,0.982050427874863,"NS",0.0710936376812614,-0.235515121272788,0.37770239663531
"tagH-epsE","k",0.636688598287821,0.875953750872294,"Tukey",0.000412978429507288,0.00171540132447023,0.0184835472394796,0.396787607797747,"NS",0.189598321309233,-0.117010437644817,0.496207080263282
"wfgD-epsE","k",0.636688598287821,0.875953750872294,"Tukey",0.000412978429507288,0.00171540132447023,0.0184835472394796,0.999999232121567,"NS",0.0121798906219916,-0.294428868332058,0.318788649576041
"WT-epsE","k",0.636688598287821,0.875953750872294,"Tukey",0.000412978429507288,0.00171540132447023,0.0184835472394796,0.00115429707939518,"**",0.495029586980974,0.188420828026925,0.801638345935024
"spsA-rmlC","k",0.636688598287821,0.875953750872294,"Tukey",0.000412978429507288,0.00171540132447023,0.0184835472394796,0.0792843881618798,"NS",-0.283067707441229,-0.589676466395278,0.0235410515128206
"tagG-rmlC","k",0.636688598287821,0.875953750872294,"Tukey",0.000412978429507288,0.00171540132447023,0.0184835472394796,0.0718399139210462,"NS",-0.28815738271611,-0.594766141670159,0.0184513762379391
"tagH-rmlC","k",0.636688598287821,0.875953750872294,"Tukey",0.000412978429507288,0.00171540132447023,0.0184835472394796,0.516840109115831,"NS",-0.169652699088139,-0.476261458042188,0.13695605986591
"wfgD-rmlC","k",0.636688598287821,0.875953750872294,"Tukey",0.000412978429507288,0.00171540132447023,0.0184835472394796,0.0221871002950038,"*",-0.34707112977538,-0.653679888729429,-0.0404623708213306
"WT-rmlC","k",0.636688598287821,0.875953750872294,"Tukey",0.000412978429507288,0.00171540132447023,0.0184835472394796,0.734123683227787,"NS",0.135778566583603,-0.170830192370446,0.442387325537652
"tagG-spsA","k",0.636688598287821,0.875953750872294,"Tukey",0.000412978429507288,0.00171540132447023,0.0184835472394796,0.999999995854131,"NS",-0.00508967527488147,-0.311698434228931,0.301519083679168
"tagH-spsA","k",0.636688598287821,0.875953750872294,"Tukey",0.000412978429507288,0.00171540132447023,0.0184835472394796,0.857389257681094,"NS",0.11341500835309,-0.193193750600959,0.420023767307139
"wfgD-spsA","k",0.636688598287821,0.875953750872294,"Tukey",0.000412978429507288,0.00171540132447023,0.0184835472394796,0.989458904642318,"NS",-0.0640034223341512,-0.3706121812882,0.242605336619898
"WT-spsA","k",0.636688598287821,0.875953750872294,"Tukey",0.000412978429507288,0.00171540132447023,0.0184835472394796,0.00518587838099216,"**",0.418846274024832,0.112237515070783,0.725455032978881
"tagH-tagG","k",0.636688598287821,0.875953750872294,"Tukey",0.000412978429507288,0.00171540132447023,0.0184835472394796,0.832205082033524,"NS",0.118504683627971,-0.188104075326078,0.42511344258202
"wfgD-tagG","k",0.636688598287821,0.875953750872294,"Tukey",0.000412978429507288,0.00171540132447023,0.0184835472394796,0.993156414505672,"NS",-0.0589137470592698,-0.365522506013319,0.247695011894779
"WT-tagG","k",0.636688598287821,0.875953750872294,"Tukey",0.000412978429507288,0.00171540132447023,0.0184835472394796,0.00468205320821158,"**",0.423935949299713,0.117327190345664,0.730544708253762
"wfgD-tagH","k",0.636688598287821,0.875953750872294,"Tukey",0.000412978429507288,0.00171540132447023,0.0184835472394796,0.468441410340036,"NS",-0.177418430687241,-0.48402718964129,0.129190328266808
"WT-tagH","k",0.636688598287821,0.875953750872294,"Tukey",0.000412978429507288,0.00171540132447023,0.0184835472394796,0.0511801839104983,"NS",0.305431265671742,-0.00117749328230721,0.612040024625791
"WT-wfgD","k",0.636688598287821,0.875953750872294,"Tukey",0.000412978429507288,0.00171540132447023,0.0184835472394796,0.00146110539011435,"**",0.482849696358983,0.176240937404934,0.789458455313032
"rmlC-epsE","n0",0.995703802033741,0.83095063676948,"Tukey",0.114841970382563,0.0592120681099911,0.184320673028485,0.955111772504757,"NS",-0.00603111274643775,-0.0275058346122396,0.015443609119364
"spsA-epsE","n0",0.995703802033741,0.83095063676948,"Tukey",0.114841970382563,0.0592120681099911,0.184320673028485,0.912620274377024,"NS",0.0070228702028802,-0.0144518516629216,0.028497592068682
"tagG-epsE","n0",0.995703802033741,0.83095063676948,"Tukey",0.114841970382563,0.0592120681099911,0.184320673028485,0.831654654245075,"NS",-0.00830750482452868,-0.0297822266903305,0.0131672170412731
"tagH-epsE","n0",0.995703802033741,0.83095063676948,"Tukey",0.114841970382563,0.0592120681099911,0.184320673028485,0.823306521471466,"NS",0.00841987265453928,-0.0130548492112625,0.0298945945203411
"wfgD-epsE","n0",0.995703802033741,0.83095063676948,"Tukey",0.114841970382563,0.0592120681099911,0.184320673028485,0.98826037565291,"NS",0.00457775561993525,-0.0168969662458665,0.026052477485737
"WT-epsE","n0",0.995703802033741,0.83095063676948,"Tukey",0.114841970382563,0.0592120681099911,0.184320673028485,0.999388353490922,"NS",-0.00266067747770783,-0.0241353993435096,0.018814044388094
"spsA-rmlC","n0",0.995703802033741,0.83095063676948,"Tukey",0.114841970382563,0.0592120681099911,0.184320673028485,0.415132530388129,"NS",0.013053982949318,-0.00842073891648385,0.0345287048151197
"tagG-rmlC","n0",0.995703802033741,0.83095063676948,"Tukey",0.114841970382563,0.0592120681099911,0.184320673028485,0.999749624074,"NS",-0.00227639207809093,-0.0237511139438927,0.0191983297877109
"tagH-rmlC","n0",0.995703802033741,0.83095063676948,"Tukey",0.114841970382563,0.0592120681099911,0.184320673028485,0.309298964523137,"NS",0.014450985400977,-0.00702373646482477,0.0359257072667788
"wfgD-rmlC","n0",0.995703802033741,0.83095063676948,"Tukey",0.114841970382563,0.0592120681099911,0.184320673028485,0.634417356944642,"NS",0.010608868366373,-0.0108658534994288,0.0320835902321748
"WT-rmlC","n0",0.995703802033741,0.83095063676948,"Tukey",0.114841970382563,0.0592120681099911,0.184320673028485,0.99770174807419,"NS",0.00337043526872992,-0.0181042865970719,0.0248451571345317
"tagG-spsA","n0",0.995703802033741,0.83095063676948,"Tukey",0.114841970382563,0.0592120681099911,0.184320673028485,0.252987299702937,"NS",-0.0153303750274089,-0.0368050968932107,0.00614434683839292
"tagH-spsA","n0",0.995703802033741,0.83095063676948,"Tukey",0.114841970382563,0.0592120681099911,0.184320673028485,0.999985602143282,"NS",0.00139700245165908,-0.0200777194141427,0.0228717243174609
"wfgD-spsA","n0",0.995703802033741,0.83095063676948,"Tukey",0.114841970382563,0.0592120681099911,0.184320673028485,0.999622349294041,"NS",-0.00244511458294495,-0.0239198364487467,0.0190296072828568
"WT-spsA","n0",0.995703802033741,0.83095063676948,"Tukey",0.114841970382563,0.0592120681099911,0.184320673028485,0.718817729067488,"NS",-0.00968354768058803,-0.0311582695463898,0.0117911741852138
"tagH-tagG","n0",0.995703802033741,0.83095063676948,"Tukey",0.114841970382563,0.0592120681099911,0.184320673028485,0.180083131634787,"NS",0.016727377479068,-0.00474734438673384,0.0382020993448697
"wfgD-tagG","n0",0.995703802033741,0.83095063676948,"Tukey",0.114841970382563,0.0592120681099911,0.184320673028485,0.429153957150325,"NS",0.0128852604444639,-0.00858946142133787,0.0343599823102657
"WT-tagG","n0",0.995703802033741,0.83095063676948,"Tukey",0.114841970382563,0.0592120681099911,0.184320673028485,0.966947051721711,"NS",0.00564682734682085,-0.015827894518981,0.0271215492126226
"wfgD-tagH","n0",0.995703802033741,0.83095063676948,"Tukey",0.114841970382563,0.0592120681099911,0.184320673028485,0.99531724024004,"NS",-0.00384211703460403,-0.0253168389004058,0.0176326048311978
"WT-tagH","n0",0.995703802033741,0.83095063676948,"Tukey",0.114841970382563,0.0592120681099911,0.184320673028485,0.590573984613987,"NS",-0.0110805501322471,-0.0325552719980489,0.0103941717335547
"WT-wfgD","n0",0.995703802033741,0.83095063676948,"Tukey",0.114841970382563,0.0592120681099911,0.184320673028485,0.901027102234921,"NS",-0.00723843309764308,-0.0287131549634449,0.0142362887681587
"rmlC-epsE","r",0.57658645859466,0.304332625306986,"Tukey",0.00118312818908665,0.00321385546097608,0.0293473615500162,0.397862041131637,"NS",0.125234221823679,-0.0774920941120745,0.327960537759432
"spsA-epsE","r",0.57658645859466,0.304332625306986,"Tukey",0.00118312818908665,0.00321385546097608,0.0293473615500162,0.284557970337756,"NS",-0.139920466398851,-0.342646782334604,0.062805849536902
"tagG-epsE","r",0.57658645859466,0.304332625306986,"Tukey",0.00118312818908665,0.00321385546097608,0.0293473615500162,0.49957896641578,"NS",0.113982927742754,-0.088743388192999,0.316709243678507
"tagH-epsE","r",0.57658645859466,0.304332625306986,"Tukey",0.00118312818908665,0.00321385546097608,0.0293473615500162,0.345549311101465,"NS",-0.131623845358867,-0.33435016129462,0.0711024705768857
"wfgD-epsE","r",0.57658645859466,0.304332625306986,"Tukey",0.00118312818908665,0.00321385546097608,0.0293473615500162,0.827149238532594,"NS",-0.0790001279838808,-0.281726443919634,0.123726187951872
"WT-epsE","r",0.57658645859466,0.304332625306986,"Tukey",0.00118312818908665,0.00321385546097608,0.0293473615500162,0.910596709540837,"NS",0.0666636002820369,-0.136062715653716,0.26938991621779
"spsA-rmlC","r",0.57658645859466,0.304332625306986,"Tukey",0.00118312818908665,0.00321385546097608,0.0293473615500162,0.0074275947900313,"**",-0.26515468822253,-0.467881004158283,-0.0624283722867766
"tagG-rmlC","r",0.57658645859466,0.304332625306986,"Tukey",0.00118312818908665,0.00321385546097608,0.0293473615500162,0.99999437988508,"NS",-0.0112512940809245,-0.213977610016678,0.191475021854829
"tagH-rmlC","r",0.57658645859466,0.304332625306986,"Tukey",0.00118312818908665,0.00321385546097608,0.0293473615500162,0.00957591187047013,"**",-0.256858067182546,-0.459584383118299,-0.0541317512467929
"wfgD-rmlC","r",0.57658645859466,0.304332625306986,"Tukey",0.00118312818908665,0.00321385546097608,0.0293473615500162,0.0477876189990034,"*",-0.204234349807559,-0.406960665743312,-0.00150803387180629
"WT-rmlC","r",0.57658645859466,0.304332625306986,"Tukey",0.00118312818908665,0.00321385546097608,0.0293473615500162,0.94895669907924,"NS",-0.0585706215416417,-0.261296937477395,0.144155694394111
"tagG-spsA","r",0.57658645859466,0.304332625306986,"Tukey",0.00118312818908665,0.00321385546097608,0.0293473615500162,0.0104842351988054,"*",0.253903394141605,0.0511770782058521,0.456629710077358
"tagH-spsA","r",0.57658645859466,0.304332625306986,"Tukey",0.00118312818908665,0.00321385546097608,0.0293473615500162,0.99999908285584,"NS",0.00829662103998369,-0.194429694895769,0.211022936975737
"wfgD-spsA","r",0.57658645859466,0.304332625306986,"Tukey",0.00118312818908665,0.00321385546097608,0.0293473615500162,0.939187932151281,"NS",0.0609203384149703,-0.141805977520783,0.263646654350723
"WT-spsA","r",0.57658645859466,0.304332625306986,"Tukey",0.00118312818908665,0.00321385546097608,0.0293473615500162,0.0445263971292386,"*",0.206584066680888,0.00385775074513492,0.409310382616641
"tagH-tagG","r",0.57658645859466,0.304332625306986,"Tukey",0.00118312818908665,0.00321385546097608,0.0293473615500162,0.0135255083053364,"*",-0.245606773101621,-0.448333089037374,-0.0428804571658684
"wfgD-tagG","r",0.57658645859466,0.304332625306986,"Tukey",0.00118312818908665,0.00321385546097608,0.0293473615500162,0.0668235037229791,"NS",-0.192983055726635,-0.395709371662388,0.00974326020911823
"WT-tagG","r",0.57658645859466,0.304332625306986,"Tukey",0.00118312818908665,0.00321385546097608,0.0293473615500162,0.98144853435344,"NS",-0.0473193274607172,-0.25004564339647,0.155406988475036
"wfgD-tagH","r",0.57658645859466,0.304332625306986,"Tukey",0.00118312818908665,0.00321385546097608,0.0293473615500162,0.96890765455035,"NS",0.0526237173749866,-0.150102598560766,0.25535003331074
"WT-tagH","r",0.57658645859466,0.304332625306986,"Tukey",0.00118312818908665,0.00321385546097608,0.0293473615500162,0.05709383181075,"NS",0.198287445640904,-0.00443887029484877,0.401013761576657
"WT-wfgD","r",0.57658645859466,0.304332625306986,"Tukey",0.00118312818908665,0.00321385546097608,0.0293473615500162,0.247118702987142,"NS",0.145663728265918,-0.0570625876698354,0.348390044201671
"rmlC-epsE","t_mid",0.0901594545644653,0.233825829266288,"Tukey",0.0478718372192133,0.198146084524032,0.034304403822867,0.994694908279709,"NS",-1.54320522676817,-9.96969816280516,6.88328770926882
"spsA-epsE","t_mid",0.0901594545644653,0.233825829266288,"Tukey",0.0478718372192133,0.198146084524032,0.034304403822867,0.342264631402097,"NS",5.48853877971663,-2.93795415632036,13.9150317157536
"tagG-epsE","t_mid",0.0901594545644653,0.233825829266288,"Tukey",0.0478718372192133,0.198146084524032,0.034304403822867,0.992862737621445,"NS",-1.63209028944085,-10.0585832254778,6.79440264659614
"tagH-epsE","t_mid",0.0901594545644653,0.233825829266288,"Tukey",0.0478718372192133,0.198146084524032,0.034304403822867,0.455110741530412,"NS",4.93627024164141,-3.49022269439557,13.3627631776784
"wfgD-epsE","t_mid",0.0901594545644653,0.233825829266288,"Tukey",0.0478718372192133,0.198146084524032,0.034304403822867,0.99970399953474,"NS",0.919582729480892,-7.5069102065561,9.34607566551788
"WT-epsE","t_mid",0.0901594545644653,0.233825829266288,"Tukey",0.0478718372192133,0.198146084524032,0.034304403822867,0.999958396013016,"NS",-0.656338881981732,-9.08283181801872,7.77015405405526
"spsA-rmlC","t_mid",0.0901594545644653,0.233825829266288,"Tukey",0.0478718372192133,0.198146084524032,0.034304403822867,0.132515839561586,"NS",7.03174400648479,-1.3947489295522,15.4582369425218
"tagG-rmlC","t_mid",0.0901594545644653,0.233825829266288,"Tukey",0.0478718372192133,0.198146084524032,0.034304403822867,0.9999999997266,"NS",-0.0888850626726807,-8.51537799870967,8.33760787336431
"tagH-rmlC","t_mid",0.0901594545644653,0.233825829266288,"Tukey",0.0478718372192133,0.198146084524032,0.034304403822867,0.190014162667421,"NS",6.47947546840958,-1.94701746762741,14.9059684044466
"wfgD-rmlC","t_mid",0.0901594545644653,0.233825829266288,"Tukey",0.0478718372192133,0.198146084524032,0.034304403822867,0.94624440090437,"NS",2.46278795624906,-5.96370497978793,10.889280892286
"WT-rmlC","t_mid",0.0901594545644653,0.233825829266288,"Tukey",0.0478718372192133,0.198146084524032,0.034304403822867,0.999759747808219,"NS",0.886866344786435,-7.53962659125055,9.31335928082342
"tagG-spsA","t_mid",0.0901594545644653,0.233825829266288,"Tukey",0.0478718372192133,0.198146084524032,0.034304403822867,0.124838646493244,"NS",-7.12062906915747,-15.5471220051945,1.30586386687951
"tagH-spsA","t_mid",0.0901594545644653,0.233825829266288,"Tukey",0.0478718372192133,0.198146084524032,0.034304403822867,0.999984954439304,"NS",-0.552268538075211,-8.9787614741122,7.87422439796178
"wfgD-spsA","t_mid",0.0901594545644653,0.233825829266288,"Tukey",0.0478718372192133,0.198146084524032,0.034304403822867,0.53855195363055,"NS",-4.56895605023573,-12.9954489862727,3.85753688580125
"WT-spsA","t_mid",0.0901594545644653,0.233825829266288,"Tukey",0.0478718372192133,0.198146084524032,0.034304403822867,0.233983689043583,"NS",-6.14487766169836,-14.5713705977353,2.28161527433863
"tagH-tagG","t_mid",0.0901594545644653,0.233825829266288,"Tukey",0.0478718372192133,0.198146084524032,0.034304403822867,0.179543597975026,"NS",6.56836053108226,-1.85813240495473,14.9948534671193
"wfgD-tagG","t_mid",0.0901594545644653,0.233825829266288,"Tukey",0.0478718372192133,0.198146084524032,0.034304403822867,0.937108257616876,"NS",2.55167301892174,-5.87481991711525,10.9781659549587
"WT-tagG","t_mid",0.0901594545644653,0.233825829266288,"Tukey",0.0478718372192133,0.198146084524032,0.034304403822867,0.99958408163843,"NS",0.975751407459116,-7.45074152857787,9.4022443434961
"wfgD-tagH","t_mid",0.0901594545644653,0.233825829266288,"Tukey",0.0478718372192133,0.198146084524032,0.034304403822867,0.668814912876237,"NS",-4.01668751216052,-12.4431804481975,4.40980542387647
"WT-tagH","t_mid",0.0901594545644653,0.233825829266288,"Tukey",0.0478718372192133,0.198146084524032,0.034304403822867,0.323130884315044,"NS",-5.59260912362315,-14.0191020596601,2.83388381241384
"WT-wfgD","t_mid",0.0901594545644653,0.233825829266288,"Tukey",0.0478718372192133,0.198146084524032,0.034304403822867,0.994068498438867,"NS",-1.57592161146262,-10.0024145474996,6.85057132457436
"rmlC-epsE","t_gen",0.230495976668378,0.385074903778239,"Tukey",0.0037788290009612,0.0243333019082845,0.0293473615500162,0.69468522806741,"NS",-0.816356920640521,-2.57779335604409,0.945079514763044
"spsA-epsE","t_gen",0.230495976668378,0.385074903778239,"Tukey",0.0037788290009612,0.0243333019082845,0.0293473615500162,0.28124141048608,"NS",1.21995059128051,-0.541485844123051,2.98138702668408
"tagG-epsE","t_gen",0.230495976668378,0.385074903778239,"Tukey",0.0037788290009612,0.0243333019082845,0.0293473615500162,0.765210945626703,"NS",-0.750324544756956,-2.51176098016052,1.01111189064661
"tagH-epsE","t_gen",0.230495976668378,0.385074903778239,"Tukey",0.0037788290009612,0.0243333019082845,0.0293473615500162,0.353318430175674,"NS",1.13508987375399,-0.626346561649579,2.89652630915755
"wfgD-epsE","t_gen",0.230495976668378,0.385074903778239,"Tukey",0.0037788290009612,0.0243333019082845,0.0293473615500162,0.988135280172619,"NS",0.37626301743585,-1.38517341796771,2.13769945283941
"WT-epsE","t_gen",0.230495976668378,0.385074903778239,"Tukey",0.0037788290009612,0.0243333019082845,0.0293473615500162,0.891173377128694,"NS",-0.607837998296587,-2.36927443370015,1.15359843710698
"spsA-rmlC","t_gen",0.230495976668378,0.385074903778239,"Tukey",0.0037788290009612,0.0243333019082845,0.0293473615500162,0.0191028286858269,"*",2.03630751192104,0.27487107651747,3.7977439473246
"tagG-rmlC","t_gen",0.230495976668378,0.385074903778239,"Tukey",0.0037788290009612,0.0243333019082845,0.0293473615500162,0.999999456650163,"NS",0.0660323758835653,-1.69540405952,1.82746881128713
"tagH-rmlC","t_gen",0.230495976668378,0.385074903778239,"Tukey",0.0037788290009612,0.0243333019082845,0.0293473615500162,0.0257645467919709,"*",1.95144679439451,0.190010358990942,3.71288322979807
"wfgD-rmlC","t_gen",0.230495976668378,0.385074903778239,"Tukey",0.0037788290009612,0.0243333019082845,0.0293473615500162,0.303229937638012,"NS",1.19261993807637,-0.568816497327194,2.95405637347994
"WT-rmlC","t_gen",0.230495976668378,0.385074903778239,"Tukey",0.0037788290009612,0.0243333019082845,0.0293473615500162,0.999528157610487,"NS",0.208518922343934,-1.55291751305963,1.9699553577475
"tagG-spsA","t_gen",0.230495976668378,0.385074903778239,"Tukey",0.0037788290009612,0.0243333019082845,0.0293473615500162,0.0241122964982674,"*",-1.97027513603747,-3.73171157144103,-0.208838700633905
"tagH-spsA","t_gen",0.230495976668378,0.385074903778239,"Tukey",0.0037788290009612,0.0243333019082845,0.0293473615500162,0.999997575968846,"NS",-0.0848607175265284,-1.84629715293009,1.67657571787704
"wfgD-spsA","t_gen",0.230495976668378,0.385074903778239,"Tukey",0.0037788290009612,0.0243333019082845,0.0293473615500162,0.664270024379033,"NS",-0.843687573844664,-2.60512400924823,0.9177488615589
"WT-spsA","t_gen",0.230495976668378,0.385074903778239,"Tukey",0.0037788290009612,0.0243333019082845,0.0293473615500162,0.039726245747181,"*",-1.8277885895771,-3.58922502498067,-0.0663521541735363
"tagH-tagG","t_gen",0.230495976668378,0.385074903778239,"Tukey",0.0037788290009612,0.0243333019082845,0.0293473615500162,0.032485623673333,"*",1.88541441851094,0.123977983107377,3.64685085391451
"wfgD-tagG","t_gen",0.230495976668378,0.385074903778239,"Tukey",0.0037788290009612,0.0243333019082845,0.0293473615500162,0.361147116010456,"NS",1.12658756219281,-0.634848873210759,2.88802399759637
"WT-tagG","t_gen",0.230495976668378,0.385074903778239,"Tukey",0.0037788290009612,0.0243333019082845,0.0293473615500162,0.999948059813582,"NS",0.142486546460369,-1.6189498889432,1.90392298186393
"wfgD-tagH","t_gen",0.230495976668378,0.385074903778239,"Tukey",0.0037788290009612,0.0243333019082845,0.0293473615500162,0.756440809813979,"NS",-0.758826856318136,-2.5202632917217,1.00260957908543
"WT-tagH","t_gen",0.230495976668378,0.385074903778239,"Tukey",0.0037788290009612,0.0243333019082845,0.0293473615500162,0.053292516796083,"NS",-1.74292787205057,-3.50436430745414,0.018508563352992
"WT-wfgD","t_gen",0.230495976668378,0.385074903778239,"Tukey",0.0037788290009612,0.0243333019082845,0.0293473615500162,0.506432743265941,"NS",-0.984101015732437,-2.745537451136,0.777335419671128
"rmlC-epsE","auc_e",0.56359873358297,0.334233888044035,"Tukey",1.23453997144783e-05,0.000105511865218831,0.0228622830669016,0.00158156757085459,"**",5.96280416666668,2.14423039813355,9.7813779351998
"spsA-epsE","auc_e",0.56359873358297,0.334233888044035,"Tukey",1.23453997144783e-05,0.000105511865218831,0.0228622830669016,0.989134476133113,"NS",-0.801820833333331,-4.62039460186646,3.0167529351998
"tagG-epsE","auc_e",0.56359873358297,0.334233888044035,"Tukey",1.23453997144783e-05,0.000105511865218831,0.0228622830669016,0.582072303260345,"NS",1.98659270833333,-1.83198106019979,5.80516647686646
"tagH-epsE","auc_e",0.56359873358297,0.334233888044035,"Tukey",1.23453997144783e-05,0.000105511865218831,0.0228622830669016,0.999999923912231,"NS",-0.103032291666665,-3.92160606019979,3.71554147686646
"wfgD-epsE","auc_e",0.56359873358297,0.334233888044035,"Tukey",1.23453997144783e-05,0.000105511865218831,0.0228622830669016,0.999996908064058,"NS",-0.191649999999997,-4.01022376853313,3.62692376853313
"WT-epsE","auc_e",0.56359873358297,0.334233888044035,"Tukey",1.23453997144783e-05,0.000105511865218831,0.0228622830669016,0.000303022921946283,"***",7.052434375,3.23386060646688,10.8710081435331
"spsA-rmlC","auc_e",0.56359873358297,0.334233888044035,"Tukey",1.23453997144783e-05,0.000105511865218831,0.0228622830669016,0.0004638914727364,"***",-6.76462500000001,-10.5831987685331,-2.94605123146688
"tagG-rmlC","auc_e",0.56359873358297,0.334233888044035,"Tukey",1.23453997144783e-05,0.000105511865218831,0.0228622830669016,0.0388556319595336,"*",-3.97621145833334,-7.79478522686647,-0.157637689800217
"tagH-rmlC","auc_e",0.56359873358297,0.334233888044035,"Tukey",1.23453997144783e-05,0.000105511865218831,0.0228622830669016,0.00134673385151973,"**",-6.06583645833334,-9.88441022686647,-2.24726268980021
"wfgD-rmlC","auc_e",0.56359873358297,0.334233888044035,"Tukey",1.23453997144783e-05,0.000105511865218831,0.0228622830669016,0.00117367355125142,"**",-6.15445416666667,-9.9730279351998,-2.33588039813355
"WT-rmlC","auc_e",0.56359873358297,0.334233888044035,"Tukey",1.23453997144783e-05,0.000105511865218831,0.0228622830669016,0.951740707456113,"NS",1.08963020833333,-2.7289435601998,4.90820397686645
"tagG-spsA","auc_e",0.56359873358297,0.334233888044035,"Tukey",1.23453997144783e-05,0.000105511865218831,0.0228622830669016,0.23279645568298,"NS",2.78841354166666,-1.03016022686646,6.60698731019979
"tagH-spsA","auc_e",0.56359873358297,0.334233888044035,"Tukey",1.23453997144783e-05,0.000105511865218831,0.0228622830669016,0.994716510734497,"NS",0.698788541666667,-3.11978522686646,4.51736231019979
"wfgD-spsA","auc_e",0.56359873358297,0.334233888044035,"Tukey",1.23453997144783e-05,0.000105511865218831,0.0228622830669016,0.99746374878495,"NS",0.610170833333334,-3.20840293519979,4.42874460186646
"WT-spsA","auc_e",0.56359873358297,0.334233888044035,"Tukey",1.23453997144783e-05,0.000105511865218831,0.0228622830669016,9.65112445920902e-05,"***",7.85425520833334,4.03568143980021,11.6728289768665
"tagH-tagG","auc_e",0.56359873358297,0.334233888044035,"Tukey",1.23453997144783e-05,0.000105511865218831,0.0228622830669016,0.528721203815656,"NS",-2.089625,-5.90819876853313,1.72894876853313
"wfgD-tagG","auc_e",0.56359873358297,0.334233888044035,"Tukey",1.23453997144783e-05,0.000105511865218831,0.0228622830669016,0.4839423231552,"NS",-2.17824270833333,-5.99681647686646,1.6403310601998
"WT-tagG","auc_e",0.56359873358297,0.334233888044035,"Tukey",1.23453997144783e-05,0.000105511865218831,0.0228622830669016,0.0066157822570021,"**",5.06584166666667,1.24726789813354,8.8844154351998
"wfgD-tagH","auc_e",0.56359873358297,0.334233888044035,"Tukey",1.23453997144783e-05,0.000105511865218831,0.0228622830669016,0.99999996913421,"NS",-0.0886177083333326,-3.90719147686646,3.72995606019979
"WT-tagH","auc_e",0.56359873358297,0.334233888044035,"Tukey",1.23453997144783e-05,0.000105511865218831,0.0228622830669016,0.000260679786261764,"***",7.15546666666667,3.33689289813354,10.9740404351998
"WT-wfgD","auc_e",0.56359873358297,0.334233888044035,"Tukey",1.23453997144783e-05,0.000105511865218831,0.0228622830669016,0.000229213956037033,"***",7.244084375,3.42551060646687,11.0626581435331
"rmlC-epsE","auc_l",0.561199806567741,0.334786452049996,"Tukey",1.24074837144446e-05,0.000100776982739432,0.0228622830669016,0.00153750790744056,"**",6.05184715771223,2.18796021883872,9.91573409658574
"spsA-epsE","auc_l",0.561199806567741,0.334786452049996,"Tukey",1.24074837144446e-05,0.000100776982739432,0.0228622830669016,0.991102996436067,"NS",-0.780580853707171,-4.64446779258068,3.08330608516634
"tagG-epsE","auc_l",0.561199806567741,0.334786452049996,"Tukey",1.24074837144446e-05,0.000100776982739432,0.0228622830669016,0.603530994898754,"NS",1.96861468635588,-1.89527225251763,5.83250162522939
"tagH-epsE","auc_l",0.561199806567741,0.334786452049996,"Tukey",1.24074837144446e-05,0.000100776982739432,0.0228622830669016,0.999999996036496,"NS",-0.0636606009601248,-3.92754753983363,3.80022633791338
"wfgD-epsE","auc_l",0.561199806567741,0.334786452049996,"Tukey",1.24074837144446e-05,0.000100776982739432,0.0228622830669016,0.999998992960719,"NS",-0.160629334209041,-4.02451627308255,3.70325760466447
"WT-epsE","auc_l",0.561199806567741,0.334786452049996,"Tukey",1.24074837144446e-05,0.000100776982739432,0.0228622830669016,0.000291031365639571,"***",7.16402017055923,3.30013323168572,11.0279071094327
"spsA-rmlC","auc_l",0.561199806567741,0.334786452049996,"Tukey",1.24074837144446e-05,0.000100776982739432,0.0228622830669016,0.000472510427020234,"***",-6.8324280114194,-10.6963149502929,-2.96854107254589
"tagG-rmlC","auc_l",0.561199806567741,0.334786452049996,"Tukey",1.24074837144446e-05,0.000100776982739432,0.0228622830669016,0.0353283745188617,"*",-4.08323247135635,-7.94711941022986,-0.219345532482836
"tagH-rmlC","auc_l",0.561199806567741,0.334786452049996,"Tukey",1.24074837144446e-05,0.000100776982739432,0.0228622830669016,0.00139375839212319,"**",-6.11550775867235,-9.97939469754586,-2.25162081979884
"wfgD-rmlC","auc_l",0.561199806567741,0.334786452049996,"Tukey",1.24074837144446e-05,0.000100776982739432,0.0228622830669016,0.00120095341095228,"**",-6.21247649192127,-10.0763634307948,-2.34858955304776
"WT-rmlC","auc_l",0.561199806567741,0.334786452049996,"Tukey",1.24074837144446e-05,0.000100776982739432,0.0228622830669016,0.949808544829107,"NS",1.11217301284701,-2.7517139260265,4.97605995172052
"tagG-spsA","auc_l",0.561199806567741,0.334786452049996,"Tukey",1.24074837144446e-05,0.000100776982739432,0.0228622830669016,0.256022288217465,"NS",2.74919554006305,-1.11469139881046,6.61308247893656
"tagH-spsA","auc_l",0.561199806567741,0.334786452049996,"Tukey",1.24074837144446e-05,0.000100776982739432,0.0228622830669016,0.994312982040669,"NS",0.716920252747046,-3.14696668612646,4.58080719162056
"wfgD-spsA","auc_l",0.561199806567741,0.334786452049996,"Tukey",1.24074837144446e-05,0.000100776982739432,0.0228622830669016,0.997406022113313,"NS",0.61995151949813,-3.24393541937538,4.48383845837164
"WT-spsA","auc_l",0.561199806567741,0.334786452049996,"Tukey",1.24074837144446e-05,0.000100776982739432,0.0228622830669016,9.6890222825996e-05,"***",7.9446010242664,4.0807140853929,11.8084879631399
"tagH-tagG","auc_l",0.561199806567741,0.334786452049996,"Tukey",1.24074837144446e-05,0.000100776982739432,0.0228622830669016,0.570683443178716,"NS",-2.03227528731601,-5.89616222618952,1.8316116515575
"wfgD-tagG","auc_l",0.561199806567741,0.334786452049996,"Tukey",1.24074837144446e-05,0.000100776982739432,0.0228622830669016,0.521232012590614,"NS",-2.12924402056492,-5.99313095943843,1.73464291830859
"WT-tagG","auc_l",0.561199806567741,0.334786452049996,"Tukey",1.24074837144446e-05,0.000100776982739432,0.0228622830669016,0.00591992332387603,"**",5.19540548420335,1.33151854532984,9.05929242307686
"wfgD-tagH","auc_l",0.561199806567741,0.334786452049996,"Tukey",1.24074837144446e-05,0.000100776982739432,0.0228622830669016,0.999999950684716,"NS",-0.0969687332489162,-3.96085567212243,3.76691820562459
"WT-tagH","auc_l",0.561199806567741,0.334786452049996,"Tukey",1.24074837144446e-05,0.000100776982739432,0.0228622830669016,0.000265487576652568,"***",7.22768077151936,3.36379383264585,11.0915677103929
"WT-wfgD","auc_l",0.561199806567741,0.334786452049996,"Tukey",1.24074837144446e-05,0.000100776982739432,0.0228622830669016,0.000230990506130957,"***",7.32464950476827,3.46076256589476,11.1885364436418
